{"type": "FeatureCollection", "features": [{"type": "Feature", "id": "050803", "properties": {"IDDIST": "050803", "IDPROV": "0508", "IDDPTO": "05", "NOMBDIST": "CORCULLA", "NOMBPROV": "PAUCAR DEL SARA SARA", "NOMBDEP": "AYACUCHO"}, "geometry": {"type": "Polygon", "coordinates": [[[-73.14696, -15.25778], [-73.17213, -15.30608], [-73.17455, -15.30661], [-73.24593, -15.28609], [-73.28492, -15.29494], [-73.28093, -15.26115], [-73.25778, -15.21788], [-73.17511, -15.23498], [-73.14696, -15.25778]]]}}, {"type": "Feature", "id": "050810", "properties": {"IDDIST": "050810", "IDPROV": "0508", "IDDPTO": "05", "NOMBDIST": "SARA SARA", "NOMBPROV": "PAUCAR DEL SARA SARA", "NOMBDEP": "AYACUCHO"}, "geometry": {"type": "Polygon", "coordinates": [[[-73.5119, -15.22475], [-73.47832, -15.2167], [-73.40089, -15.25195], [-73.39791, -15.27646], [-73.44854, -15.3189], [-73.50212, -15.27287], [-73.53229, -15.21788], [-73.5119, -15.22475]]]}}, {"type": "Feature", "id": "050801", "properties": {"IDDIST": "050801", "IDPROV": "0508", "IDDPTO": "05", "NOMBDIST": "PAUSA", "NOMBPROV": "PAUCAR DEL SARA SARA", "NOMBDEP": "AYACUCHO"}, "geometry": {"type": "Polygon", "coordinates": [[[-73.32368, -15.25071], [-73.28093, -15.26115], [-73.28492, -15.29494], [-73.28365, -15.38039], [-73.2748, -15.39295], [-73.33628, -15.40515], [-73.39217, -15.39874], [-73.4411, -15.35572], [-73.44854, -15.3189], [-73.39791, -15.27646], [-73.40089, -15.25195], [-73.39947, -15.21276], [-73.32368, -15.25071]]]}}, {"type": "Feature", "id": "050809", "properties": {"IDDIST": "050809", "IDPROV": "0508", "IDDPTO": "05", "NOMBDIST": "SAN JOSE DE USHUA", "NOMBPROV": "PAUCAR DEL SARA SARA", "NOMBDEP": "AYACUCHO"}, "geometry": {"type": "Polygon", "coordinates": [[[-73.13168, -15.24079], [-73.14696, -15.25778], [-73.17511, -15.23498], [-73.25778, -15.21788], [-73.23738, -15.20858], [-73.21846, -15.19793], [-73.13168, -15.24079]]]}}, {"type": "Feature", "id": "050807", "properties": {"IDDIST": "050807", "IDPROV": "0508", "IDDPTO": "05", "NOMBDIST": "PARARCA", "NOMBPROV": "PAUCAR DEL SARA SARA", "NOMBDEP": "AYACUCHO"}, "geometry": {"type": "Polygon", "coordinates": [[[-73.39947, -15.21276], [-73.40089, -15.25195], [-73.47832, -15.2167], [-73.5119, -15.22475], [-73.50356, -15.1826], [-73.45619, -15.17373], [-73.39947, -15.21276]]]}}, {"type": "Feature", "id": "050705", "properties": {"IDDIST": "050705", "IDPROV": "0507", "IDDPTO": "05", "NOMBDIST": "PULLO", "NOMBPROV": "PARINACOCHAS", "NOMBDEP": "AYACUCHO"}, "geometry": {"type": "Polygon", "coordinates": [[[-73.86247, -15.132], [-73.73887, -15.21107], [-73.74017, -15.26598], [-73.73904, -15.30791], [-73.69579, -15.32368], [-73.70713, -15.35837], [-73.68806, -15.43718], [-73.75887, -15.38527], [-73.80799, -15.32427], [-73.86005, -15.32612], [-73.87486, -15.35507], [-73.87656, -15.43915], [-73.91251, -15.45625], [-73.96107, -15.52392], [-74.00943, -15.56804], [-74.01939, -15.59917], [-74.06865, -15.62989], [-74.08493, -15.59154], [-74.03729, -15.45608], [-74.05373, -15.41773], [-74.09452, -15.392], [-74.15126, -15.42875], [-74.16647, -15.48396], [-74.19374, -15.49166], [-74.24118, -15.48104], [-74.25638, -15.4021], [-74.20115, -15.32105], [-74.22417, -15.23605], [-74.1807, -15.22359], [-74.11212, -15.23945], [-74.06499, -15.22594], [-74.01581, -15.1764], [-73.96824, -15.14605], [-73.90029, -15.1292], [-73.86247, -15.132]]]}}, {"type": "Feature", "id": "050706", "properties": {"IDDIST": "050706", "IDPROV": "0507", "IDDPTO": "05", "NOMBDIST": "PUYUSCA", "NOMBPROV": "PARINACOCHAS", "NOMBDEP": "AYACUCHO"}, "geometry": {"type": "Polygon", "coordinates": [[[-73.55305, -15.12241], [-73.53229, -15.21788], [-73.50212, -15.27287], [-73.44854, -15.3189], [-73.4411, -15.35572], [-73.5574, -15.40861], [-73.62351, -15.42111], [-73.68806, -15.43718], [-73.70713, -15.35837], [-73.69579, -15.32368], [-73.65957, -15.31874], [-73.64716, -15.27713], [-73.69608, -15.24924], [-73.74017, -15.26598], [-73.73887, -15.21107], [-73.69634, -15.20371], [-73.66203, -15.12576], [-73.55305, -15.12241]]]}}, {"type": "Feature", "id": "050804", "properties": {"IDDIST": "050804", "IDPROV": "0508", "IDDPTO": "05", "NOMBDIST": "LAMPA", "NOMBPROV": "PAUCAR DEL SARA SARA", "NOMBDEP": "AYACUCHO"}, "geometry": {"type": "Polygon", "coordinates": [[[-73.45806, -15.0394], [-73.43958, -15.06239], [-73.4276, -15.12267], [-73.33871, -15.1556], [-73.32368, -15.25071], [-73.39947, -15.21276], [-73.45619, -15.17373], [-73.50356, -15.1826], [-73.5119, -15.22475], [-73.53229, -15.21788], [-73.55305, -15.12241], [-73.54354, -15.09226], [-73.54528, -15.05566], [-73.4856, -15.06058], [-73.45806, -15.0394]]]}}, {"type": "Feature", "id": "050805", "properties": {"IDDIST": "050805", "IDPROV": "0508", "IDDPTO": "05", "NOMBDIST": "MARCABAMBA", "NOMBPROV": "PAUCAR DEL SARA SARA", "NOMBDEP": "AYACUCHO"}, "geometry": {"type": "Polygon", "coordinates": [[[-73.33008, -15.1256], [-73.33871, -15.1556], [-73.4276, -15.12267], [-73.43958, -15.06239], [-73.33164, -15.02962], [-73.33008, -15.1256]]]}}, {"type": "Feature", "id": "050802", "properties": {"IDDIST": "050802", "IDPROV": "0508", "IDDPTO": "05", "NOMBDIST": "COLTA", "NOMBPROV": "PAUCAR DEL SARA SARA", "NOMBDEP": "AYACUCHO"}, "geometry": {"type": "Polygon", "coordinates": [[[-73.23738, -15.20858], [-73.25778, -15.21788], [-73.28093, -15.26115], [-73.32368, -15.25071], [-73.33871, -15.1556], [-73.33008, -15.1256], [-73.26966, -15.11193], [-73.25165, -15.0306], [-73.15773, -15.01384], [-73.15461, -15.05286], [-73.18242, -15.07589], [-73.19692, -15.15285], [-73.22541, -15.14049], [-73.23738, -15.20858]]]}}, {"type": "Feature", "id": "050702", "properties": {"IDDIST": "050702", "IDPROV": "0507", "IDDPTO": "05", "NOMBDIST": "CHUMPI", "NOMBPROV": "PARINACOCHAS", "NOMBDEP": "AYACUCHO"}, "geometry": {"type": "Polygon", "coordinates": [[[-73.54354, -15.09226], [-73.55305, -15.12241], [-73.66203, -15.12576], [-73.69634, -15.20371], [-73.73887, -15.21107], [-73.86247, -15.132], [-73.80173, -15.08568], [-73.77523, -15.09501], [-73.69919, -14.9946], [-73.66791, -14.99372], [-73.65647, -15.04609], [-73.58628, -15.04224], [-73.54354, -15.09226]]]}}, {"type": "Feature", "id": "050808", "properties": {"IDDIST": "050808", "IDPROV": "0508", "IDDPTO": "05", "NOMBDIST": "SAN JAVIER DE ALPABAMBA", "NOMBPROV": "PAUCAR DEL SARA SARA", "NOMBDEP": "AYACUCHO"}, "geometry": {"type": "Polygon", "coordinates": [[[-73.26387, -14.97605], [-73.25165, -15.0306], [-73.26966, -15.11193], [-73.33008, -15.1256], [-73.33164, -15.02962], [-73.34245, -15.00355], [-73.26387, -14.97605]]]}}, {"type": "Feature", "id": "050707", "properties": {"IDDIST": "050707", "IDPROV": "0507", "IDDPTO": "05", "NOMBDIST": "SAN FRANCISCO DE RAVACAYCO", "NOMBPROV": "PARINACOCHAS", "NOMBDEP": "AYACUCHO"}, "geometry": {"type": "Polygon", "coordinates": [[[-73.26387, -14.97605], [-73.34245, -15.00355], [-73.33164, -15.02962], [-73.43958, -15.06239], [-73.45806, -15.0394], [-73.38037, -14.98461], [-73.31253, -14.96551], [-73.26267, -14.92008], [-73.26387, -14.97605]]]}}, {"type": "Feature", "id": "050704", "properties": {"IDDIST": "050704", "IDPROV": "0507", "IDDPTO": "05", "NOMBDIST": "PACAPAUSA", "NOMBPROV": "PARINACOCHAS", "NOMBDEP": "AYACUCHO"}, "geometry": {"type": "Polygon", "coordinates": [[[-73.2542, -14.89953], [-73.26267, -14.92008], [-73.31253, -14.96551], [-73.38037, -14.98461], [-73.45806, -15.0394], [-73.45799, -14.99359], [-73.42204, -14.97182], [-73.38189, -14.91345], [-73.34006, -14.89243], [-73.2542, -14.89953]]]}}, {"type": "Feature", "id": "050619", "properties": {"IDDIST": "050619", "IDPROV": "0506", "IDDPTO": "05", "NOMBDIST": "SANCOS", "NOMBPROV": "LUCANAS", "NOMBDEP": "AYACUCHO"}, "geometry": {"type": "Polygon", "coordinates": [[[-73.99686, -14.93965], [-73.9397, -14.9581], [-73.92641, -15.0446], [-73.90029, -15.1292], [-73.96824, -15.14605], [-74.01581, -15.1764], [-74.06499, -15.22594], [-74.11212, -15.23945], [-74.1807, -15.22359], [-74.22417, -15.23605], [-74.20115, -15.32105], [-74.25638, -15.4021], [-74.24118, -15.48104], [-74.30012, -15.47839], [-74.32843, -15.39099], [-74.30972, -15.35894], [-74.37785, -15.33188], [-74.41295, -15.30162], [-74.38788, -15.25178], [-74.39278, -15.19743], [-74.33928, -15.17608], [-74.33303, -15.15142], [-74.2563, -15.11435], [-74.24305, -15.04908], [-74.18288, -15.00737], [-74.17066, -14.955], [-74.14389, -14.92153], [-74.07774, -14.91062], [-73.99686, -14.93965]]]}}, {"type": "Feature", "id": "050806", "properties": {"IDDIST": "050806", "IDPROV": "0508", "IDDPTO": "05", "NOMBDIST": "OYOLO", "NOMBPROV": "PAUCAR DEL SARA SARA", "NOMBDEP": "AYACUCHO"}, "geometry": {"type": "Polygon", "coordinates": [[[-73.01421, -14.85571], [-73.03146, -14.90005], [-72.98666, -14.9561], [-73.00535, -15.00932], [-73.00424, -15.06413], [-73.03595, -15.1337], [-73.11075, -15.18611], [-73.13168, -15.24079], [-73.21846, -15.19793], [-73.23738, -15.20858], [-73.22541, -15.14049], [-73.19692, -15.15285], [-73.18242, -15.07589], [-73.15461, -15.05286], [-73.15773, -15.01384], [-73.25165, -15.0306], [-73.26387, -14.97605], [-73.26267, -14.92008], [-73.2542, -14.89953], [-73.16442, -14.91224], [-73.09461, -14.84332], [-73.06119, -14.82553], [-73.01421, -14.85571]]]}}, {"type": "Feature", "id": "050614", "properties": {"IDDIST": "050614", "IDPROV": "0506", "IDDPTO": "05", "NOMBDIST": "SAISA", "NOMBPROV": "LUCANAS", "NOMBDEP": "AYACUCHO"}, "geometry": {"type": "Polygon", "coordinates": [[[-74.23509, -14.96086], [-74.27702, -15.01064], [-74.34452, -15.06722], [-74.39321, -15.06004], [-74.47811, -15.11345], [-74.53276, -15.04225], [-74.45151, -14.95676], [-74.42444, -14.88806], [-74.36183, -14.79745], [-74.36755, -14.77436], [-74.28911, -14.80298], [-74.29581, -14.84778], [-74.26562, -14.93373], [-74.23509, -14.96086]]]}}, {"type": "Feature", "id": "050605", "properties": {"IDDIST": "050605", "IDPROV": "0506", "IDDPTO": "05", "NOMBDIST": "CHAVIÑA", "NOMBPROV": "LUCANAS", "NOMBDEP": "AYACUCHO"}, "geometry": {"type": "Polygon", "coordinates": [[[-73.80173, -15.08568], [-73.86247, -15.132], [-73.90029, -15.1292], [-73.92641, -15.0446], [-73.9397, -14.9581], [-73.99686, -14.93965], [-73.95321, -14.91142], [-73.93974, -14.85786], [-73.91053, -14.79371], [-73.87057, -14.76715], [-73.89366, -14.81104], [-73.89756, -14.85708], [-73.84246, -14.92114], [-73.81631, -14.97568], [-73.80173, -15.08568]]]}}, {"type": "Feature", "id": "050617", "properties": {"IDDIST": "050617", "IDPROV": "0506", "IDDPTO": "05", "NOMBDIST": "SAN PEDRO", "NOMBPROV": "LUCANAS", "NOMBDEP": "AYACUCHO"}, "geometry": {"type": "Polygon", "coordinates": [[[-73.93974, -14.85786], [-73.95321, -14.91142], [-73.99686, -14.93965], [-74.07774, -14.91062], [-74.14389, -14.92153], [-74.17066, -14.955], [-74.18288, -15.00737], [-74.24305, -15.04908], [-74.2563, -15.11435], [-74.33303, -15.15142], [-74.33928, -15.17608], [-74.39278, -15.19743], [-74.41833, -15.16903], [-74.50183, -15.16057], [-74.47811, -15.11345], [-74.39321, -15.06004], [-74.34452, -15.06722], [-74.27702, -15.01064], [-74.23509, -14.96086], [-74.1875, -14.87026], [-74.14873, -14.81775], [-74.16092, -14.77051], [-74.12385, -14.73377], [-74.06939, -14.78357], [-73.98047, -14.81817], [-73.93974, -14.85786]]]}}, {"type": "Feature", "id": "050708", "properties": {"IDDIST": "050708", "IDPROV": "0507", "IDDPTO": "05", "NOMBDIST": "UPAHUACHO", "NOMBPROV": "PARINACOCHAS", "NOMBDEP": "AYACUCHO"}, "geometry": {"type": "Polygon", "coordinates": [[[-73.56528, -14.77583], [-73.48503, -14.84257], [-73.41628, -14.77131], [-73.40405, -14.85104], [-73.41948, -14.8739], [-73.38189, -14.91345], [-73.42204, -14.97182], [-73.45799, -14.99359], [-73.45806, -15.0394], [-73.4856, -15.06058], [-73.54528, -15.05566], [-73.54808, -14.96264], [-73.58865, -14.92304], [-73.5919, -14.89141], [-73.64184, -14.8638], [-73.64478, -14.83267], [-73.71468, -14.78847], [-73.72528, -14.7493], [-73.67836, -14.72909], [-73.60692, -14.79003], [-73.56528, -14.77583]]]}}, {"type": "Feature", "id": "050621", "properties": {"IDDIST": "050621", "IDPROV": "0506", "IDDPTO": "05", "NOMBDIST": "SANTA LUCIA", "NOMBPROV": "LUCANAS", "NOMBDEP": "AYACUCHO"}, "geometry": {"type": "Polygon", "coordinates": [[[-74.38958, -14.73262], [-74.36755, -14.77436], [-74.36183, -14.79745], [-74.42444, -14.88806], [-74.45151, -14.95676], [-74.53276, -15.04225], [-74.47811, -15.11345], [-74.50183, -15.16057], [-74.55252, -15.13994], [-74.60597, -15.1485], [-74.7186, -15.13566], [-74.7623, -15.09805], [-74.66427, -15.0447], [-74.66569, -14.9979], [-74.65939, -14.97034], [-74.68548, -14.92947], [-74.67395, -14.87869], [-74.605, -14.81654], [-74.45723, -14.70248], [-74.41742, -14.67913], [-74.38958, -14.73262]]]}}, {"type": "Feature", "id": "050615", "properties": {"IDDIST": "050615", "IDPROV": "0506", "IDDPTO": "05", "NOMBDIST": "SAN CRISTOBAL", "NOMBPROV": "LUCANAS", "NOMBDEP": "AYACUCHO"}, "geometry": {"type": "Polygon", "coordinates": [[[-74.1887, -14.70587], [-74.17538, -14.71529], [-74.16092, -14.77051], [-74.14873, -14.81775], [-74.1875, -14.87026], [-74.23509, -14.96086], [-74.26562, -14.93373], [-74.29581, -14.84778], [-74.28911, -14.80298], [-74.36755, -14.77436], [-74.38958, -14.73262], [-74.32077, -14.65811], [-74.28449, -14.69725], [-74.22286, -14.71653], [-74.1887, -14.70587]]]}}, {"type": "Feature", "id": "050703", "properties": {"IDDIST": "050703", "IDPROV": "0507", "IDDPTO": "05", "NOMBDIST": "CORONEL CASTAÑEDA", "NOMBPROV": "PARINACOCHAS", "NOMBDEP": "AYACUCHO"}, "geometry": {"type": "Polygon", "coordinates": [[[-73.0174, -14.63071], [-72.99849, -14.66247], [-72.86564, -14.71068], [-72.84682, -14.75982], [-72.88234, -14.77143], [-72.94273, -14.76541], [-73.00278, -14.81499], [-73.01421, -14.85571], [-73.06119, -14.82553], [-73.09461, -14.84332], [-73.16442, -14.91224], [-73.2542, -14.89953], [-73.34006, -14.89243], [-73.38189, -14.91345], [-73.41948, -14.8739], [-73.40405, -14.85104], [-73.41628, -14.77131], [-73.3904, -14.71606], [-73.35081, -14.70403], [-73.27995, -14.73163], [-73.25611, -14.70901], [-73.19041, -14.70577], [-73.15324, -14.67435], [-73.10649, -14.69065], [-73.0174, -14.63071]]]}}, {"type": "Feature", "id": "050616", "properties": {"IDDIST": "050616", "IDPROV": "0506", "IDDPTO": "05", "NOMBDIST": "SAN JUAN", "NOMBPROV": "LUCANAS", "NOMBDEP": "AYACUCHO"}, "geometry": {"type": "Polygon", "coordinates": [[[-74.17538, -14.71529], [-74.1887, -14.70587], [-74.21957, -14.64013], [-74.17252, -14.59563], [-74.15862, -14.67952], [-74.17538, -14.71529]]]}}, {"type": "Feature", "id": "050601", "properties": {"IDDIST": "050601", "IDPROV": "0506", "IDDPTO": "05", "NOMBDIST": "PUQUIO", "NOMBPROV": "LUCANAS", "NOMBDEP": "AYACUCHO"}, "geometry": {"type": "Polygon", "coordinates": [[[-73.93708, -14.57923], [-73.92569, -14.61879], [-73.85918, -14.6472], [-73.82782, -14.68476], [-73.82572, -14.72592], [-73.87057, -14.76715], [-73.91053, -14.79371], [-73.93974, -14.85786], [-73.98047, -14.81817], [-74.06939, -14.78357], [-74.12385, -14.73377], [-74.16092, -14.77051], [-74.17538, -14.71529], [-74.15862, -14.67952], [-74.17252, -14.59563], [-74.14606, -14.51469], [-74.08614, -14.53294], [-74.02565, -14.51794], [-73.98289, -14.57957], [-73.93708, -14.57923]]]}}, {"type": "Feature", "id": "050701", "properties": {"IDDIST": "050701", "IDPROV": "0507", "IDDPTO": "05", "NOMBDIST": "CORACORA", "NOMBPROV": "PARINACOCHAS", "NOMBDEP": "AYACUCHO"}, "geometry": {"type": "Polygon", "coordinates": [[[-73.53246, -14.50724], [-73.50701, -14.54431], [-73.53338, -14.58102], [-73.51006, -14.6501], [-73.5711, -14.68727], [-73.56528, -14.77583], [-73.60692, -14.79003], [-73.67836, -14.72909], [-73.72528, -14.7493], [-73.71468, -14.78847], [-73.64478, -14.83267], [-73.64184, -14.8638], [-73.5919, -14.89141], [-73.58865, -14.92304], [-73.54808, -14.96264], [-73.54528, -15.05566], [-73.54354, -15.09226], [-73.58628, -15.04224], [-73.65647, -15.04609], [-73.66791, -14.99372], [-73.69919, -14.9946], [-73.77523, -15.09501], [-73.80173, -15.08568], [-73.81631, -14.97568], [-73.84246, -14.92114], [-73.89756, -14.85708], [-73.89366, -14.81104], [-73.87057, -14.76715], [-73.82572, -14.72592], [-73.82782, -14.68476], [-73.81031, -14.63849], [-73.71641, -14.64124], [-73.63469, -14.5909], [-73.60499, -14.54165], [-73.53246, -14.50724]]]}}, {"type": "Feature", "id": "050609", "properties": {"IDDIST": "050609", "IDPROV": "0506", "IDDPTO": "05", "NOMBDIST": "LEONCIO PRADO", "NOMBPROV": "LUCANAS", "NOMBDEP": "AYACUCHO"}, "geometry": {"type": "Polygon", "coordinates": [[[-74.41742, -14.67913], [-74.45723, -14.70248], [-74.605, -14.81654], [-74.67395, -14.87869], [-74.69384, -14.83816], [-74.73221, -14.84237], [-74.75694, -14.79505], [-74.73853, -14.75373], [-74.77642, -14.72893], [-74.8027, -14.75215], [-74.84384, -14.70311], [-74.84658, -14.66615], [-74.78817, -14.61556], [-74.71084, -14.56477], [-74.61685, -14.54546], [-74.53565, -14.54469], [-74.46873, -14.52039], [-74.44881, -14.4992], [-74.40618, -14.5803], [-74.38014, -14.59634], [-74.41742, -14.67913]]]}}, {"type": "Feature", "id": "050613", "properties": {"IDDIST": "050613", "IDPROV": "0506", "IDDPTO": "05", "NOMBDIST": "OTOCA", "NOMBPROV": "LUCANAS", "NOMBDEP": "AYACUCHO"}, "geometry": {"type": "Polygon", "coordinates": [[[-74.47583, -14.37967], [-74.41541, -14.40895], [-74.45915, -14.46553], [-74.44881, -14.4992], [-74.46873, -14.52039], [-74.53565, -14.54469], [-74.61685, -14.54546], [-74.71084, -14.56477], [-74.78817, -14.61556], [-74.85277, -14.61181], [-74.87845, -14.58752], [-74.88425, -14.54548], [-74.79756, -14.44021], [-74.75396, -14.43365], [-74.71401, -14.40424], [-74.6689, -14.426], [-74.5768, -14.4139], [-74.52339, -14.37422], [-74.47583, -14.37967]]]}}, {"type": "Feature", "id": "050604", "properties": {"IDDIST": "050604", "IDPROV": "0506", "IDDPTO": "05", "NOMBDIST": "CARMEN SALCEDO", "NOMBPROV": "LUCANAS", "NOMBDEP": "AYACUCHO"}, "geometry": {"type": "Polygon", "coordinates": [[[-73.92171, -14.32238], [-73.9214, -14.39609], [-73.90013, -14.43163], [-73.86828, -14.43275], [-73.87226, -14.52494], [-73.93708, -14.57923], [-73.98289, -14.57957], [-74.02565, -14.51794], [-74.08614, -14.53294], [-74.14606, -14.51469], [-74.15849, -14.48554], [-74.09516, -14.44301], [-74.07586, -14.45738], [-74.01402, -14.39488], [-73.99683, -14.34978], [-73.92171, -14.32238]]]}}, {"type": "Feature", "id": "050606", "properties": {"IDDIST": "050606", "IDPROV": "0506", "IDDPTO": "05", "NOMBDIST": "CHIPAO", "NOMBPROV": "LUCANAS", "NOMBDEP": "AYACUCHO"}, "geometry": {"type": "Polygon", "coordinates": [[[-73.79883, -14.29394], [-73.77344, -14.32225], [-73.7067, -14.32416], [-73.66509, -14.35073], [-73.58175, -14.41613], [-73.56899, -14.45933], [-73.53246, -14.50724], [-73.60499, -14.54165], [-73.63469, -14.5909], [-73.71641, -14.64124], [-73.81031, -14.63849], [-73.82782, -14.68476], [-73.85918, -14.6472], [-73.92569, -14.61879], [-73.93708, -14.57923], [-73.87226, -14.52494], [-73.86828, -14.43275], [-73.90013, -14.43163], [-73.9214, -14.39609], [-73.92171, -14.32238], [-73.884, -14.2826], [-73.84466, -14.27656], [-73.79883, -14.29394]]]}}, {"type": "Feature", "id": "050611", "properties": {"IDDIST": "050611", "IDPROV": "0506", "IDDPTO": "05", "NOMBDIST": "LUCANAS", "NOMBPROV": "LUCANAS", "NOMBDEP": "AYACUCHO"}, "geometry": {"type": "Polygon", "coordinates": [[[-74.18575, -14.29563], [-74.16807, -14.34085], [-74.17648, -14.40419], [-74.21073, -14.45618], [-74.15849, -14.48554], [-74.14606, -14.51469], [-74.17252, -14.59563], [-74.21957, -14.64013], [-74.1887, -14.70587], [-74.22286, -14.71653], [-74.28449, -14.69725], [-74.32077, -14.65811], [-74.38958, -14.73262], [-74.41742, -14.67913], [-74.38014, -14.59634], [-74.40618, -14.5803], [-74.44881, -14.4992], [-74.45915, -14.46553], [-74.41541, -14.40895], [-74.47583, -14.37967], [-74.4181, -14.29859], [-74.34038, -14.30078], [-74.31792, -14.27206], [-74.28478, -14.26747], [-74.22683, -14.30289], [-74.18575, -14.29563]]]}}, {"type": "Feature", "id": "050603", "properties": {"IDDIST": "050603", "IDPROV": "0506", "IDDPTO": "05", "NOMBDIST": "CABANA", "NOMBPROV": "LUCANAS", "NOMBDEP": "AYACUCHO"}, "geometry": {"type": "Polygon", "coordinates": [[[-73.884, -14.2826], [-73.92171, -14.32238], [-73.99683, -14.34978], [-74.01402, -14.39488], [-74.07586, -14.45738], [-74.09516, -14.44301], [-74.15849, -14.48554], [-74.21073, -14.45618], [-74.17648, -14.40419], [-74.16807, -14.34085], [-74.18575, -14.29563], [-74.09506, -14.28268], [-74.03058, -14.29911], [-73.89658, -14.26283], [-73.884, -14.2826]]]}}, {"type": "Feature", "id": "050612", "properties": {"IDDIST": "050612", "IDPROV": "0506", "IDDPTO": "05", "NOMBDIST": "OCAÑA", "NOMBPROV": "LUCANAS", "NOMBDEP": "AYACUCHO"}, "geometry": {"type": "Polygon", "coordinates": [[[-74.57178, -14.25651], [-74.59833, -14.29265], [-74.626, -14.36923], [-74.6689, -14.426], [-74.71401, -14.40424], [-74.75396, -14.43365], [-74.79756, -14.44021], [-74.88425, -14.54548], [-74.94721, -14.58189], [-74.95892, -14.60645], [-75.0599, -14.62262], [-75.08009, -14.56901], [-75.08796, -14.52786], [-75.09647, -14.48779], [-75.06679, -14.48413], [-74.96189, -14.41001], [-74.90032, -14.38872], [-74.88254, -14.36223], [-74.84056, -14.36085], [-74.74772, -14.27032], [-74.69558, -14.2533], [-74.57178, -14.25651]]]}}, {"type": "Feature", "id": "050620", "properties": {"IDDIST": "050620", "IDPROV": "0506", "IDDPTO": "05", "NOMBDIST": "SANTA ANA DE HUAYCAHUACHO", "NOMBPROV": "LUCANAS", "NOMBDEP": "AYACUCHO"}, "geometry": {"type": "Polygon", "coordinates": [[[-73.89658, -14.26283], [-73.97017, -14.23045], [-73.95042, -14.18644], [-73.95003, -14.18573], [-73.87925, -14.2167], [-73.89658, -14.26283]]]}}, {"type": "Feature", "id": "050618", "properties": {"IDDIST": "050618", "IDPROV": "0506", "IDDPTO": "05", "NOMBDIST": "SAN PEDRO DE PALCO", "NOMBPROV": "LUCANAS", "NOMBDEP": "AYACUCHO"}, "geometry": {"type": "Polygon", "coordinates": [[[-74.42279, -14.15233], [-74.41233, -14.18203], [-74.36649, -14.2152], [-74.31792, -14.27206], [-74.34038, -14.30078], [-74.4181, -14.29859], [-74.47583, -14.37967], [-74.52339, -14.37422], [-74.5768, -14.4139], [-74.6689, -14.426], [-74.626, -14.36923], [-74.59833, -14.29265], [-74.57178, -14.25651], [-74.47215, -14.15285], [-74.42279, -14.15233]]]}}, {"type": "Feature", "id": "050908", "properties": {"IDDIST": "050908", "IDPROV": "0509", "IDDPTO": "05", "NOMBDIST": "SAN PEDRO DE LARCAY", "NOMBPROV": "SUCRE", "NOMBDEP": "AYACUCHO"}, "geometry": {"type": "Polygon", "coordinates": [[[-73.57794, -14.14473], [-73.51225, -14.26816], [-73.53384, -14.35429], [-73.55964, -14.40991], [-73.58175, -14.41613], [-73.66509, -14.35073], [-73.64161, -14.30189], [-73.68222, -14.25944], [-73.67165, -14.22801], [-73.60249, -14.22056], [-73.62801, -14.17571], [-73.57794, -14.14473]]]}}, {"type": "Feature", "id": "050905", "properties": {"IDDIST": "050905", "IDPROV": "0509", "IDDPTO": "05", "NOMBDIST": "HUACAÑA", "NOMBPROV": "SUCRE", "NOMBDEP": "AYACUCHO"}, "geometry": {"type": "Polygon", "coordinates": [[[-73.79883, -14.29394], [-73.84466, -14.27656], [-73.884, -14.2826], [-73.89658, -14.26283], [-73.87925, -14.2167], [-73.95003, -14.18573], [-73.91758, -14.14576], [-73.88039, -14.1366], [-73.8415, -14.16116], [-73.80938, -14.21357], [-73.79883, -14.29394]]]}}, {"type": "Feature", "id": "050911", "properties": {"IDDIST": "050911", "IDPROV": "0509", "IDDPTO": "05", "NOMBDIST": "SORAS", "NOMBPROV": "SUCRE", "NOMBDEP": "AYACUCHO"}, "geometry": {"type": "Polygon", "coordinates": [[[-73.58663, -14.11034], [-73.57794, -14.14473], [-73.62801, -14.17571], [-73.60249, -14.22056], [-73.67165, -14.22801], [-73.68222, -14.25944], [-73.64161, -14.30189], [-73.66509, -14.35073], [-73.7067, -14.32416], [-73.77344, -14.32225], [-73.77084, -14.25723], [-73.7129, -14.15305], [-73.80553, -14.12311], [-73.82291, -14.10158], [-73.78782, -14.11559], [-73.7165, -14.09349], [-73.70375, -14.09669], [-73.65674, -14.13709], [-73.62812, -14.12249], [-73.61439, -14.07652], [-73.58663, -14.11034]]]}}, {"type": "Feature", "id": "050607", "properties": {"IDDIST": "050607", "IDPROV": "0506", "IDDPTO": "05", "NOMBDIST": "HUAC-HUAS", "NOMBPROV": "LUCANAS", "NOMBDEP": "AYACUCHO"}, "geometry": {"type": "Polygon", "coordinates": [[[-74.8962, -14.1039], [-74.90296, -14.17069], [-74.97124, -14.24596], [-75.0322, -14.26568], [-75.09018, -14.21419], [-75.05905, -14.12962], [-75.02913, -14.07195], [-74.97414, -14.07479], [-74.8962, -14.1039]]]}}, {"type": "Feature", "id": "050608", "properties": {"IDDIST": "050608", "IDPROV": "0506", "IDDPTO": "05", "NOMBDIST": "LARAMATE", "NOMBPROV": "LUCANAS", "NOMBDEP": "AYACUCHO"}, "geometry": {"type": "Polygon", "coordinates": [[[-74.47215, -14.15285], [-74.57178, -14.25651], [-74.69558, -14.2533], [-74.74772, -14.27032], [-74.84056, -14.36085], [-74.88254, -14.36223], [-74.90032, -14.38872], [-74.96189, -14.41001], [-75.06679, -14.48413], [-75.09647, -14.48779], [-75.05299, -14.43115], [-75.02131, -14.41847], [-75.01028, -14.3572], [-74.93942, -14.28852], [-74.90297, -14.2794], [-74.85863, -14.23144], [-74.82298, -14.21879], [-74.7696, -14.16986], [-74.76087, -14.12044], [-74.72572, -14.11704], [-74.69835, -14.07862], [-74.64055, -14.09445], [-74.6232, -14.13714], [-74.59102, -14.13293], [-74.47215, -14.15285]]]}}, {"type": "Feature", "id": "050610", "properties": {"IDDIST": "050610", "IDPROV": "0506", "IDDPTO": "05", "NOMBDIST": "LLAUTA", "NOMBPROV": "LUCANAS", "NOMBDEP": "AYACUCHO"}, "geometry": {"type": "Polygon", "coordinates": [[[-74.77253, -14.09032], [-74.76087, -14.12044], [-74.7696, -14.16986], [-74.82298, -14.21879], [-74.85863, -14.23144], [-74.90297, -14.2794], [-74.93942, -14.28852], [-75.01028, -14.3572], [-75.02131, -14.41847], [-75.05299, -14.43115], [-75.10127, -14.4332], [-75.13983, -14.41591], [-75.10509, -14.35878], [-75.09393, -14.31242], [-75.0322, -14.26568], [-74.97124, -14.24596], [-74.90296, -14.17069], [-74.8962, -14.1039], [-74.87811, -14.07625], [-74.82519, -14.09228], [-74.77253, -14.09032]]]}}, {"type": "Feature", "id": "050508", "properties": {"IDDIST": "050508", "IDPROV": "0505", "IDDPTO": "05", "NOMBDIST": "TAMBO", "NOMBPROV": "LA MAR", "NOMBDEP": "AYACUCHO"}, "geometry": {"type": "Polygon", "coordinates": [[[-73.99562, -12.83778], [-73.95911, -12.85594], [-73.90032, -12.86028], [-73.88633, -12.87644], [-73.92888, -12.94685], [-73.9822, -12.95904], [-74.00825, -12.98964], [-74.07743, -12.98475], [-74.10399, -12.98206], [-74.13082, -12.91455], [-74.13675, -12.86027], [-74.09712, -12.86658], [-73.99562, -12.83778]]]}}, {"type": "Feature", "id": "050502", "properties": {"IDDIST": "050502", "IDPROV": "0505", "IDDPTO": "05", "NOMBDIST": "ANCO", "NOMBPROV": "LA MAR", "NOMBDEP": "AYACUCHO"}, "geometry": {"type": "Polygon", "coordinates": [[[-73.5887, -12.83306], [-73.57914, -12.86065], [-73.52368, -12.89948], [-73.50804, -12.9719], [-73.52181, -12.99825], [-73.47797, -13.03226], [-73.45375, -13.09774], [-73.50011, -13.13811], [-73.55204, -13.13425], [-73.6029, -13.17281], [-73.67305, -13.17133], [-73.72835, -13.19484], [-73.77257, -13.17512], [-73.80621, -13.13912], [-73.85322, -13.13418], [-73.83627, -13.11139], [-73.85468, -13.06628], [-73.83459, -12.99918], [-73.85429, -12.95882], [-73.81357, -12.93715], [-73.7338, -12.94655], [-73.65491, -12.92166], [-73.62746, -12.8559], [-73.5887, -12.83306]]]}}, {"type": "Feature", "id": "160211", "properties": {"IDDIST": "160211", "IDPROV": "1602", "IDDPTO": "16", "NOMBDIST": "TENIENTE CESAR LOPEZ ROJAS", "NOMBPROV": "ALTO AMAZONAS", "NOMBDEP": "LORETO"}, "geometry": {"type": "Polygon", "coordinates": [[[-75.56893, -6.00039], [-75.61389, -6.02324], [-75.62896, -6.08212], [-75.68037, -6.09563], [-75.72664, -6.14401], [-75.81483, -6.1009], [-75.83445, -6.1391], [-75.91589, -6.14116], [-75.96544, -6.0952], [-76.03052, -6.09852], [-76.02375, -5.98809], [-76.03286, -5.96412], [-75.99892, -5.91026], [-75.91994, -5.87598], [-75.86762, -5.89637], [-75.81995, -5.85024], [-75.7535, -5.85335], [-75.70985, -5.87575], [-75.66325, -5.85033], [-75.63476, -5.76094], [-75.56196, -5.77039], [-75.51448, -5.73926], [-75.53415, -5.90235], [-75.56701, -5.95837], [-75.56893, -6.00039]]]}}, {"type": "Feature", "id": "160201", "properties": {"IDDIST": "160201", "IDPROV": "1602", "IDDPTO": "16", "NOMBDIST": "YURIMAGUAS", "NOMBPROV": "ALTO AMAZONAS", "NOMBDEP": "LORETO"}, "geometry": {"type": "Polygon", "coordinates": [[[-75.63476, -5.76094], [-75.66325, -5.85033], [-75.70985, -5.87575], [-75.7535, -5.85335], [-75.81995, -5.85024], [-75.86762, -5.89637], [-75.91994, -5.87598], [-75.99892, -5.91026], [-76.03286, -5.96412], [-76.02375, -5.98809], [-76.03052, -6.09852], [-76.0885, -6.15501], [-76.12721, -6.17671], [-76.22363, -6.16603], [-76.27324, -6.10439], [-76.3183, -6.08609], [-76.37279, -5.97376], [-76.41227, -5.95066], [-76.36208, -5.92306], [-76.31777, -5.86329], [-76.31526, -5.83549], [-76.35178, -5.66611], [-76.35629, -5.60518], [-76.22149, -5.63115], [-76.14296, -5.6289], [-76.0809, -5.59881], [-75.98946, -5.64033], [-75.94049, -5.64457], [-75.92663, -5.67746], [-75.80491, -5.72904], [-75.77642, -5.70936], [-75.67214, -5.72467], [-75.63476, -5.76094]]]}}, {"type": "Feature", "id": "160509", "properties": {"IDDIST": "160509", "IDPROV": "1605", "IDDPTO": "16", "NOMBDIST": "TAPICHE", "NOMBPROV": "REQUENA", "NOMBDEP": "LORETO"}, "geometry": {"type": "Polygon", "coordinates": [[[-73.95703, -6.48472], [-73.99946, -6.47936], [-74.02218, -6.43578], [-74.03978, -6.34478], [-74.02236, -6.20441], [-74.03115, -6.17381], [-74.01226, -6.04439], [-74.11278, -6.00938], [-74.12353, -5.98433], [-74.17844, -5.94621], [-74.1515, -5.8989], [-74.15858, -5.84087], [-74.1037, -5.79905], [-74.10266, -5.77586], [-74.16403, -5.7462], [-74.16644, -5.70799], [-74.19252, -5.65999], [-74.10978, -5.60588], [-73.94435, -5.57752], [-73.88695, -5.57416], [-73.89099, -5.60733], [-73.93236, -5.64997], [-73.93541, -5.70332], [-73.97103, -5.83135], [-73.96164, -5.86056], [-73.89319, -5.9299], [-73.83009, -5.95672], [-73.84493, -6.02209], [-73.83358, -6.11386], [-73.85828, -6.15471], [-73.8608, -6.25369], [-73.89121, -6.35824], [-73.89364, -6.41652], [-73.92162, -6.4609], [-73.95703, -6.48472]]]}}, {"type": "Feature", "id": "160508", "properties": {"IDDIST": "160508", "IDPROV": "1605", "IDDPTO": "16", "NOMBDIST": "SOPLIN", "NOMBPROV": "REQUENA", "NOMBDEP": "LORETO"}, "geometry": {"type": "Polygon", "coordinates": [[[-73.72958, -5.78339], [-73.69965, -5.8995], [-73.64725, -5.93553], [-73.62289, -6.001], [-73.52769, -6.09589], [-73.46155, -6.10425], [-73.45999, -6.20254], [-73.47985, -6.24573], [-73.45481, -6.28526], [-73.49699, -6.31862], [-73.4708, -6.36815], [-73.50588, -6.42241], [-73.5188, -6.52212], [-73.55717, -6.5954], [-73.60742, -6.63988], [-73.63174, -6.68297], [-73.72417, -6.7481], [-73.75389, -6.75208], [-73.78558, -6.79108], [-73.78938, -6.85635], [-73.8676, -6.96236], [-73.91806, -6.92177], [-73.94897, -6.87076], [-73.98695, -6.86986], [-74.03899, -6.82029], [-74.00164, -6.68341], [-73.93222, -6.60806], [-73.93463, -6.52737], [-73.95703, -6.48472], [-73.92162, -6.4609], [-73.89364, -6.41652], [-73.89121, -6.35824], [-73.8608, -6.25369], [-73.85828, -6.15471], [-73.83358, -6.11386], [-73.84493, -6.02209], [-73.83009, -5.95672], [-73.89319, -5.9299], [-73.96164, -5.86056], [-73.97103, -5.83135], [-73.93541, -5.70332], [-73.93236, -5.64997], [-73.89099, -5.60733], [-73.88695, -5.57416], [-73.86679, -5.57613], [-73.86527, -5.64154], [-73.82745, -5.69177], [-73.7783, -5.78378], [-73.72958, -5.78339]]]}}, {"type": "Feature", "id": "200108", "properties": {"IDDIST": "200108", "IDPROV": "2001", "IDDPTO": "20", "NOMBDIST": "EL TALLAN", "NOMBPROV": "PIURA", "NOMBDEP": "PIURA"}, "geometry": {"type": "Polygon", "coordinates": [[[-80.52563, -5.42109], [-80.56798, -5.4867], [-80.63671, -5.48608], [-80.63533, -5.45037], [-80.70543, -5.42953], [-80.70036, -5.40615], [-80.64991, -5.39678], [-80.58022, -5.42031], [-80.52563, -5.42109]]]}}, {"type": "Feature", "id": "200306", "properties": {"IDDIST": "200306", "IDPROV": "2003", "IDDPTO": "20", "NOMBDIST": "SAN MIGUEL DE EL FAIQUE", "NOMBPROV": "HUANCABAMBA", "NOMBDEP": "PIURA"}, "geometry": {"type": "Polygon", "coordinates": [[[-79.52139, -5.42487], [-79.59866, -5.48026], [-79.64253, -5.48519], [-79.69103, -5.45903], [-79.74999, -5.44644], [-79.76859, -5.42503], [-79.68667, -5.41171], [-79.5507, -5.37063], [-79.53821, -5.33801], [-79.4912, -5.37239], [-79.48702, -5.41508], [-79.52139, -5.42487]]]}}, {"type": "Feature", "id": "200805", "properties": {"IDDIST": "200805", "IDPROV": "2008", "IDDPTO": "20", "NOMBDIST": "VICE", "NOMBPROV": "SECHURA", "NOMBDEP": "PIURA"}, "geometry": {"type": "Polygon", "coordinates": [[[-80.74916, -5.41337], [-80.7571, -5.44451], [-80.79119, -5.48393], [-80.88264, -5.54792], [-80.93022, -5.45752], [-80.99395, -5.38846], [-80.96149, -5.31105], [-80.74916, -5.41337]]]}}, {"type": "Feature", "id": "200107", "properties": {"IDDIST": "200107", "IDPROV": "2001", "IDDPTO": "20", "NOMBDIST": "CURA MORI", "NOMBPROV": "PIURA", "NOMBDEP": "PIURA"}, "geometry": {"type": "Polygon", "coordinates": [[[-80.52563, -5.42109], [-80.58022, -5.42031], [-80.64991, -5.39678], [-80.67782, -5.37343], [-80.69923, -5.31317], [-80.64074, -5.32109], [-80.5883, -5.30127], [-80.51478, -5.30033], [-80.52655, -5.35118], [-80.52563, -5.42109]]]}}, {"type": "Feature", "id": "200308", "properties": {"IDDIST": "200308", "IDPROV": "2003", "IDDPTO": "20", "NOMBDIST": "SONDORILLO", "NOMBPROV": "HUANCABAMBA", "NOMBDEP": "PIURA"}, "geometry": {"type": "Polygon", "coordinates": [[[-79.43698, -5.28878], [-79.40651, -5.38792], [-79.41974, -5.43545], [-79.40334, -5.52442], [-79.44385, -5.53047], [-79.45515, -5.49445], [-79.52139, -5.42487], [-79.48702, -5.41508], [-79.4912, -5.37239], [-79.53821, -5.33801], [-79.54886, -5.30899], [-79.5, -5.31196], [-79.43698, -5.28878]]]}}, {"type": "Feature", "id": "200406", "properties": {"IDDIST": "200406", "IDPROV": "2004", "IDDPTO": "20", "NOMBDIST": "SALITRAL", "NOMBPROV": "MORROPON", "NOMBDEP": "PIURA"}, "geometry": {"type": "Polygon", "coordinates": [[[-79.73199, -5.37704], [-79.76859, -5.42503], [-79.74999, -5.44644], [-79.69103, -5.45903], [-79.64253, -5.48519], [-79.64982, -5.52061], [-79.68161, -5.53098], [-79.73738, -5.509], [-79.77705, -5.56192], [-79.8004, -5.56215], [-79.83944, -5.63003], [-79.86442, -5.56342], [-79.85399, -5.53182], [-79.90305, -5.49145], [-79.94587, -5.515], [-79.93867, -5.37917], [-79.89847, -5.33354], [-79.91114, -5.29627], [-79.86619, -5.26448], [-79.82577, -5.26268], [-79.81625, -5.32037], [-79.73199, -5.37704]]]}}, {"type": "Feature", "id": "200307", "properties": {"IDDIST": "200307", "IDPROV": "2003", "IDDPTO": "20", "NOMBDIST": "SONDOR", "NOMBPROV": "HUANCABAMBA", "NOMBDEP": "PIURA"}, "geometry": {"type": "Polygon", "coordinates": [[[-79.34895, -5.25927], [-79.35905, -5.28863], [-79.32807, -5.31591], [-79.3044, -5.3918], [-79.2977, -5.45813], [-79.26896, -5.51329], [-79.32896, -5.53508], [-79.39848, -5.53348], [-79.40334, -5.52442], [-79.41974, -5.43545], [-79.40651, -5.38792], [-79.43698, -5.28878], [-79.39917, -5.25248], [-79.34895, -5.25927]]]}}, {"type": "Feature", "id": "200110", "properties": {"IDDIST": "200110", "IDPROV": "2001", "IDDPTO": "20", "NOMBDIST": "LA UNION", "NOMBPROV": "PUIRA", "NOMBDEP": "PIURA"}, "geometry": {"type": "Polygon", "coordinates": [[[-80.8596, -5.28136], [-80.84934, -5.29836], [-80.8056, -5.33855], [-80.72409, -5.35217], [-80.70036, -5.40615], [-80.70543, -5.42953], [-80.72157, -5.42144], [-80.74916, -5.41337], [-80.96149, -5.31105], [-81.02542, -5.24279], [-81.00656, -5.23272], [-80.93923, -5.23754], [-80.8596, -5.28136]]]}}, {"type": "Feature", "id": "200109", "properties": {"IDDIST": "200109", "IDPROV": "2001", "IDDPTO": "20", "NOMBDIST": "LA ARENA", "NOMBPROV": "PIURA", "NOMBDEP": "PIURA"}, "geometry": {"type": "Polygon", "coordinates": [[[-80.69923, -5.31317], [-80.67782, -5.37343], [-80.64991, -5.39678], [-80.70036, -5.40615], [-80.72409, -5.35217], [-80.8056, -5.33855], [-80.84934, -5.29836], [-80.8277, -5.22501], [-80.80099, -5.21268], [-80.75051, -5.29096], [-80.69923, -5.31317]]]}}, {"type": "Feature", "id": "200407", "properties": {"IDDIST": "200407", "IDPROV": "2004", "IDDPTO": "20", "NOMBDIST": "SAN JUAN DE BIGOTE", "NOMBPROV": "MORROPON", "NOMBDEP": "PIURA"}, "geometry": {"type": "Polygon", "coordinates": [[[-79.72004, -5.21525], [-79.6945, -5.25805], [-79.6552, -5.3333], [-79.66282, -5.36895], [-79.73199, -5.37704], [-79.81625, -5.32037], [-79.82577, -5.26268], [-79.808, -5.22962], [-79.73541, -5.20479], [-79.72004, -5.21525]]]}}, {"type": "Feature", "id": "200402", "properties": {"IDDIST": "200402", "IDPROV": "2004", "IDDPTO": "20", "NOMBDIST": "BUENOS AIRES", "NOMBPROV": "MORROPON", "NOMBDEP": "PIURA"}, "geometry": {"type": "Polygon", "coordinates": [[[-79.89095, -5.18902], [-79.808, -5.22962], [-79.82577, -5.26268], [-79.86619, -5.26448], [-79.91114, -5.29627], [-79.89847, -5.33354], [-79.93867, -5.37917], [-80.01091, -5.27725], [-79.99836, -5.24471], [-80.01712, -5.20724], [-79.9636, -5.21477], [-79.9302, -5.19575], [-79.89095, -5.18902]]]}}, {"type": "Feature", "id": "050910", "properties": {"IDDIST": "050910", "IDPROV": "0509", "IDDPTO": "05", "NOMBDIST": "SANTIAGO DE PAUCARAY", "NOMBPROV": "SUCRE", "NOMBDEP": "AYACUCHO"}, "geometry": {"type": "Polygon", "coordinates": [[[-73.61558, -14.06943], [-73.61439, -14.07652], [-73.62812, -14.12249], [-73.65674, -14.13709], [-73.70375, -14.09669], [-73.68968, -14.08002], [-73.62167, -14.03267], [-73.61558, -14.06943]]]}}, {"type": "Feature", "id": "051004", "properties": {"IDDIST": "051004", "IDPROV": "0510", "IDDPTO": "05", "NOMBDIST": "ASQUIPATA", "NOMBPROV": "VICTOR FAJARDO", "NOMBDEP": "AYACUCHO"}, "geometry": {"type": "Polygon", "coordinates": [[[-73.89082, -14.0309], [-73.91202, -14.11963], [-73.97001, -14.11023], [-73.98606, -14.08985], [-73.93082, -14.03768], [-73.89082, -14.0309]]]}}, {"type": "Feature", "id": "050602", "properties": {"IDDIST": "050602", "IDPROV": "0506", "IDDPTO": "05", "NOMBDIST": "AUCARA", "NOMBPROV": "LUCANAS", "NOMBDEP": "AYACUCHO"}, "geometry": {"type": "Polygon", "coordinates": [[[-74.07037, -14.02667], [-74.08546, -14.08881], [-74.03917, -14.0985], [-73.99916, -14.15919], [-73.95042, -14.18644], [-73.97017, -14.23045], [-73.89658, -14.26283], [-74.03058, -14.29911], [-74.09506, -14.28268], [-74.18575, -14.29563], [-74.22683, -14.30289], [-74.28478, -14.26747], [-74.31792, -14.27206], [-74.36649, -14.2152], [-74.41233, -14.18203], [-74.42279, -14.15233], [-74.39232, -14.16705], [-74.30532, -14.12612], [-74.20798, -14.1269], [-74.17443, -14.10471], [-74.11604, -14.02887], [-74.07037, -14.02667]]]}}, {"type": "Feature", "id": "050906", "properties": {"IDDIST": "050906", "IDPROV": "0509", "IDDPTO": "05", "NOMBDIST": "MORCOLLA", "NOMBPROV": "SUCRE", "NOMBDEP": "AYACUCHO"}, "geometry": {"type": "Polygon", "coordinates": [[[-73.82291, -14.10158], [-73.80553, -14.12311], [-73.7129, -14.15305], [-73.77084, -14.25723], [-73.77344, -14.32225], [-73.79883, -14.29394], [-73.80938, -14.21357], [-73.8415, -14.16116], [-73.88039, -14.1366], [-73.91758, -14.14576], [-73.95003, -14.18573], [-73.98606, -14.08985], [-73.97001, -14.11023], [-73.91202, -14.11963], [-73.89082, -14.0309], [-73.88275, -14.01189], [-73.82291, -14.10158]]]}}, {"type": "Feature", "id": "051003", "properties": {"IDDIST": "051003", "IDPROV": "0510", "IDDPTO": "05", "NOMBDIST": "APONGO", "NOMBPROV": "VICTOR FAJARDO", "NOMBDEP": "AYACUCHO"}, "geometry": {"type": "Polygon", "coordinates": [[[-73.88539, -13.99644], [-73.88275, -14.01189], [-73.89082, -14.0309], [-73.93082, -14.03768], [-73.98606, -14.08985], [-73.95003, -14.18573], [-73.95042, -14.18644], [-73.99916, -14.15919], [-74.03917, -14.0985], [-74.08546, -14.08881], [-74.07037, -14.02667], [-74.04978, -13.98265], [-74.00984, -14.03061], [-73.88539, -13.99644]]]}}, {"type": "Feature", "id": "050907", "properties": {"IDDIST": "050907", "IDPROV": "0509", "IDDPTO": "05", "NOMBDIST": "PAICO", "NOMBPROV": "SUCRE", "NOMBDEP": "AYACUCHO"}, "geometry": {"type": "Polygon", "coordinates": [[[-73.61968, -14.01669], [-73.62167, -14.03267], [-73.68968, -14.08002], [-73.70305, -14.01256], [-73.69421, -13.96941], [-73.64816, -13.95111], [-73.61968, -14.01669]]]}}, {"type": "Feature", "id": "051005", "properties": {"IDDIST": "051005", "IDPROV": "0510", "IDDPTO": "05", "NOMBDIST": "CANARIA", "NOMBPROV": "VICTOR FAFARDO", "NOMBDEP": "AYACUCHO"}, "geometry": {"type": "Polygon", "coordinates": [[[-73.89041, -13.89769], [-73.86305, -13.93768], [-73.88801, -13.95357], [-73.88539, -13.99644], [-74.00984, -14.03061], [-74.04978, -13.98265], [-74.07037, -14.02667], [-74.11604, -14.02887], [-74.10098, -13.95254], [-74.11026, -13.90817], [-74.06968, -13.88719], [-74.03714, -13.93669], [-73.89041, -13.89769]]]}}, {"type": "Feature", "id": "050909", "properties": {"IDDIST": "050909", "IDPROV": "0509", "IDDPTO": "05", "NOMBDIST": "SAN SALVADOR DE QUIJE", "NOMBPROV": "SUCRE", "NOMBDEP": "AYACUCHO"}, "geometry": {"type": "Polygon", "coordinates": [[[-73.6546, -13.93905], [-73.64816, -13.95111], [-73.69421, -13.96941], [-73.70305, -14.01256], [-73.68968, -14.08002], [-73.70375, -14.09669], [-73.7165, -14.09349], [-73.7646, -14.01775], [-73.77325, -13.96339], [-73.75019, -13.91728], [-73.69385, -13.88599], [-73.6546, -13.93905]]]}}, {"type": "Feature", "id": "050901", "properties": {"IDDIST": "050901", "IDPROV": "0509", "IDDPTO": "05", "NOMBDIST": "QUEROBAMBA", "NOMBPROV": "SUCRE", "NOMBDEP": "AYACUCHO"}, "geometry": {"type": "Polygon", "coordinates": [[[-73.75335, -13.8916], [-73.75019, -13.91728], [-73.77325, -13.96339], [-73.7646, -14.01775], [-73.7165, -14.09349], [-73.78782, -14.11559], [-73.82291, -14.10158], [-73.88275, -14.01189], [-73.88539, -13.99644], [-73.88801, -13.95357], [-73.86305, -13.93768], [-73.82605, -13.91454], [-73.80452, -13.86448], [-73.75335, -13.8916]]]}}, {"type": "Feature", "id": "050904", "properties": {"IDDIST": "050904", "IDPROV": "0509", "IDDPTO": "05", "NOMBDIST": "CHILCAYOC", "NOMBPROV": "SUCRE", "NOMBDEP": "AYACUCHO"}, "geometry": {"type": "Polygon", "coordinates": [[[-73.69463, -13.86136], [-73.69385, -13.88599], [-73.75019, -13.91728], [-73.75335, -13.8916], [-73.69692, -13.8498], [-73.69463, -13.86136]]]}}, {"type": "Feature", "id": "051106", "properties": {"IDDIST": "051106", "IDPROV": "0511", "IDDPTO": "05", "NOMBDIST": "INDEPENDENCIA", "NOMBPROV": "VILCAS HUAMAN", "NOMBDEP": "AYACUCHO"}, "geometry": {"type": "Polygon", "coordinates": [[[-73.80345, -13.85045], [-73.80452, -13.86448], [-73.82605, -13.91454], [-73.86305, -13.93768], [-73.89041, -13.89769], [-73.91119, -13.83217], [-73.86286, -13.83084], [-73.80345, -13.85045]]]}}, {"type": "Feature", "id": "050903", "properties": {"IDDIST": "050903", "IDPROV": "0509", "IDDPTO": "05", "NOMBDIST": "CHALCOS", "NOMBPROV": "SUCRE", "NOMBDEP": "AYACUCHO"}, "geometry": {"type": "Polygon", "coordinates": [[[-73.72426, -13.8212], [-73.69692, -13.8498], [-73.75335, -13.8916], [-73.80452, -13.86448], [-73.80345, -13.85045], [-73.79784, -13.82829], [-73.72426, -13.8212]]]}}, {"type": "Feature", "id": "050303", "properties": {"IDDIST": "050303", "IDPROV": "0503", "IDDPTO": "05", "NOMBDIST": "SACSAMARCA", "NOMBPROV": "HUANCA SANCOS", "NOMBDEP": "AYACUCHO"}, "geometry": {"type": "Polygon", "coordinates": [[[-74.18902, -13.81386], [-74.15836, -13.86798], [-74.11026, -13.90817], [-74.10098, -13.95254], [-74.11604, -14.02887], [-74.17443, -14.10471], [-74.20798, -14.1269], [-74.30532, -14.12612], [-74.33965, -14.0068], [-74.31819, -13.96048], [-74.32433, -13.88001], [-74.30102, -13.89504], [-74.25099, -13.88515], [-74.22737, -13.80616], [-74.18902, -13.81386]]]}}, {"type": "Feature", "id": "051010", "properties": {"IDDIST": "051010", "IDPROV": "0510", "IDDPTO": "05", "NOMBDIST": "HUAYA", "NOMBPROV": "VICTOR FAJARDO", "NOMBDEP": "AYACUCHO"}, "geometry": {"type": "Polygon", "coordinates": [[[-73.91119, -13.83217], [-73.89041, -13.89769], [-74.03714, -13.93669], [-74.06968, -13.88719], [-74.04192, -13.84838], [-73.99357, -13.82312], [-73.95884, -13.84006], [-73.93709, -13.8005], [-73.91119, -13.83217]]]}}, {"type": "Feature", "id": "050301", "properties": {"IDDIST": "050301", "IDPROV": "0503", "IDDPTO": "05", "NOMBDIST": "SANCOS", "NOMBPROV": "HUANCA SANCOS", "NOMBDEP": "AYACUCHO"}, "geometry": {"type": "Polygon", "coordinates": [[[-74.33788, -13.84571], [-74.32433, -13.88001], [-74.31819, -13.96048], [-74.33965, -14.0068], [-74.30532, -14.12612], [-74.39232, -14.16705], [-74.42279, -14.15233], [-74.47215, -14.15285], [-74.59102, -14.13293], [-74.6232, -14.13714], [-74.64055, -14.09445], [-74.69835, -14.07862], [-74.72572, -14.11704], [-74.76087, -14.12044], [-74.77253, -14.09032], [-74.78388, -14.01695], [-74.76795, -13.97855], [-74.78592, -13.92879], [-74.76036, -13.83149], [-74.7776, -13.7828], [-74.76258, -13.78025], [-74.72434, -13.78734], [-74.61567, -13.85117], [-74.60917, -13.90348], [-74.5312, -13.93615], [-74.43903, -13.93993], [-74.37702, -13.89223], [-74.33788, -13.84571]]]}}, {"type": "Feature", "id": "051102", "properties": {"IDDIST": "051102", "IDPROV": "0511", "IDDPTO": "05", "NOMBDIST": "ACCOMARCA", "NOMBPROV": "VILCAS HUAMAN", "NOMBDEP": "AYACUCHO"}, "geometry": {"type": "Polygon", "coordinates": [[[-73.80195, -13.80149], [-73.79784, -13.82829], [-73.80345, -13.85045], [-73.86286, -13.83084], [-73.91119, -13.83217], [-73.93709, -13.8005], [-73.88074, -13.76486], [-73.80195, -13.80149]]]}}, {"type": "Feature", "id": "050902", "properties": {"IDDIST": "050902", "IDPROV": "0509", "IDDPTO": "05", "NOMBDIST": "BELEN", "NOMBPROV": "SUCRE", "NOMBDEP": "AYACUCHO"}, "geometry": {"type": "Polygon", "coordinates": [[[-73.72426, -13.8212], [-73.79784, -13.82829], [-73.80195, -13.80149], [-73.75721, -13.77026], [-73.74789, -13.76337], [-73.72426, -13.8212]]]}}, {"type": "Feature", "id": "051006", "properties": {"IDDIST": "051006", "IDPROV": "0510", "IDDPTO": "05", "NOMBDIST": "CAYARA", "NOMBPROV": "VICTOR FAJARDO", "NOMBDEP": "AYACUCHO"}, "geometry": {"type": "Polygon", "coordinates": [[[-73.93709, -13.8005], [-73.95884, -13.84006], [-73.99357, -13.82312], [-74.02537, -13.79888], [-74.03857, -13.75447], [-73.98021, -13.74754], [-73.93709, -13.8005]]]}}, {"type": "Feature", "id": "050302", "properties": {"IDDIST": "050302", "IDPROV": "0503", "IDDPTO": "05", "NOMBDIST": "CARAPO", "NOMBPROV": "HUANCA SANCOS", "NOMBDEP": "AYACUCHO"}, "geometry": {"type": "Polygon", "coordinates": [[[-74.25406, -13.75899], [-74.22737, -13.80616], [-74.25099, -13.88515], [-74.30102, -13.89504], [-74.32433, -13.88001], [-74.33788, -13.84571], [-74.3532, -13.82108], [-74.42587, -13.79756], [-74.31556, -13.73364], [-74.25406, -13.75899]]]}}, {"type": "Feature", "id": "051103", "properties": {"IDDIST": "051103", "IDPROV": "0511", "IDDPTO": "05", "NOMBDIST": "CARHUANCA", "NOMBPROV": "VILCAS HUAMAN", "NOMBDEP": "AYACUCHO"}, "geometry": {"type": "Polygon", "coordinates": [[[-73.72566, -13.75556], [-73.74789, -13.76337], [-73.75721, -13.77026], [-73.80146, -13.76707], [-73.81657, -13.71179], [-73.78838, -13.70146], [-73.72566, -13.75556]]]}}, {"type": "Feature", "id": "050304", "properties": {"IDDIST": "050304", "IDPROV": "0503", "IDDPTO": "05", "NOMBDIST": "SANTIAGO DE LUCANAMARCA", "NOMBPROV": "HUANCA SANCOS", "NOMBDEP": "AYACUCHO"}, "geometry": {"type": "Polygon", "coordinates": [[[-74.53505, -13.70905], [-74.51986, -13.73638], [-74.42587, -13.79756], [-74.3532, -13.82108], [-74.33788, -13.84571], [-74.37702, -13.89223], [-74.43903, -13.93993], [-74.5312, -13.93615], [-74.60917, -13.90348], [-74.61567, -13.85117], [-74.72434, -13.78734], [-74.76258, -13.78025], [-74.76653, -13.77223], [-74.70728, -13.74526], [-74.64129, -13.74227], [-74.61666, -13.70776], [-74.53505, -13.70905]]]}}, {"type": "Feature", "id": "051105", "properties": {"IDDIST": "051105", "IDPROV": "0511", "IDDPTO": "05", "NOMBDIST": "HUAMBALPA", "NOMBPROV": "VILCAS HUAMAN", "NOMBDEP": "AYACUCHO"}, "geometry": {"type": "Polygon", "coordinates": [[[-73.82801, -13.67944], [-73.81657, -13.71179], [-73.80146, -13.76707], [-73.75721, -13.77026], [-73.80195, -13.80149], [-73.88074, -13.76486], [-73.93709, -13.8005], [-73.98021, -13.74754], [-73.99927, -13.70446], [-73.91789, -13.72134], [-73.87293, -13.68477], [-73.82801, -13.67944]]]}}, {"type": "Feature", "id": "051009", "properties": {"IDDIST": "051009", "IDPROV": "0510", "IDDPTO": "05", "NOMBDIST": "HUANCARAYLLA", "NOMBPROV": "VICTOR FAJARDO", "NOMBDEP": "AYACUCHO"}, "geometry": {"type": "Polygon", "coordinates": [[[-74.18902, -13.81386], [-74.22737, -13.80616], [-74.25406, -13.75899], [-74.22301, -13.71512], [-74.13289, -13.67872], [-74.0967, -13.71203], [-74.12237, -13.74138], [-74.11999, -13.80758], [-74.16526, -13.79244], [-74.18902, -13.81386]]]}}, {"type": "Feature", "id": "051007", "properties": {"IDDIST": "051007", "IDPROV": "0510", "IDDPTO": "05", "NOMBDIST": "COLCA", "NOMBPROV": "VICTOR FAJARDO", "NOMBDEP": "AYACUCHO"}, "geometry": {"type": "Polygon", "coordinates": [[[-74.05007, -13.68265], [-74.01156, -13.69316], [-73.99927, -13.70446], [-73.98021, -13.74754], [-74.03857, -13.75447], [-74.10041, -13.66645], [-74.05007, -13.68265]]]}}, {"type": "Feature", "id": "051107", "properties": {"IDDIST": "051107", "IDPROV": "0511", "IDDPTO": "05", "NOMBDIST": "SAURAMA", "NOMBPROV": "VILCAS HUAMAN", "NOMBDEP": "AYACUCHO"}, "geometry": {"type": "Polygon", "coordinates": [[[-73.72306, -13.68189], [-73.67371, -13.73074], [-73.72566, -13.75556], [-73.78838, -13.70146], [-73.81657, -13.71179], [-73.82801, -13.67944], [-73.75665, -13.65074], [-73.72306, -13.68189]]]}}, {"type": "Feature", "id": "051001", "properties": {"IDDIST": "051001", "IDPROV": "0510", "IDDPTO": "05", "NOMBDIST": "HUANCAPI", "NOMBPROV": "VICTOR FAJARDO", "NOMBDEP": "AYACUCHO"}, "geometry": {"type": "Polygon", "coordinates": [[[-74.10041, -13.66645], [-74.03857, -13.75447], [-74.02537, -13.79888], [-73.99357, -13.82312], [-74.04192, -13.84838], [-74.06968, -13.88719], [-74.11026, -13.90817], [-74.15836, -13.86798], [-74.18902, -13.81386], [-74.16526, -13.79244], [-74.11999, -13.80758], [-74.12237, -13.74138], [-74.0967, -13.71203], [-74.13289, -13.67872], [-74.11732, -13.64957], [-74.10041, -13.66645]]]}}, {"type": "Feature", "id": "051008", "properties": {"IDDIST": "051008", "IDPROV": "0510", "IDDPTO": "05", "NOMBDIST": "HUAMANQUIQUIA", "NOMBPROV": "VICTOR FAJARDO", "NOMBDEP": "AYACUCHO"}, "geometry": {"type": "Polygon", "coordinates": [[[-74.22301, -13.71512], [-74.25406, -13.75899], [-74.31556, -13.73364], [-74.28909, -13.63392], [-74.27451, -13.69144], [-74.22301, -13.71512]]]}}, {"type": "Feature", "id": "051002", "properties": {"IDDIST": "051002", "IDPROV": "0510", "IDDPTO": "05", "NOMBDIST": "ALCAMENCA", "NOMBPROV": "VICTOR FAJARDO", "NOMBDEP": "AYACUCHO"}, "geometry": {"type": "Polygon", "coordinates": [[[-74.206, -13.6326], [-74.13948, -13.63294], [-74.11732, -13.64957], [-74.13289, -13.67872], [-74.22301, -13.71512], [-74.27451, -13.69144], [-74.28909, -13.63392], [-74.27857, -13.63354], [-74.206, -13.6326]]]}}, {"type": "Feature", "id": "051011", "properties": {"IDDIST": "051011", "IDPROV": "0510", "IDDPTO": "05", "NOMBDIST": "SARHUA", "NOMBPROV": "VICTOR FAJARDO", "NOMBDEP": "AYACUCHO"}, "geometry": {"type": "Polygon", "coordinates": [[[-74.28909, -13.63392], [-74.31556, -13.73364], [-74.42587, -13.79756], [-74.51986, -13.73638], [-74.53505, -13.70905], [-74.52894, -13.67949], [-74.46806, -13.64896], [-74.43507, -13.58782], [-74.36839, -13.6028], [-74.28909, -13.63392]]]}}, {"type": "Feature", "id": "051101", "properties": {"IDDIST": "051101", "IDPROV": "0511", "IDDPTO": "05", "NOMBDIST": "VILCAS HUAMAN", "NOMBPROV": "VILCAS HUAMAN", "NOMBDEP": "AYACUCHO"}, "geometry": {"type": "Polygon", "coordinates": [[[-73.75665, -13.65074], [-73.82801, -13.67944], [-73.87293, -13.68477], [-73.91789, -13.72134], [-73.99927, -13.70446], [-74.01156, -13.69316], [-73.98078, -13.62212], [-73.92795, -13.5949], [-73.88503, -13.62322], [-73.84449, -13.61604], [-73.80552, -13.5747], [-73.79192, -13.64096], [-73.75665, -13.65074]]]}}, {"type": "Feature", "id": "051012", "properties": {"IDDIST": "051012", "IDPROV": "0510", "IDDPTO": "05", "NOMBDIST": "VILCANCHOS", "NOMBPROV": "VICTOR FAJARDO", "NOMBDEP": "AYACUCHO"}, "geometry": {"type": "Polygon", "coordinates": [[[-74.55188, -13.59728], [-74.51654, -13.6023], [-74.43507, -13.58782], [-74.46806, -13.64896], [-74.52894, -13.67949], [-74.53505, -13.70905], [-74.61666, -13.70776], [-74.64129, -13.74227], [-74.70728, -13.74526], [-74.76653, -13.77223], [-74.78115, -13.64818], [-74.78242, -13.57851], [-74.70949, -13.58516], [-74.62717, -13.55675], [-74.55188, -13.59728]]]}}, {"type": "Feature", "id": "050201", "properties": {"IDDIST": "050201", "IDPROV": "0502", "IDDPTO": "05", "NOMBDIST": "CANGALLO", "NOMBPROV": "CANGALLO", "NOMBDEP": "AYACUCHO"}, "geometry": {"type": "Polygon", "coordinates": [[[-74.05563, -13.53574], [-74.06373, -13.57448], [-74.03932, -13.60484], [-74.05007, -13.68265], [-74.10041, -13.66645], [-74.11732, -13.64957], [-74.13948, -13.63294], [-74.206, -13.6326], [-74.19608, -13.5943], [-74.15974, -13.56477], [-74.15194, -13.50903], [-74.12336, -13.53095], [-74.05563, -13.53574]]]}}, {"type": "Feature", "id": "050206", "properties": {"IDDIST": "050206", "IDPROV": "0502", "IDDPTO": "05", "NOMBDIST": "TOTOS", "NOMBPROV": "CANGALLO", "NOMBDEP": "AYACUCHO"}, "geometry": {"type": "Polygon", "coordinates": [[[-74.43507, -13.58782], [-74.51654, -13.6023], [-74.55188, -13.59728], [-74.56147, -13.56257], [-74.53771, -13.50704], [-74.48493, -13.50805], [-74.43264, -13.55163], [-74.43507, -13.58782]]]}}, {"type": "Feature", "id": "050204", "properties": {"IDDIST": "050204", "IDPROV": "0502", "IDDPTO": "05", "NOMBDIST": "MARIA PARADO DE BELLIDO", "NOMBPROV": "CANGALLO", "NOMBDEP": "AYACUCHO"}, "geometry": {"type": "Polygon", "coordinates": [[[-74.19608, -13.5943], [-74.206, -13.6326], [-74.27857, -13.63354], [-74.30579, -13.58499], [-74.3423, -13.55591], [-74.30753, -13.48906], [-74.2818, -13.48467], [-74.24604, -13.57472], [-74.19608, -13.5943]]]}}, {"type": "Feature", "id": "051104", "properties": {"IDDIST": "051104", "IDPROV": "0511", "IDDPTO": "05", "NOMBDIST": "CONCEPCION", "NOMBPROV": "VILCAS HUAMAN", "NOMBDEP": "AYACUCHO"}, "geometry": {"type": "Polygon", "coordinates": [[[-73.83349, -13.47179], [-73.81717, -13.50532], [-73.80367, -13.55788], [-73.80552, -13.5747], [-73.84449, -13.61604], [-73.88503, -13.62322], [-73.92795, -13.5949], [-73.97621, -13.48732], [-73.95987, -13.50089], [-73.90429, -13.45509], [-73.83349, -13.47179]]]}}, {"type": "Feature", "id": "051108", "properties": {"IDDIST": "051108", "IDPROV": "0511", "IDDPTO": "05", "NOMBDIST": "VISCHONGO", "NOMBPROV": "VILCAS HUAMAN", "NOMBDEP": "AYACUCHO"}, "geometry": {"type": "Polygon", "coordinates": [[[-73.98051, -13.43263], [-73.97621, -13.48732], [-73.92795, -13.5949], [-73.98078, -13.62212], [-74.01156, -13.69316], [-74.05007, -13.68265], [-74.03932, -13.60484], [-74.06373, -13.57448], [-74.05563, -13.53574], [-74.08047, -13.45058], [-74.04629, -13.43021], [-74.00796, -13.41251], [-73.98051, -13.43263]]]}}, {"type": "Feature", "id": "050203", "properties": {"IDDIST": "050203", "IDPROV": "0502", "IDDPTO": "05", "NOMBDIST": "LOS MOROCHUCOS", "NOMBPROV": "CANGALLO", "NOMBDEP": "AYACUCHO"}, "geometry": {"type": "Polygon", "coordinates": [[[-74.15194, -13.50903], [-74.15974, -13.56477], [-74.19608, -13.5943], [-74.24604, -13.57472], [-74.2818, -13.48467], [-74.30753, -13.48906], [-74.33602, -13.43875], [-74.27412, -13.3918], [-74.24724, -13.42034], [-74.20181, -13.40619], [-74.15194, -13.50903]]]}}, {"type": "Feature", "id": "050202", "properties": {"IDDIST": "050202", "IDPROV": "0502", "IDDPTO": "05", "NOMBDIST": "CHUSCHI", "NOMBPROV": "CANGALLO", "NOMBDEP": "AYACUCHO"}, "geometry": {"type": "Polygon", "coordinates": [[[-74.33602, -13.43875], [-74.30753, -13.48906], [-74.3423, -13.55591], [-74.30579, -13.58499], [-74.27857, -13.63354], [-74.28909, -13.63392], [-74.36839, -13.6028], [-74.43507, -13.58782], [-74.43264, -13.55163], [-74.48493, -13.50805], [-74.53771, -13.50704], [-74.62642, -13.39543], [-74.57112, -13.3454], [-74.57168, -13.38712], [-74.47575, -13.45314], [-74.43176, -13.44912], [-74.37838, -13.41904], [-74.33602, -13.43875]]]}}, {"type": "Feature", "id": "050205", "properties": {"IDDIST": "050205", "IDPROV": "0502", "IDDPTO": "05", "NOMBDIST": "PARAS", "NOMBPROV": "CANGALLO", "NOMBDEP": "AYACUCHO"}, "geometry": {"type": "Polygon", "coordinates": [[[-74.63283, -13.34478], [-74.57112, -13.3454], [-74.62642, -13.39543], [-74.53771, -13.50704], [-74.56147, -13.56257], [-74.55188, -13.59728], [-74.62717, -13.55675], [-74.70949, -13.58516], [-74.78242, -13.57851], [-74.82956, -13.5343], [-74.86218, -13.48179], [-74.9021, -13.46644], [-74.89772, -13.39531], [-74.86875, -13.3599], [-74.76386, -13.34139], [-74.69946, -13.36351], [-74.63283, -13.34478]]]}}, {"type": "Feature", "id": "050106", "properties": {"IDDIST": "050106", "IDPROV": "0501", "IDDPTO": "05", "NOMBDIST": "OCROS", "NOMBPROV": "HUAMANGA", "NOMBDEP": "AYACUCHO"}, "geometry": {"type": "Polygon", "coordinates": [[[-73.83803, -13.38443], [-73.83349, -13.47179], [-73.90429, -13.45509], [-73.95987, -13.50089], [-73.97621, -13.48732], [-73.98051, -13.43263], [-73.95692, -13.41981], [-73.95579, -13.3597], [-73.92554, -13.32408], [-73.86985, -13.34954], [-73.83803, -13.38443]]]}}, {"type": "Feature", "id": "050105", "properties": {"IDDIST": "050105", "IDPROV": "0501", "IDDPTO": "05", "NOMBDIST": "CHIARA", "NOMBPROV": "HUAMANGA", "NOMBDEP": "AYACUCHO"}, "geometry": {"type": "Polygon", "coordinates": [[[-74.0961, -13.30617], [-74.10916, -13.34829], [-74.07912, -13.36469], [-74.04629, -13.43021], [-74.08047, -13.45058], [-74.05563, -13.53574], [-74.12336, -13.53095], [-74.15194, -13.50903], [-74.20181, -13.40619], [-74.24724, -13.42034], [-74.27412, -13.3918], [-74.23659, -13.33674], [-74.26994, -13.32567], [-74.29555, -13.28841], [-74.27418, -13.25145], [-74.24198, -13.24174], [-74.21766, -13.22691], [-74.1999, -13.20087], [-74.13949, -13.27496], [-74.0961, -13.30617]]]}}, {"type": "Feature", "id": "050506", "properties": {"IDDIST": "050506", "IDPROV": "0505", "IDDPTO": "05", "NOMBDIST": "LUIS CARRANZA", "NOMBPROV": "LA MAR", "NOMBDEP": "AYACUCHO"}, "geometry": {"type": "Polygon", "coordinates": [[[-73.80796, -13.22178], [-73.82321, -13.24733], [-73.80796, -13.3038], [-73.83199, -13.33066], [-73.83803, -13.38443], [-73.86985, -13.34954], [-73.92554, -13.32408], [-73.96226, -13.18748], [-73.92994, -13.17113], [-73.86453, -13.20456], [-73.84788, -13.23139], [-73.80796, -13.22178]]]}}, {"type": "Feature", "id": "050104", "properties": {"IDDIST": "050104", "IDPROV": "0501", "IDDPTO": "05", "NOMBDIST": "CARMEN ALTO", "NOMBPROV": "HUAMANGA", "NOMBDEP": "AYACUCHO"}, "geometry": {"type": "Polygon", "coordinates": [[[-74.24198, -13.24174], [-74.27418, -13.25145], [-74.25909, -13.20167], [-74.22601, -13.16922], [-74.22487, -13.22557], [-74.24198, -13.24174]]]}}, {"type": "Feature", "id": "050102", "properties": {"IDDIST": "050102", "IDPROV": "0501", "IDDPTO": "05", "NOMBDIST": "ACOCRO", "NOMBPROV": "HUAMANGA", "NOMBDEP": "AYACUCHO"}, "geometry": {"type": "Polygon", "coordinates": [[[-73.97744, -13.1731], [-73.96888, -13.17293], [-73.96226, -13.18748], [-73.92554, -13.32408], [-73.95579, -13.3597], [-73.95692, -13.41981], [-73.98051, -13.43263], [-74.00796, -13.41251], [-74.04629, -13.43021], [-74.07912, -13.36469], [-74.10916, -13.34829], [-74.0961, -13.30617], [-74.08008, -13.21818], [-74.09241, -13.16049], [-74.03132, -13.20723], [-73.97744, -13.1731]]]}}, {"type": "Feature", "id": "050114", "properties": {"IDDIST": "050114", "IDPROV": "0501", "IDDPTO": "05", "NOMBDIST": "VINCHOS", "NOMBPROV": "HUAMANGA", "NOMBDEP": "AYACUCHO"}, "geometry": {"type": "Polygon", "coordinates": [[[-74.39601, -13.16883], [-74.35039, -13.18143], [-74.29555, -13.28841], [-74.26994, -13.32567], [-74.23659, -13.33674], [-74.27412, -13.3918], [-74.33602, -13.43875], [-74.37838, -13.41904], [-74.43176, -13.44912], [-74.47575, -13.45314], [-74.57168, -13.38712], [-74.57112, -13.3454], [-74.63283, -13.34478], [-74.66763, -13.32662], [-74.68606, -13.28637], [-74.64465, -13.27414], [-74.57098, -13.18467], [-74.55317, -13.18898], [-74.45844, -13.19004], [-74.42043, -13.15954], [-74.39601, -13.16883]]]}}, {"type": "Feature", "id": "050110", "properties": {"IDDIST": "050110", "IDPROV": "0501", "IDDPTO": "05", "NOMBDIST": "SAN JUAN BAUTISTA", "NOMBPROV": "HUAMANGA", "NOMBDEP": "AYACUCHO"}, "geometry": {"type": "Polygon", "coordinates": [[[-74.18957, -13.15646], [-74.1999, -13.20087], [-74.21766, -13.22691], [-74.24198, -13.24174], [-74.22487, -13.22557], [-74.22601, -13.16922], [-74.18957, -13.15646]]]}}, {"type": "Feature", "id": "050112", "properties": {"IDDIST": "050112", "IDPROV": "0501", "IDDPTO": "05", "NOMBDIST": "SOCOS", "NOMBPROV": "HUAMANGA", "NOMBDEP": "AYACUCHO"}, "geometry": {"type": "Polygon", "coordinates": [[[-74.25909, -13.20167], [-74.27418, -13.25145], [-74.29555, -13.28841], [-74.35039, -13.18143], [-74.30036, -13.15676], [-74.25909, -13.20167]]]}}, {"type": "Feature", "id": "050504", "properties": {"IDDIST": "050504", "IDPROV": "0505", "IDDPTO": "05", "NOMBDIST": "CHILCAS", "NOMBPROV": "LA MAR", "NOMBDEP": "AYACUCHO"}, "geometry": {"type": "Polygon", "coordinates": [[[-73.85322, -13.13418], [-73.80621, -13.13912], [-73.77257, -13.17512], [-73.80796, -13.22178], [-73.84788, -13.23139], [-73.86453, -13.20456], [-73.92994, -13.17113], [-73.96226, -13.18748], [-73.96888, -13.17293], [-73.91726, -13.11554], [-73.85322, -13.13418]]]}}, {"type": "Feature", "id": "050113", "properties": {"IDDIST": "050113", "IDPROV": "0501", "IDDPTO": "05", "NOMBDIST": "TAMBILLO", "NOMBPROV": "HUAMANGA", "NOMBDEP": "AYACUCHO"}, "geometry": {"type": "Polygon", "coordinates": [[[-74.12712, -13.13078], [-74.09241, -13.16049], [-74.08008, -13.21818], [-74.0961, -13.30617], [-74.13949, -13.27496], [-74.1999, -13.20087], [-74.18957, -13.15646], [-74.18666, -13.13871], [-74.19497, -13.10781], [-74.12712, -13.13078]]]}}, {"type": "Feature", "id": "050505", "properties": {"IDDIST": "050505", "IDPROV": "0505", "IDDPTO": "05", "NOMBDIST": "CHUNGUI", "NOMBPROV": "LA MAR", "NOMBDEP": "AYACUCHO"}, "geometry": {"type": "Polygon", "coordinates": [[[-73.21193, -13.4191], [-73.23646, -13.47666], [-73.3132, -13.44718], [-73.3322, -13.45614], [-73.34716, -13.43483], [-73.40332, -13.44475], [-73.44539, -13.43036], [-73.48091, -13.43137], [-73.5111, -13.38298], [-73.57502, -13.33802], [-73.64195, -13.29948], [-73.72622, -13.26866], [-73.72835, -13.19484], [-73.67305, -13.17133], [-73.6029, -13.17281], [-73.55204, -13.13425], [-73.50011, -13.13811], [-73.45375, -13.09774], [-73.42191, -13.13239], [-73.34836, -13.29824], [-73.28735, -13.37194], [-73.21193, -13.4191]]]}}, {"type": "Feature", "id": "050115", "properties": {"IDDIST": "050115", "IDPROV": "0501", "IDDPTO": "05", "NOMBDIST": "JESUS NAZARENO", "NOMBPROV": "HUAMANGA", "NOMBDEP": "AYACUCHO"}, "geometry": {"type": "Polygon", "coordinates": [[[-74.19497, -13.10781], [-74.18666, -13.13871], [-74.2292, -13.08445], [-74.19497, -13.10781]]]}}, {"type": "Feature", "id": "050101", "properties": {"IDDIST": "050101", "IDPROV": "0501", "IDDPTO": "05", "NOMBDIST": "AYACUCHO", "NOMBPROV": "HUAMANGA", "NOMBDEP": "AYACUCHO"}, "geometry": {"type": "Polygon", "coordinates": [[[-74.2292, -13.08445], [-74.18666, -13.13871], [-74.18957, -13.15646], [-74.22601, -13.16922], [-74.25909, -13.20167], [-74.30036, -13.15676], [-74.26213, -13.11776], [-74.25227, -13.07365], [-74.2292, -13.08445]]]}}, {"type": "Feature", "id": "050109", "properties": {"IDDIST": "050109", "IDPROV": "0501", "IDDPTO": "05", "NOMBDIST": "SAN JOSE DE TICLLAS", "NOMBPROV": "HUAMANGA", "NOMBDEP": "AYACUCHO"}, "geometry": {"type": "Polygon", "coordinates": [[[-74.27165, -13.06697], [-74.27068, -13.06747], [-74.25227, -13.07365], [-74.26213, -13.11776], [-74.30036, -13.15676], [-74.35039, -13.18143], [-74.39601, -13.16883], [-74.38957, -13.15175], [-74.36629, -13.11544], [-74.33285, -13.10492], [-74.29918, -13.06345], [-74.27165, -13.06697]]]}}, {"type": "Feature", "id": "050103", "properties": {"IDDIST": "050103", "IDPROV": "0501", "IDDPTO": "05", "NOMBDIST": "ACOS VINCHOS", "NOMBPROV": "HUAMANGA", "NOMBDEP": "AYACUCHO"}, "geometry": {"type": "Polygon", "coordinates": [[[-73.97744, -13.1731], [-74.03132, -13.20723], [-74.09241, -13.16049], [-74.12712, -13.13078], [-74.10543, -13.06747], [-74.06573, -13.03194], [-73.97744, -13.1731]]]}}, {"type": "Feature", "id": "050111", "properties": {"IDDIST": "050111", "IDPROV": "0501", "IDDPTO": "05", "NOMBDIST": "SANTIAGO DE PISCHA", "NOMBPROV": "HUAMANGA", "NOMBDEP": "AYACUCHO"}, "geometry": {"type": "Polygon", "coordinates": [[[-74.29918, -13.06345], [-74.33285, -13.10492], [-74.36629, -13.11544], [-74.38957, -13.15175], [-74.40992, -13.08842], [-74.38947, -13.04187], [-74.37991, -13.02449], [-74.34588, -13.02584], [-74.29918, -13.06345]]]}}, {"type": "Feature", "id": "050107", "properties": {"IDDIST": "050107", "IDPROV": "0501", "IDDPTO": "05", "NOMBDIST": "PACAYCASA", "NOMBPROV": "HUAMANGA", "NOMBDEP": "AYACUCHO"}, "geometry": {"type": "Polygon", "coordinates": [[[-74.21698, -13.01126], [-74.16336, -13.04172], [-74.17461, -13.06626], [-74.2292, -13.08445], [-74.25227, -13.07365], [-74.27068, -13.06747], [-74.21698, -13.01126]]]}}, {"type": "Feature", "id": "050108", "properties": {"IDDIST": "050108", "IDPROV": "0501", "IDDPTO": "05", "NOMBDIST": "QUINUA", "NOMBPROV": "HUAMANGA", "NOMBDEP": "AYACUCHO"}, "geometry": {"type": "Polygon", "coordinates": [[[-74.07743, -12.98475], [-74.06573, -13.03194], [-74.10543, -13.06747], [-74.12712, -13.13078], [-74.19497, -13.10781], [-74.2292, -13.08445], [-74.17461, -13.06626], [-74.16336, -13.04172], [-74.10399, -12.98206], [-74.07743, -12.98475]]]}}, {"type": "Feature", "id": "050404", "properties": {"IDDIST": "050404", "IDPROV": "0504", "IDDPTO": "05", "NOMBDIST": "IGUAIN", "NOMBPROV": "HUANTA", "NOMBDEP": "AYACUCHO"}, "geometry": {"type": "Polygon", "coordinates": [[[-74.14447, -12.92884], [-74.16312, -12.97589], [-74.21698, -13.01126], [-74.27068, -13.06747], [-74.27165, -13.06697], [-74.27017, -13.02555], [-74.29272, -12.98239], [-74.20408, -12.96772], [-74.14447, -12.92884]]]}}, {"type": "Feature", "id": "050403", "properties": {"IDDIST": "050403", "IDPROV": "0504", "IDDPTO": "05", "NOMBDIST": "HUAMANGUILLA", "NOMBPROV": "HUANTA", "NOMBDEP": "AYACUCHO"}, "geometry": {"type": "Polygon", "coordinates": [[[-74.10399, -12.98206], [-74.16336, -13.04172], [-74.21698, -13.01126], [-74.16312, -12.97589], [-74.14447, -12.92884], [-74.13082, -12.91455], [-74.10399, -12.98206]]]}}, {"type": "Feature", "id": "050405", "properties": {"IDDIST": "050405", "IDPROV": "0504", "IDDPTO": "05", "NOMBDIST": "LURICOCHA", "NOMBPROV": "HUANTA", "NOMBDEP": "AYACUCHO"}, "geometry": {"type": "Polygon", "coordinates": [[[-74.21147, -12.82064], [-74.2311, -12.89731], [-74.296, -12.93613], [-74.31945, -12.88728], [-74.32362, -12.83251], [-74.2924, -12.82476], [-74.28724, -12.77307], [-74.21147, -12.82064]]]}}, {"type": "Feature", "id": "050501", "properties": {"IDDIST": "050501", "IDPROV": "0505", "IDDPTO": "05", "NOMBDIST": "SAN MIGUEL", "NOMBPROV": "LA MAR", "NOMBDEP": "AYACUCHO"}, "geometry": {"type": "Polygon", "coordinates": [[[-73.5887, -12.83306], [-73.62746, -12.8559], [-73.65491, -12.92166], [-73.7338, -12.94655], [-73.81357, -12.93715], [-73.85429, -12.95882], [-73.83459, -12.99918], [-73.85468, -13.06628], [-73.83627, -13.11139], [-73.85322, -13.13418], [-73.91726, -13.11554], [-73.96888, -13.17293], [-73.97744, -13.1731], [-74.06573, -13.03194], [-74.07743, -12.98475], [-74.00825, -12.98964], [-73.9822, -12.95904], [-73.92888, -12.94685], [-73.88633, -12.87644], [-73.74707, -12.87111], [-73.71532, -12.85397], [-73.66195, -12.79069], [-73.64713, -12.74303], [-73.5887, -12.83306]]]}}, {"type": "Feature", "id": "050401", "properties": {"IDDIST": "050401", "IDPROV": "0504", "IDDPTO": "05", "NOMBDIST": "HUANTA", "NOMBPROV": "HUANTA", "NOMBDEP": "AYACUCHO"}, "geometry": {"type": "Polygon", "coordinates": [[[-73.9739, -12.74132], [-73.99652, -12.77416], [-73.99562, -12.83778], [-74.09712, -12.86658], [-74.13675, -12.86027], [-74.13082, -12.91455], [-74.14447, -12.92884], [-74.20408, -12.96772], [-74.29272, -12.98239], [-74.296, -12.93613], [-74.2311, -12.89731], [-74.21147, -12.82064], [-74.14948, -12.84569], [-74.13872, -12.79323], [-74.18543, -12.70791], [-74.14822, -12.6825], [-74.11225, -12.65148], [-74.05668, -12.68055], [-74.01912, -12.7383], [-73.9739, -12.74132]]]}}, {"type": "Feature", "id": "050507", "properties": {"IDDIST": "050507", "IDPROV": "0505", "IDDPTO": "05", "NOMBDIST": "SANTA ROSA", "NOMBPROV": "LA MAR", "NOMBDEP": "AYACUCHO"}, "geometry": {"type": "Polygon", "coordinates": [[[-73.64713, -12.74303], [-73.66195, -12.79069], [-73.71532, -12.85397], [-73.74707, -12.87111], [-73.88633, -12.87644], [-73.90032, -12.86028], [-73.88881, -12.79178], [-73.85069, -12.74061], [-73.83918, -12.69194], [-73.76374, -12.65228], [-73.72537, -12.64069], [-73.64713, -12.74303]]]}}, {"type": "Feature", "id": "050406", "properties": {"IDDIST": "050406", "IDPROV": "0504", "IDDPTO": "05", "NOMBDIST": "SANTILLANA", "NOMBPROV": "HUANTA", "NOMBDEP": "AYACUCHO"}, "geometry": {"type": "Polygon", "coordinates": [[[-74.14298, -12.57908], [-74.16853, -12.64344], [-74.14822, -12.6825], [-74.18543, -12.70791], [-74.13872, -12.79323], [-74.14948, -12.84569], [-74.21147, -12.82064], [-74.28724, -12.77307], [-74.31739, -12.73778], [-74.33071, -12.68602], [-74.34165, -12.63017], [-74.30296, -12.64191], [-74.23631, -12.63873], [-74.22891, -12.58985], [-74.19251, -12.53672], [-74.14298, -12.57908]]]}}, {"type": "Feature", "id": "050503", "properties": {"IDDIST": "050503", "IDPROV": "0505", "IDDPTO": "05", "NOMBDIST": "AYNA", "NOMBPROV": "LA MAR", "NOMBDEP": "AYACUCHO"}, "geometry": {"type": "Polygon", "coordinates": [[[-73.80511, -12.57527], [-73.80117, -12.61302], [-73.76374, -12.65228], [-73.83918, -12.69194], [-73.85069, -12.74061], [-73.88881, -12.79178], [-73.90032, -12.86028], [-73.95911, -12.85594], [-73.99562, -12.83778], [-73.99652, -12.77416], [-73.9739, -12.74132], [-73.88811, -12.71105], [-73.8538, -12.64547], [-73.83078, -12.53051], [-73.80511, -12.57527]]]}}, {"type": "Feature", "id": "050407", "properties": {"IDDIST": "050407", "IDPROV": "0504", "IDDPTO": "05", "NOMBDIST": "SIVIA", "NOMBPROV": "HUANTA", "NOMBDEP": "AYACUCHO"}, "geometry": {"type": "Polygon", "coordinates": [[[-73.87746, -12.43727], [-73.83078, -12.53051], [-73.8538, -12.64547], [-73.88811, -12.71105], [-73.9739, -12.74132], [-74.01912, -12.7383], [-74.05668, -12.68055], [-74.11225, -12.65148], [-74.14822, -12.6825], [-74.16853, -12.64344], [-74.14298, -12.57908], [-74.06317, -12.46279], [-74.02811, -12.44445], [-73.97635, -12.48736], [-73.87746, -12.43727]]]}}, {"type": "Feature", "id": "050408", "properties": {"IDDIST": "050408", "IDPROV": "0504", "IDDPTO": "05", "NOMBDIST": "LLOCHEGUA", "NOMBPROV": "HUANTA", "NOMBDEP": "AYACUCHO"}, "geometry": {"type": "Polygon", "coordinates": [[[-73.87746, -12.43727], [-73.97635, -12.48736], [-74.02811, -12.44445], [-74.06317, -12.46279], [-74.14298, -12.57908], [-74.19251, -12.53672], [-74.26035, -12.49232], [-74.26499, -12.44805], [-74.2339, -12.35968], [-74.18735, -12.30664], [-74.12144, -12.3336], [-74.09836, -12.28491], [-74.03776, -12.2623], [-73.9888, -12.27399], [-73.98045, -12.24259], [-73.96586, -12.33645], [-73.88679, -12.4054], [-73.87746, -12.43727]]]}}, {"type": "Feature", "id": "050402", "properties": {"IDDIST": "050402", "IDPROV": "0504", "IDDPTO": "05", "NOMBDIST": "AYAHUANCO", "NOMBPROV": "HUANTA", "NOMBDEP": "AYACUCHO"}, "geometry": {"type": "Polygon", "coordinates": [[[-74.34595, -12.17374], [-74.32187, -12.22978], [-74.29726, -12.22604], [-74.18735, -12.30664], [-74.2339, -12.35968], [-74.26499, -12.44805], [-74.26035, -12.49232], [-74.19251, -12.53672], [-74.22891, -12.58985], [-74.23631, -12.63873], [-74.30296, -12.64191], [-74.34165, -12.63017], [-74.38353, -12.57083], [-74.39995, -12.52361], [-74.42245, -12.44521], [-74.50716, -12.44806], [-74.54843, -12.37514], [-74.57599, -12.37317], [-74.58118, -12.33267], [-74.55212, -12.28734], [-74.50629, -12.31218], [-74.49215, -12.28108], [-74.44397, -12.27197], [-74.41629, -12.30477], [-74.38481, -12.26863], [-74.38886, -12.19267], [-74.34595, -12.17374]]]}}, {"type": "Feature", "id": "160603", "properties": {"IDDIST": "160603", "IDPROV": "1606", "IDDPTO": "16", "NOMBDIST": "PADRE MARQUEZ", "NOMBPROV": "UCAYALI", "NOMBDEP": "LORETO"}, "geometry": {"type": "Polygon", "coordinates": [[[-74.64314, -7.56229], [-74.57082, -7.66849], [-74.58403, -7.69849], [-74.55789, -7.74848], [-74.51572, -7.77717], [-74.56975, -7.81598], [-74.62798, -7.93983], [-74.69113, -7.96184], [-74.72794, -7.98101], [-74.77126, -8.03606], [-74.89644, -8.08127], [-74.98226, -7.96899], [-75.03335, -7.95005], [-75.09222, -7.97368], [-75.14249, -7.97864], [-75.18434, -8.0166], [-75.21457, -8.12714], [-75.24388, -8.15552], [-75.2878, -8.12551], [-75.37615, -8.13878], [-75.4153, -8.17054], [-75.38623, -8.10976], [-75.35462, -8.09798], [-75.35008, -8.04163], [-75.30409, -7.96819], [-75.22958, -7.93005], [-75.19432, -7.84606], [-75.15168, -7.81571], [-75.09952, -7.81317], [-75.05785, -7.78763], [-75.03244, -7.72408], [-74.99023, -7.6672], [-74.94722, -7.68173], [-74.9134, -7.71717], [-74.86412, -7.73956], [-74.80661, -7.78492], [-74.78027, -7.7798], [-74.72835, -7.71368], [-74.71813, -7.67322], [-74.66213, -7.65543], [-74.68049, -7.57601], [-74.64314, -7.56229]]]}}, {"type": "Feature", "id": "160601", "properties": {"IDDIST": "160601", "IDPROV": "1606", "IDDPTO": "16", "NOMBDIST": "CONTAMANA", "NOMBPROV": "UCAYALI", "NOMBDEP": "LORETO"}, "geometry": {"type": "Polygon", "coordinates": [[[-74.88129, -7.23418], [-74.83446, -7.29328], [-74.7199, -7.32177], [-74.64491, -7.30089], [-74.6251, -7.27049], [-74.64744, -7.24213], [-74.64192, -7.18701], [-74.61854, -7.17403], [-74.55038, -7.16611], [-74.50009, -7.26205], [-74.53573, -7.29443], [-74.57952, -7.40993], [-74.61607, -7.43504], [-74.6429, -7.50009], [-74.64314, -7.56229], [-74.68049, -7.57601], [-74.66213, -7.65543], [-74.71813, -7.67322], [-74.72835, -7.71368], [-74.78027, -7.7798], [-74.80661, -7.78492], [-74.86412, -7.73956], [-74.9134, -7.71717], [-74.94722, -7.68173], [-74.99023, -7.6672], [-75.03244, -7.72408], [-75.05785, -7.78763], [-75.09952, -7.81317], [-75.15168, -7.81571], [-75.19432, -7.84606], [-75.22958, -7.93005], [-75.30409, -7.96819], [-75.35008, -8.04163], [-75.35462, -8.09798], [-75.38623, -8.10976], [-75.4153, -8.17054], [-75.45304, -8.21045], [-75.50288, -8.28941], [-75.50406, -8.34884], [-75.48026, -8.37818], [-75.43532, -8.39311], [-75.44079, -8.43683], [-75.54662, -8.4665], [-75.59906, -8.41198], [-75.68731, -8.42329], [-75.71647, -8.48733], [-75.77868, -8.49385], [-75.77964, -8.54742], [-75.83339, -8.65229], [-75.89185, -8.66157], [-75.94575, -8.71614], [-75.97976, -8.636], [-75.96631, -8.59203], [-75.96491, -8.45174], [-75.94598, -8.40087], [-75.98496, -8.32215], [-75.93489, -8.31155], [-75.91336, -8.25439], [-75.94116, -8.18618], [-75.93403, -8.13443], [-75.94959, -8.09923], [-75.91701, -8.07178], [-75.84493, -8.05964], [-75.82949, -7.9735], [-75.7829, -7.82476], [-75.77478, -7.77473], [-75.72798, -7.65599], [-75.73275, -7.59026], [-75.68807, -7.52754], [-75.69029, -7.49858], [-75.64735, -7.48525], [-75.62753, -7.44832], [-75.5376, -7.38958], [-75.48767, -7.41484], [-75.47643, -7.44468], [-75.42653, -7.45325], [-75.40444, -7.3935], [-75.34857, -7.35078], [-75.24714, -7.24481], [-75.20885, -7.2198], [-75.15164, -7.20525], [-75.10548, -7.1614], [-75.02198, -7.13992], [-74.9942, -7.16543], [-74.94751, -7.13927], [-74.92913, -7.18745], [-74.88129, -7.23418]]]}}, {"type": "Feature", "id": "160602", "properties": {"IDDIST": "160602", "IDPROV": "1606", "IDDPTO": "16", "NOMBDIST": "INAHUAYA", "NOMBPROV": "UCAYALI", "NOMBDEP": "LORETO"}, "geometry": {"type": "Polygon", "coordinates": [[[-75.10987, -7.02547], [-75.13298, -7.06714], [-75.16459, -7.07531], [-75.21636, -7.05816], [-75.22054, -7.1034], [-75.31677, -7.15279], [-75.36761, -7.1658], [-75.38181, -7.13323], [-75.43627, -7.08458], [-75.48147, -7.02827], [-75.47707, -6.99053], [-75.44602, -6.97004], [-75.39362, -6.9752], [-75.35194, -6.94583], [-75.32667, -6.96963], [-75.24022, -6.93709], [-75.1934, -6.98105], [-75.17229, -6.96671], [-75.11776, -6.97495], [-75.10987, -7.02547]]]}}, {"type": "Feature", "id": "160604", "properties": {"IDDIST": "160604", "IDPROV": "1606", "IDDPTO": "16", "NOMBDIST": "PAMPA HERMOSA", "NOMBPROV": "UCAYALI", "NOMBDEP": "LORETO"}, "geometry": {"type": "Polygon", "coordinates": [[[-75.63344, -6.84306], [-75.62439, -6.91747], [-75.5778, -6.96215], [-75.53927, -6.96101], [-75.47707, -6.99053], [-75.48147, -7.02827], [-75.43627, -7.08458], [-75.38181, -7.13323], [-75.36761, -7.1658], [-75.31677, -7.15279], [-75.22054, -7.1034], [-75.21636, -7.05816], [-75.16459, -7.07531], [-75.13298, -7.06714], [-75.10987, -7.02547], [-75.08099, -7.02063], [-75.00163, -7.10556], [-75.02198, -7.13992], [-75.10548, -7.1614], [-75.15164, -7.20525], [-75.20885, -7.2198], [-75.24714, -7.24481], [-75.34857, -7.35078], [-75.40444, -7.3935], [-75.42653, -7.45325], [-75.47643, -7.44468], [-75.48767, -7.41484], [-75.5376, -7.38958], [-75.62753, -7.44832], [-75.64735, -7.48525], [-75.69029, -7.49858], [-75.68807, -7.52754], [-75.73275, -7.59026], [-75.72798, -7.65599], [-75.77478, -7.77473], [-75.7829, -7.82476], [-75.82949, -7.9735], [-75.85939, -7.92117], [-75.96698, -7.96036], [-76.00992, -7.85431], [-76.0438, -7.79234], [-76.08488, -7.76181], [-76.10159, -7.72266], [-76.09768, -7.64224], [-76.07989, -7.59116], [-76.09137, -7.56036], [-76.16615, -7.49431], [-76.21469, -7.39911], [-76.19604, -7.33353], [-76.21311, -7.31014], [-76.16666, -7.2676], [-76.14353, -7.20396], [-76.05994, -7.1613], [-76.04659, -7.12143], [-76.01072, -7.07838], [-76.01079, -6.99654], [-76.03564, -6.99315], [-76.05025, -6.93224], [-76.01053, -6.89361], [-76.0509, -6.81086], [-76.00994, -6.79986], [-75.96365, -6.78842], [-75.87889, -6.80191], [-75.84388, -6.79726], [-75.79418, -6.8214], [-75.76843, -6.85382], [-75.6977, -6.8686], [-75.6681, -6.82642], [-75.63344, -6.84306]]]}}, {"type": "Feature", "id": "160606", "properties": {"IDDIST": "160606", "IDPROV": "1606", "IDDPTO": "16", "NOMBDIST": "VARGAS GUERRA", "NOMBPROV": "UCAYALI", "NOMBDEP": "LORETO"}, "geometry": {"type": "Polygon", "coordinates": [[[-74.90141, -6.73271], [-74.8954, -6.8332], [-74.85097, -6.91452], [-74.79923, -6.97683], [-74.83661, -7.07167], [-74.87521, -7.12505], [-74.85236, -7.15814], [-74.88129, -7.23418], [-74.92913, -7.18745], [-74.94751, -7.13927], [-74.9942, -7.16543], [-75.02198, -7.13992], [-75.00163, -7.10556], [-75.08099, -7.02063], [-75.10987, -7.02547], [-75.11776, -6.97495], [-75.17229, -6.96671], [-75.1934, -6.98105], [-75.24022, -6.93709], [-75.32667, -6.96963], [-75.35194, -6.94583], [-75.39362, -6.9752], [-75.44602, -6.97004], [-75.47707, -6.99053], [-75.53927, -6.96101], [-75.5778, -6.96215], [-75.62439, -6.91747], [-75.56643, -6.92786], [-75.523, -6.9141], [-75.50353, -6.87872], [-75.3687, -6.87123], [-75.32373, -6.83055], [-75.29393, -6.84137], [-75.26587, -6.80992], [-75.20589, -6.78687], [-75.10054, -6.76447], [-75.06515, -6.77266], [-75.0378, -6.73565], [-75.00118, -6.71964], [-74.96619, -6.77104], [-74.90141, -6.73271]]]}}, {"type": "Feature", "id": "160502", "properties": {"IDDIST": "160502", "IDPROV": "1605", "IDDPTO": "16", "NOMBDIST": "ALTO TAPICHE", "NOMBPROV": "REQUENA", "NOMBDEP": "LORETO"}, "geometry": {"type": "Polygon", "coordinates": [[[-73.95703, -6.48472], [-73.93463, -6.52737], [-73.93222, -6.60806], [-74.00164, -6.68341], [-74.03899, -6.82029], [-73.98695, -6.86986], [-73.94897, -6.87076], [-73.91806, -6.92177], [-73.8676, -6.96236], [-73.87994, -7.00514], [-73.84322, -7.08385], [-73.79842, -7.11306], [-73.75663, -7.17331], [-73.75208, -7.20642], [-73.71662, -7.22756], [-73.71536, -7.27486], [-73.69488, -7.29907], [-73.72256, -7.34122], [-73.81866, -7.33822], [-73.85405, -7.35503], [-73.86158, -7.38814], [-73.92373, -7.36221], [-73.94083, -7.39395], [-73.91132, -7.47584], [-73.94281, -7.5337], [-73.98303, -7.53436], [-74.0338, -7.48486], [-74.03997, -7.44815], [-74.13839, -7.39635], [-74.18086, -7.35875], [-74.25902, -7.34405], [-74.31623, -7.35127], [-74.46265, -7.29894], [-74.50009, -7.26205], [-74.55038, -7.16611], [-74.61854, -7.17403], [-74.64255, -7.12289], [-74.61016, -7.08274], [-74.56667, -7.06429], [-74.52586, -7.01889], [-74.53248, -6.92432], [-74.51971, -6.83098], [-74.51318, -6.65438], [-74.47954, -6.5825], [-74.42667, -6.43804], [-74.41845, -6.31649], [-74.40779, -6.27665], [-74.37472, -6.25316], [-74.36487, -6.15613], [-74.29315, -6.10091], [-74.23935, -6.00072], [-74.17844, -5.94621], [-74.12353, -5.98433], [-74.11278, -6.00938], [-74.01226, -6.04439], [-74.03115, -6.17381], [-74.02236, -6.20441], [-74.03978, -6.34478], [-74.02218, -6.43578], [-73.99946, -6.47936], [-73.95703, -6.48472]]]}}, {"type": "Feature", "id": "160605", "properties": {"IDDIST": "160605", "IDPROV": "1606", "IDDPTO": "16", "NOMBDIST": "SARAYACU", "NOMBPROV": "UCAYALI", "NOMBDEP": "LORETO"}, "geometry": {"type": "Polygon", "coordinates": [[[-74.90141, -6.73271], [-74.96619, -6.77104], [-75.00118, -6.71964], [-75.0378, -6.73565], [-75.06515, -6.77266], [-75.10054, -6.76447], [-75.20589, -6.78687], [-75.26587, -6.80992], [-75.29393, -6.84137], [-75.32373, -6.83055], [-75.3687, -6.87123], [-75.50353, -6.87872], [-75.523, -6.9141], [-75.56643, -6.92786], [-75.62439, -6.91747], [-75.63344, -6.84306], [-75.5118, -6.78557], [-75.50123, -6.76705], [-75.50023, -6.64032], [-75.5093, -6.58298], [-75.50888, -6.52525], [-75.55009, -6.34771], [-75.49031, -6.26704], [-75.48719, -6.20342], [-75.52555, -6.16513], [-75.52937, -6.12216], [-75.39673, -6.08225], [-75.32884, -6.09931], [-75.18984, -6.07375], [-75.14693, -6.03927], [-75.04114, -6.00448], [-74.96169, -5.90149], [-74.8867, -5.86603], [-74.80817, -5.92936], [-74.76131, -5.92606], [-74.68901, -5.96045], [-74.69827, -6.02756], [-74.72439, -6.07457], [-74.77571, -6.10514], [-74.78993, -6.15528], [-74.86736, -6.2224], [-74.86506, -6.27286], [-74.88862, -6.31935], [-74.90585, -6.42633], [-74.9712, -6.51643], [-74.97551, -6.55493], [-74.95603, -6.68549], [-74.90141, -6.73271]]]}}, {"type": "Feature", "id": "160505", "properties": {"IDDIST": "160505", "IDPROV": "1605", "IDDPTO": "16", "NOMBDIST": "MAQUIA", "NOMBPROV": "REQUENA", "NOMBDEP": "LORETO"}, "geometry": {"type": "Polygon", "coordinates": [[[-74.49483, -5.68882], [-74.4741, -5.72308], [-74.48251, -5.76303], [-74.45724, -5.83599], [-74.48898, -5.8634], [-74.48633, -5.95956], [-74.57999, -6.11437], [-74.62538, -6.13271], [-74.66213, -6.23783], [-74.65932, -6.33192], [-74.6975, -6.4636], [-74.703, -6.53661], [-74.69165, -6.63623], [-74.73913, -6.74624], [-74.74375, -6.84792], [-74.66556, -6.90452], [-74.62604, -6.98314], [-74.62551, -7.06525], [-74.61016, -7.08274], [-74.64255, -7.12289], [-74.61854, -7.17403], [-74.64192, -7.18701], [-74.64744, -7.24213], [-74.6251, -7.27049], [-74.64491, -7.30089], [-74.7199, -7.32177], [-74.83446, -7.29328], [-74.88129, -7.23418], [-74.85236, -7.15814], [-74.87521, -7.12505], [-74.83661, -7.07167], [-74.79923, -6.97683], [-74.85097, -6.91452], [-74.8954, -6.8332], [-74.90141, -6.73271], [-74.95603, -6.68549], [-74.97551, -6.55493], [-74.9712, -6.51643], [-74.90585, -6.42633], [-74.88862, -6.31935], [-74.86506, -6.27286], [-74.86736, -6.2224], [-74.78993, -6.15528], [-74.77571, -6.10514], [-74.72439, -6.07457], [-74.69827, -6.02756], [-74.68901, -5.96045], [-74.76131, -5.92606], [-74.80817, -5.92936], [-74.8867, -5.86603], [-74.83309, -5.75602], [-74.80171, -5.72709], [-74.72634, -5.70359], [-74.70599, -5.66028], [-74.69947, -5.60309], [-74.63683, -5.53086], [-74.58731, -5.54973], [-74.53117, -5.54937], [-74.53091, -5.6277], [-74.49483, -5.68882]]]}}, {"type": "Feature", "id": "200804", "properties": {"IDDIST": "200804", "IDPROV": "2008", "IDDPTO": "20", "NOMBDIST": "CRISTO NOS VALGA", "NOMBPROV": "SECHURA", "NOMBDEP": "PIURA"}, "geometry": {"type": "Polygon", "coordinates": [[[-80.63671, -5.48608], [-80.56798, -5.4867], [-80.55258, -5.49227], [-80.53463, -5.60161], [-80.62592, -5.59886], [-80.76525, -5.53627], [-80.76842, -5.51282], [-80.76371, -5.49297], [-80.70173, -5.47715], [-80.63671, -5.48608]]]}}, {"type": "Feature", "id": "200801", "properties": {"IDDIST": "200801", "IDPROV": "2008", "IDDPTO": "20", "NOMBDIST": "SECHURA", "NOMBPROV": "SECHURA", "NOMBDEP": "PIURA"}, "geometry": {"type": "Polygon", "coordinates": [[[-80.79119, -5.48393], [-80.76842, -5.51282], [-80.76525, -5.53627], [-80.62592, -5.59886], [-80.53463, -5.60161], [-80.32297, -5.67933], [-80.2912, -5.67793], [-80.20769, -5.72148], [-80.10908, -5.7878], [-80.05298, -5.81124], [-80.13086, -5.88867], [-80.19891, -5.893], [-80.32741, -5.94744], [-80.37622, -6.00697], [-80.62706, -6.37187], [-80.62713, -6.37208], [-80.79792, -6.28898], [-80.91313, -6.19058], [-81.09157, -6.08203], [-81.14926, -5.98124], [-81.14929, -5.88923], [-81.12237, -5.84224], [-81.09746, -5.83817], [-81.06845, -5.78575], [-81.0217, -5.83056], [-80.94314, -5.84568], [-80.89149, -5.80982], [-80.86124, -5.74967], [-80.85255, -5.63549], [-80.88264, -5.54792], [-80.79119, -5.48393]]]}}, {"type": "Feature", "id": "160504", "properties": {"IDDIST": "160504", "IDPROV": "1605", "IDDPTO": "16", "NOMBDIST": "EMILIO SAN MARTIN", "NOMBPROV": "REQUENA", "NOMBDEP": "LORETO"}, "geometry": {"type": "Polygon", "coordinates": [[[-74.10978, -5.60588], [-74.19252, -5.65999], [-74.16644, -5.70799], [-74.16403, -5.7462], [-74.10266, -5.77586], [-74.1037, -5.79905], [-74.15858, -5.84087], [-74.1515, -5.8989], [-74.17844, -5.94621], [-74.23935, -6.00072], [-74.29315, -6.10091], [-74.36487, -6.15613], [-74.37472, -6.25316], [-74.40779, -6.27665], [-74.41845, -6.31649], [-74.42667, -6.43804], [-74.47954, -6.5825], [-74.51318, -6.65438], [-74.51971, -6.83098], [-74.53248, -6.92432], [-74.52586, -7.01889], [-74.56667, -7.06429], [-74.61016, -7.08274], [-74.62551, -7.06525], [-74.62604, -6.98314], [-74.66556, -6.90452], [-74.74375, -6.84792], [-74.73913, -6.74624], [-74.69165, -6.63623], [-74.703, -6.53661], [-74.6975, -6.4636], [-74.65932, -6.33192], [-74.66213, -6.23783], [-74.62538, -6.13271], [-74.57999, -6.11437], [-74.48633, -5.95956], [-74.48898, -5.8634], [-74.45724, -5.83599], [-74.48251, -5.76303], [-74.4741, -5.72308], [-74.49483, -5.68882], [-74.43923, -5.67108], [-74.3347, -5.60562], [-74.29964, -5.52005], [-74.29979, -5.47785], [-74.25051, -5.46677], [-74.17295, -5.50503], [-74.13246, -5.53964], [-74.10978, -5.60588]]]}}, {"type": "Feature", "id": "200806", "properties": {"IDDIST": "200806", "IDPROV": "2008", "IDDPTO": "20", "NOMBDIST": "RINCONADA LLICUAR", "NOMBPROV": "SECHURA", "NOMBDEP": "PIURA"}, "geometry": {"type": "Polygon", "coordinates": [[[-80.7571, -5.44451], [-80.75422, -5.44941], [-80.76371, -5.49297], [-80.76842, -5.51282], [-80.79119, -5.48393], [-80.7571, -5.44451]]]}}, {"type": "Feature", "id": "160210", "properties": {"IDDIST": "160210", "IDPROV": "1602", "IDDPTO": "16", "NOMBDIST": "SANTA CRUZ", "NOMBPROV": "ALTO AMAZONAS", "NOMBDEP": "LORETO"}, "geometry": {"type": "Polygon", "coordinates": [[[-75.51261, -5.67788], [-75.51448, -5.73926], [-75.56196, -5.77039], [-75.63476, -5.76094], [-75.67214, -5.72467], [-75.77642, -5.70936], [-75.80491, -5.72904], [-75.92663, -5.67746], [-75.94049, -5.64457], [-75.98946, -5.64033], [-76.0809, -5.59881], [-75.94943, -5.44089], [-75.85025, -5.47028], [-75.78467, -5.51738], [-75.66445, -5.57185], [-75.63316, -5.59351], [-75.57801, -5.66358], [-75.51261, -5.67788]]]}}, {"type": "Feature", "id": "160202", "properties": {"IDDIST": "160202", "IDPROV": "1602", "IDDPTO": "16", "NOMBDIST": "BALSAPUERTO", "NOMBPROV": "ALTO AMAZONAS", "NOMBDEP": "LORETO"}, "geometry": {"type": "Polygon", "coordinates": [[[-76.35629, -5.60518], [-76.35178, -5.66611], [-76.31526, -5.83549], [-76.31777, -5.86329], [-76.36208, -5.92306], [-76.41227, -5.95066], [-76.54769, -6.02186], [-76.67516, -6.01226], [-76.75443, -5.99839], [-76.74673, -5.95403], [-76.77774, -5.90055], [-76.81805, -5.86214], [-76.83545, -5.74556], [-76.89454, -5.74623], [-76.86951, -5.70356], [-76.82948, -5.69579], [-76.81443, -5.65672], [-76.84445, -5.60896], [-76.81247, -5.59099], [-76.85082, -5.53211], [-76.83221, -5.49851], [-76.77508, -5.44921], [-76.73512, -5.44998], [-76.71692, -5.48127], [-76.68357, -5.47532], [-76.62907, -5.43061], [-76.5696, -5.43633], [-76.53072, -5.48429], [-76.3952, -5.58617], [-76.35629, -5.60518]]]}}, {"type": "Feature", "id": "200304", "properties": {"IDDIST": "200304", "IDPROV": "2003", "IDDPTO": "20", "NOMBDIST": "HUARMACA", "NOMBPROV": "HUANCABAMBA", "NOMBDEP": "PIURA"}, "geometry": {"type": "Polygon", "coordinates": [[[-79.40334, -5.52442], [-79.39848, -5.53348], [-79.37555, -5.60619], [-79.39895, -5.72876], [-79.35249, -5.873], [-79.33357, -5.89415], [-79.36741, -5.93722], [-79.41861, -5.9701], [-79.49894, -5.91519], [-79.60132, -5.93954], [-79.62642, -5.88745], [-79.63143, -5.82903], [-79.68271, -5.84645], [-79.73733, -5.83765], [-79.73932, -5.79959], [-79.71728, -5.73935], [-79.75929, -5.69626], [-79.78693, -5.64659], [-79.83944, -5.63003], [-79.8004, -5.56215], [-79.77705, -5.56192], [-79.73738, -5.509], [-79.68161, -5.53098], [-79.64982, -5.52061], [-79.64253, -5.48519], [-79.59866, -5.48026], [-79.52139, -5.42487], [-79.45515, -5.49445], [-79.44385, -5.53047], [-79.40334, -5.52442]]]}}, {"type": "Feature", "id": "200803", "properties": {"IDDIST": "200803", "IDPROV": "2008", "IDDPTO": "20", "NOMBDIST": "BERNAL", "NOMBPROV": "SECHURA", "NOMBDEP": "PIURA"}, "geometry": {"type": "Polygon", "coordinates": [[[-80.70543, -5.42953], [-80.63533, -5.45037], [-80.63671, -5.48608], [-80.70173, -5.47715], [-80.76371, -5.49297], [-80.75422, -5.44941], [-80.72157, -5.42144], [-80.70543, -5.42953]]]}}, {"type": "Feature", "id": "200802", "properties": {"IDDIST": "200802", "IDPROV": "2008", "IDDPTO": "20", "NOMBDIST": "BELLAVISTA DE LA UNION", "NOMBPROV": "SECHURA", "NOMBDEP": "PIURA"}, "geometry": {"type": "Polygon", "coordinates": [[[-80.72157, -5.42144], [-80.75422, -5.44941], [-80.7571, -5.44451], [-80.74916, -5.41337], [-80.72157, -5.42144]]]}}, {"type": "Feature", "id": "200302", "properties": {"IDDIST": "200302", "IDPROV": "2003", "IDDPTO": "20", "NOMBDIST": "CANCHAQUE", "NOMBPROV": "HUANCABAMBA", "NOMBDEP": "PIURA"}, "geometry": {"type": "Polygon", "coordinates": [[[-79.54886, -5.30899], [-79.53821, -5.33801], [-79.5507, -5.37063], [-79.68667, -5.41171], [-79.76859, -5.42503], [-79.73199, -5.37704], [-79.66282, -5.36895], [-79.6552, -5.3333], [-79.6945, -5.25805], [-79.65507, -5.23539], [-79.60801, -5.17496], [-79.55982, -5.19325], [-79.57153, -5.27967], [-79.54886, -5.30899]]]}}, {"type": "Feature", "id": "200404", "properties": {"IDDIST": "200404", "IDPROV": "2004", "IDDPTO": "20", "NOMBDIST": "LA MATANZA", "NOMBPROV": "MORROPON", "NOMBDEP": "PIURA"}, "geometry": {"type": "Polygon", "coordinates": [[[-80.09252, -5.16224], [-80.03539, -5.17827], [-80.01712, -5.20724], [-79.99836, -5.24471], [-80.01091, -5.27725], [-79.93867, -5.37917], [-79.94587, -5.515], [-79.96854, -5.58117], [-79.99919, -5.58536], [-80.08393, -5.56044], [-80.1259, -5.51082], [-80.2599, -5.33035], [-80.15343, -5.17082], [-80.09252, -5.16224]]]}}, {"type": "Feature", "id": "200105", "properties": {"IDDIST": "200105", "IDPROV": "2001", "IDDPTO": "20", "NOMBDIST": "CATACAOS", "NOMBPROV": "PIURA", "NOMBDEP": "PIURA"}, "geometry": {"type": "Polygon", "coordinates": [[[-80.64854, -5.22635], [-80.56111, -5.26038], [-80.51687, -5.23561], [-80.36502, -5.23242], [-80.323, -5.29054], [-80.2599, -5.33035], [-80.1259, -5.51082], [-80.08393, -5.56044], [-79.99919, -5.58536], [-79.96854, -5.58117], [-79.99483, -5.75195], [-80.05298, -5.81124], [-80.10908, -5.7878], [-80.20769, -5.72148], [-80.2912, -5.67793], [-80.32297, -5.67933], [-80.53463, -5.60161], [-80.55258, -5.49227], [-80.56798, -5.4867], [-80.52563, -5.42109], [-80.52655, -5.35118], [-80.51478, -5.30033], [-80.5883, -5.30127], [-80.64074, -5.32109], [-80.69923, -5.31317], [-80.75051, -5.29096], [-80.80099, -5.21268], [-80.76807, -5.15198], [-80.70772, -5.1702], [-80.68976, -5.20297], [-80.64854, -5.22635]]]}}, {"type": "Feature", "id": "160503", "properties": {"IDDIST": "160503", "IDPROV": "1605", "IDDPTO": "16", "NOMBDIST": "CAPELO", "NOMBPROV": "REQUENA", "NOMBDEP": "LORETO"}, "geometry": {"type": "Polygon", "coordinates": [[[-74.10978, -5.60588], [-74.13246, -5.53964], [-74.17295, -5.50503], [-74.25051, -5.46677], [-74.29979, -5.47785], [-74.29402, -5.40475], [-74.18838, -5.32868], [-74.17779, -5.29815], [-74.19951, -5.2593], [-74.13425, -5.20602], [-74.0896, -5.14973], [-74.06838, -5.22078], [-73.99656, -5.24135], [-73.96546, -5.26735], [-73.96218, -5.30372], [-73.98788, -5.34539], [-74.04652, -5.36425], [-74.07451, -5.39466], [-74.05803, -5.48968], [-74.10226, -5.57103], [-74.10978, -5.60588]]]}}, {"type": "Feature", "id": "200305", "properties": {"IDDIST": "200305", "IDPROV": "2003", "IDDPTO": "20", "NOMBDIST": "LALAQUIZ", "NOMBPROV": "HUANCABAMBA", "NOMBDEP": "PIURA"}, "geometry": {"type": "Polygon", "coordinates": [[[-79.64221, -5.10722], [-79.61873, -5.09922], [-79.59784, -5.13634], [-79.60801, -5.17496], [-79.65507, -5.23539], [-79.6945, -5.25805], [-79.72004, -5.21525], [-79.71492, -5.12663], [-79.64221, -5.10722]]]}}, {"type": "Feature", "id": "160506", "properties": {"IDDIST": "160506", "IDPROV": "1605", "IDDPTO": "16", "NOMBDIST": "PUINAHUA", "NOMBPROV": "REQUENA", "NOMBDEP": "LORETO"}, "geometry": {"type": "Polygon", "coordinates": [[[-74.0896, -5.14973], [-74.13425, -5.20602], [-74.19951, -5.2593], [-74.17779, -5.29815], [-74.18838, -5.32868], [-74.29402, -5.40475], [-74.29979, -5.47785], [-74.29964, -5.52005], [-74.3347, -5.60562], [-74.43923, -5.67108], [-74.49483, -5.68882], [-74.53091, -5.6277], [-74.53117, -5.54937], [-74.58731, -5.54973], [-74.63683, -5.53086], [-74.69947, -5.60309], [-74.70599, -5.66028], [-74.72634, -5.70359], [-74.80171, -5.72709], [-74.83309, -5.75602], [-74.8867, -5.86603], [-74.96169, -5.90149], [-75.04114, -6.00448], [-75.14693, -6.03927], [-75.18984, -6.07375], [-75.32884, -6.09931], [-75.39673, -6.08225], [-75.52937, -6.12216], [-75.56893, -6.00039], [-75.56701, -5.95837], [-75.53415, -5.90235], [-75.51448, -5.73926], [-75.43713, -5.72542], [-75.38903, -5.69125], [-75.30493, -5.68621], [-75.2081, -5.6171], [-75.18158, -5.62323], [-75.06599, -5.4994], [-75.01947, -5.49693], [-74.9601, -5.51986], [-74.90209, -5.4703], [-74.82899, -5.45371], [-74.63801, -5.35401], [-74.61517, -5.30433], [-74.57292, -5.26432], [-74.45722, -5.21595], [-74.41834, -5.20693], [-74.35063, -5.15348], [-74.28094, -5.13323], [-74.24551, -5.13619], [-74.17719, -5.08331], [-74.0896, -5.14973]]]}}, {"type": "Feature", "id": "200408", "properties": {"IDDIST": "200408", "IDPROV": "2004", "IDDPTO": "20", "NOMBDIST": "SANTA CATALINA DE MOSSA", "NOMBPROV": "MORROPON", "NOMBDEP": "PIURA"}, "geometry": {"type": "Polygon", "coordinates": [[[-79.85246, -5.13597], [-79.89095, -5.18902], [-79.9302, -5.19575], [-79.92609, -5.1481], [-79.8938, -5.11548], [-79.88315, -5.07118], [-79.8321, -5.07383], [-79.81988, -5.11478], [-79.85246, -5.13597]]]}}, {"type": "Feature", "id": "200410", "properties": {"IDDIST": "200410", "IDPROV": "2004", "IDDPTO": "20", "NOMBDIST": "YAMANGO", "NOMBPROV": "MORROPON", "NOMBDEP": "PIURA"}, "geometry": {"type": "Polygon", "coordinates": [[[-79.64221, -5.10722], [-79.71492, -5.12663], [-79.72004, -5.21525], [-79.73541, -5.20479], [-79.808, -5.22962], [-79.89095, -5.18902], [-79.85246, -5.13597], [-79.80693, -5.14416], [-79.77745, -5.10682], [-79.70596, -5.06656], [-79.64221, -5.10722]]]}}, {"type": "Feature", "id": "200405", "properties": {"IDDIST": "200405", "IDPROV": "2004", "IDDPTO": "20", "NOMBDIST": "MORROPON", "NOMBPROV": "MORROPON", "NOMBDEP": "PIURA"}, "geometry": {"type": "Polygon", "coordinates": [[[-79.92609, -5.1481], [-79.9302, -5.19575], [-79.9636, -5.21477], [-80.01712, -5.20724], [-80.03539, -5.17827], [-80.09252, -5.16224], [-80.00221, -5.05923], [-79.99608, -5.10476], [-79.93305, -5.12081], [-79.92609, -5.1481]]]}}, {"type": "Feature", "id": "200301", "properties": {"IDDIST": "200301", "IDPROV": "2003", "IDDPTO": "20", "NOMBDIST": "HUANCABAMBA", "NOMBPROV": "HUANCABAMBA", "NOMBDEP": "PIURA"}, "geometry": {"type": "Polygon", "coordinates": [[[-79.48782, -5.11079], [-79.49931, -5.13356], [-79.37521, -5.17084], [-79.37226, -5.18392], [-79.34895, -5.25927], [-79.39917, -5.25248], [-79.43698, -5.28878], [-79.5, -5.31196], [-79.54886, -5.30899], [-79.57153, -5.27967], [-79.55982, -5.19325], [-79.60801, -5.17496], [-79.59784, -5.13634], [-79.61873, -5.09922], [-79.59525, -5.05665], [-79.51819, -5.08476], [-79.48782, -5.11079]]]}}, {"type": "Feature", "id": "200403", "properties": {"IDDIST": "200403", "IDPROV": "2004", "IDDPTO": "20", "NOMBDIST": "CHALACO", "NOMBPROV": "MORROPON", "NOMBDEP": "PIURA"}, "geometry": {"type": "Polygon", "coordinates": [[[-79.70596, -5.06656], [-79.77745, -5.10682], [-79.80693, -5.14416], [-79.85246, -5.13597], [-79.81988, -5.11478], [-79.8321, -5.07383], [-79.88315, -5.07118], [-79.79431, -4.9926], [-79.78848, -4.99082], [-79.72929, -5.02215], [-79.70596, -5.06656]]]}}, {"type": "Feature", "id": "160205", "properties": {"IDDIST": "160205", "IDPROV": "1602", "IDDPTO": "16", "NOMBDIST": "JEBEROS", "NOMBPROV": "ALTO AMAZONAS", "NOMBDEP": "LORETO"}, "geometry": {"type": "Polygon", "coordinates": [[[-75.91967, -5.0225], [-75.88915, -5.04834], [-75.78945, -5.01808], [-75.7448, -5.03785], [-75.71469, -5.01339], [-75.63164, -5.0309], [-75.68084, -5.10282], [-75.66602, -5.14849], [-75.74556, -5.15996], [-75.7875, -5.22786], [-75.87864, -5.30441], [-75.93388, -5.38054], [-75.94943, -5.44089], [-76.0809, -5.59881], [-76.14296, -5.6289], [-76.22149, -5.63115], [-76.35629, -5.60518], [-76.3952, -5.58617], [-76.53072, -5.48429], [-76.5696, -5.43633], [-76.62907, -5.43061], [-76.6254, -5.36742], [-76.58754, -5.31434], [-76.56602, -5.23308], [-76.52228, -5.24009], [-76.48307, -5.1241], [-76.46959, -5.00567], [-76.45404, -4.9866], [-76.41414, -5.0173], [-76.35927, -5.03159], [-76.22447, -5.01845], [-76.1694, -5.02173], [-76.07173, -5.0834], [-76.00115, -5.10026], [-75.91917, -5.0845], [-75.91967, -5.0225]]]}}, {"type": "Feature", "id": "160511", "properties": {"IDDIST": "160511", "IDPROV": "1605", "IDDPTO": "16", "NOMBDIST": "YAQUERANA", "NOMBPROV": "REQUENA", "NOMBDEP": "LORETO"}, "geometry": {"type": "Polygon", "coordinates": [[[-72.85497, -5.1387], [-72.88789, -5.16582], [-72.86403, -5.23459], [-72.86719, -5.29006], [-72.89569, -5.32497], [-72.92465, -5.40809], [-72.9579, -5.4644], [-72.94962, -5.54752], [-72.97373, -5.61344], [-72.95898, -5.65636], [-73.00707, -5.73256], [-73.03998, -5.75265], [-73.05735, -5.79649], [-73.15207, -5.86796], [-73.18546, -5.95008], [-73.18666, -6.00412], [-73.22234, -6.02206], [-73.24994, -6.13308], [-73.22092, -6.17686], [-73.18634, -6.26232], [-73.1607, -6.27667], [-73.1566, -6.3268], [-73.12977, -6.38846], [-73.10577, -6.4044], [-73.1117, -6.44692], [-73.14886, -6.51376], [-73.19939, -6.56935], [-73.32935, -6.59778], [-73.3524, -6.59332], [-73.39202, -6.64161], [-73.48329, -6.67323], [-73.52083, -6.6761], [-73.56167, -6.72148], [-73.60329, -6.73198], [-73.71046, -6.84019], [-73.72395, -6.88735], [-73.76131, -6.94012], [-73.76192, -7.06254], [-73.79842, -7.11306], [-73.84322, -7.08385], [-73.87994, -7.00514], [-73.8676, -6.96236], [-73.78938, -6.85635], [-73.78558, -6.79108], [-73.75389, -6.75208], [-73.72417, -6.7481], [-73.63174, -6.68297], [-73.60742, -6.63988], [-73.55717, -6.5954], [-73.5188, -6.52212], [-73.50588, -6.42241], [-73.4708, -6.36815], [-73.49699, -6.31862], [-73.45481, -6.28526], [-73.47985, -6.24573], [-73.45999, -6.20254], [-73.46155, -6.10425], [-73.52769, -6.09589], [-73.62289, -6.001], [-73.64725, -5.93553], [-73.69965, -5.8995], [-73.72958, -5.78339], [-73.72065, -5.7449], [-73.6759, -5.69249], [-73.66824, -5.62588], [-73.67498, -5.48723], [-73.66601, -5.46581], [-73.60756, -5.44275], [-73.6036, -5.41416], [-73.6508, -5.39738], [-73.68513, -5.34089], [-73.72309, -5.32378], [-73.73732, -5.28162], [-73.71993, -5.23283], [-73.68091, -5.24196], [-73.62682, -5.21405], [-73.60031, -5.14563], [-73.551, -5.1364], [-73.54172, -5.08393], [-73.45224, -5.09378], [-73.39043, -5.07067], [-73.23624, -4.97057], [-73.16992, -4.998], [-73.0981, -5.0008], [-73.05387, -5.03725], [-72.97774, -5.06325], [-72.91279, -5.1199], [-72.85497, -5.1387]]]}}, {"type": "Feature", "id": "200104", "properties": {"IDDIST": "200104", "IDPROV": "2001", "IDDPTO": "20", "NOMBDIST": "CASTILLA", "NOMBPROV": "PIURA", "NOMBDEP": "PIURA"}, "geometry": {"type": "Polygon", "coordinates": [[[-80.33807, -5.13717], [-80.36502, -5.23242], [-80.51687, -5.23561], [-80.56111, -5.26038], [-80.64854, -5.22635], [-80.61429, -5.15681], [-80.63172, -5.09986], [-80.61072, -5.07207], [-80.60231, -4.9751], [-80.50197, -4.9835], [-80.421, -5.05756], [-80.44621, -5.14425], [-80.33807, -5.13717]]]}}, {"type": "Feature", "id": "200409", "properties": {"IDDIST": "200409", "IDPROV": "2004", "IDDPTO": "20", "NOMBDIST": "SANTO DOMINGO", "NOMBPROV": "MORROPON", "NOMBDEP": "PIURA"}, "geometry": {"type": "Polygon", "coordinates": [[[-79.79431, -4.9926], [-79.88315, -5.07118], [-79.8938, -5.11548], [-79.92609, -5.1481], [-79.93305, -5.12081], [-79.99608, -5.10476], [-80.00221, -5.05923], [-79.97798, -5.0265], [-79.90917, -5.0194], [-79.86243, -4.97204], [-79.79431, -4.9926]]]}}, {"type": "Feature", "id": "160501", "properties": {"IDDIST": "160501", "IDPROV": "1605", "IDDPTO": "16", "NOMBDIST": "REQUENA", "NOMBPROV": "REQUENA", "NOMBDEP": "LORETO"}, "geometry": {"type": "Polygon", "coordinates": [[[-73.90047, -4.97127], [-73.78612, -4.95766], [-73.73415, -4.99965], [-73.73658, -5.06421], [-73.78458, -5.08678], [-73.80308, -5.15217], [-73.74079, -5.22893], [-73.71993, -5.23283], [-73.73732, -5.28162], [-73.72309, -5.32378], [-73.68513, -5.34089], [-73.6508, -5.39738], [-73.6036, -5.41416], [-73.60756, -5.44275], [-73.66601, -5.46581], [-73.67498, -5.48723], [-73.66824, -5.62588], [-73.6759, -5.69249], [-73.72065, -5.7449], [-73.72958, -5.78339], [-73.7783, -5.78378], [-73.82745, -5.69177], [-73.86527, -5.64154], [-73.86679, -5.57613], [-73.88695, -5.57416], [-73.94435, -5.57752], [-74.10978, -5.60588], [-74.10226, -5.57103], [-74.05803, -5.48968], [-74.07451, -5.39466], [-74.04652, -5.36425], [-73.98788, -5.34539], [-73.96218, -5.30372], [-73.96546, -5.26735], [-73.99656, -5.24135], [-74.06838, -5.22078], [-74.0896, -5.14973], [-74.17719, -5.08331], [-74.17045, -5.0327], [-74.13117, -5.01503], [-74.08939, -4.96916], [-74.04694, -4.94813], [-73.95442, -4.98116], [-73.93325, -5.01075], [-73.90047, -4.97127]]]}}, {"type": "Feature", "id": "200101", "properties": {"IDDIST": "200101", "IDPROV": "2001", "IDDPTO": "20", "NOMBDIST": "PIURA", "NOMBPROV": "PIURA", "NOMBDEP": "PIURA"}, "geometry": {"type": "Polygon", "coordinates": [[[-80.60231, -4.9751], [-80.61072, -5.07207], [-80.63172, -5.09986], [-80.61429, -5.15681], [-80.64854, -5.22635], [-80.68976, -5.20297], [-80.70772, -5.1702], [-80.76807, -5.15198], [-80.74463, -5.13007], [-80.70032, -5.01762], [-80.69769, -4.96009], [-80.60602, -4.92901], [-80.60231, -4.9751]]]}}, {"type": "Feature", "id": "200401", "properties": {"IDDIST": "200401", "IDPROV": "2004", "IDDPTO": "20", "NOMBDIST": "CHULUCANAS", "NOMBPROV": "MORROPON", "NOMBDEP": "PIURA"}, "geometry": {"type": "Polygon", "coordinates": [[[-80.10245, -4.92904], [-80.08256, -5.00447], [-80.0388, -5.02636], [-79.97798, -5.0265], [-80.00221, -5.05923], [-80.09252, -5.16224], [-80.15343, -5.17082], [-80.2599, -5.33035], [-80.323, -5.29054], [-80.36502, -5.23242], [-80.33807, -5.13717], [-80.28962, -5.07152], [-80.2215, -5.05045], [-80.25658, -4.99145], [-80.23431, -4.94831], [-80.17641, -4.97175], [-80.10245, -4.92904]]]}}, {"type": "Feature", "id": "200501", "properties": {"IDDIST": "200501", "IDPROV": "2005", "IDDPTO": "20", "NOMBDIST": "PAITA", "NOMBPROV": "PAITA", "NOMBDEP": "PIURA"}, "geometry": {"type": "Polygon", "coordinates": [[[-81.00656, -5.23272], [-81.02542, -5.24279], [-80.96149, -5.31105], [-80.99395, -5.38846], [-81.07817, -5.31321], [-81.10815, -5.31475], [-81.13812, -5.26362], [-81.19455, -5.21212], [-81.17357, -5.18413], [-81.16047, -5.12341], [-81.17136, -5.08832], [-81.13316, -5.07028], [-81.09067, -5.08174], [-81.06598, -5.05225], [-81.01689, -4.9245], [-80.97213, -4.97776], [-80.96257, -5.15905], [-81.00656, -5.23272]]]}}, {"type": "Feature", "id": "200606", "properties": {"IDDIST": "200606", "IDPROV": "2006", "IDDPTO": "20", "NOMBDIST": "MIGUEL CHECA", "NOMBPROV": "SULLANA", "NOMBDEP": "PIURA"}, "geometry": {"type": "Polygon", "coordinates": [[[-80.73713, -4.89919], [-80.69769, -4.96009], [-80.70032, -5.01762], [-80.74463, -5.13007], [-80.76807, -5.15198], [-80.80099, -5.21268], [-80.8277, -5.22501], [-80.84934, -5.29836], [-80.8596, -5.28136], [-80.84816, -5.09313], [-80.85081, -4.95071], [-80.82836, -4.90419], [-80.78418, -4.88623], [-80.73713, -4.89919]]]}}, {"type": "Feature", "id": "200503", "properties": {"IDDIST": "200503", "IDPROV": "2005", "IDDPTO": "20", "NOMBDIST": "ARENAL", "NOMBPROV": "PAITA", "NOMBDEP": "PIURA"}, "geometry": {"type": "Polygon", "coordinates": [[[-81.02442, -4.88481], [-81.01186, -4.90401], [-81.01887, -4.91788], [-81.02442, -4.88481]]]}}, {"type": "Feature", "id": "200505", "properties": {"IDDIST": "200505", "IDPROV": "2005", "IDDPTO": "20", "NOMBDIST": "LA HUACA", "NOMBPROV": "PAITA", "NOMBDEP": "PIURA"}, "geometry": {"type": "Polygon", "coordinates": [[[-80.9243, -4.89339], [-80.8382, -4.90165], [-80.82836, -4.90419], [-80.85081, -4.95071], [-80.84816, -5.09313], [-80.8596, -5.28136], [-80.93923, -5.23754], [-81.00656, -5.23272], [-80.96257, -5.15905], [-80.97213, -4.97776], [-81.01689, -4.9245], [-81.01887, -4.91788], [-81.01186, -4.90401], [-80.98721, -4.8867], [-80.9243, -4.89339]]]}}, {"type": "Feature", "id": "200504", "properties": {"IDDIST": "200504", "IDPROV": "2005", "IDDPTO": "20", "NOMBDIST": "COLAN", "NOMBPROV": "PAITA", "NOMBDEP": "PIURA"}, "geometry": {"type": "Polygon", "coordinates": [[[-81.02892, -4.85694], [-81.02442, -4.88481], [-81.01887, -4.91788], [-81.01689, -4.9245], [-81.06598, -5.05225], [-81.06674, -5.00535], [-81.08642, -4.96733], [-81.15049, -4.89168], [-81.04899, -4.87878], [-81.02892, -4.85694]]]}}, {"type": "Feature", "id": "160702", "properties": {"IDDIST": "160702", "IDPROV": "1607", "IDDPTO": "16", "NOMBDIST": "CAHUAPANAS", "NOMBPROV": "DATEM DEL MARAÑON", "NOMBDEP": "LORETO"}, "geometry": {"type": "Polygon", "coordinates": [[[-76.45404, -4.9866], [-76.46959, -5.00567], [-76.48307, -5.1241], [-76.52228, -5.24009], [-76.56602, -5.23308], [-76.58754, -5.31434], [-76.6254, -5.36742], [-76.62907, -5.43061], [-76.68357, -5.47532], [-76.71692, -5.48127], [-76.73512, -5.44998], [-76.77508, -5.44921], [-76.83221, -5.49851], [-76.85082, -5.53211], [-76.81247, -5.59099], [-76.84445, -5.60896], [-76.81443, -5.65672], [-76.82948, -5.69579], [-76.86951, -5.70356], [-76.89454, -5.74623], [-76.96135, -5.70608], [-76.99561, -5.66712], [-77.06008, -5.66741], [-77.05777, -5.60702], [-77.07389, -5.57471], [-77.14671, -5.50767], [-77.14402, -5.47898], [-77.18108, -5.43439], [-77.324, -5.34428], [-77.24844, -5.22191], [-77.20999, -5.22037], [-77.18873, -5.16441], [-77.19909, -5.106], [-77.18332, -5.07498], [-77.11648, -5.02869], [-76.99888, -5.0003], [-76.92871, -4.91381], [-76.86205, -4.96738], [-76.78393, -4.92053], [-76.78582, -4.88809], [-76.72719, -4.86225], [-76.66517, -4.8702], [-76.62486, -4.84774], [-76.5844, -4.86903], [-76.57402, -4.94344], [-76.46726, -4.97275], [-76.45404, -4.9866]]]}}, {"type": "Feature", "id": "200303", "properties": {"IDDIST": "200303", "IDPROV": "2003", "IDDPTO": "20", "NOMBDIST": "EL CARMEN DE LA FRONTERA", "NOMBPROV": "HUANCABAMBA", "NOMBDEP": "PIURA"}, "geometry": {"type": "Polygon", "coordinates": [[[-79.21007, -4.96524], [-79.24509, -5.00136], [-79.29436, -5.11048], [-79.3223, -5.11691], [-79.34177, -5.16327], [-79.37226, -5.18392], [-79.37521, -5.17084], [-79.49931, -5.13356], [-79.48782, -5.11079], [-79.4821, -5.02475], [-79.4514, -4.93724], [-79.40971, -4.90775], [-79.38914, -4.83428], [-79.35006, -4.88115], [-79.3207, -4.88685], [-79.26304, -4.96866], [-79.21007, -4.96524]]]}}, {"type": "Feature", "id": "200608", "properties": {"IDDIST": "200608", "IDPROV": "2006", "IDDPTO": "20", "NOMBDIST": "SALITRAL", "NOMBPROV": "SULLANA", "NOMBDEP": "PIURA"}, "geometry": {"type": "Polygon", "coordinates": [[[-80.6564, -4.86502], [-80.6942, -4.89318], [-80.70054, -4.84439], [-80.67609, -4.78932], [-80.6564, -4.86502]]]}}, {"type": "Feature", "id": "200507", "properties": {"IDDIST": "200507", "IDPROV": "2005", "IDDPTO": "20", "NOMBDIST": "VICHAYAL", "NOMBPROV": "PAITA", "NOMBDEP": "PIURA"}, "geometry": {"type": "Polygon", "coordinates": [[[-81.02892, -4.85694], [-81.04899, -4.87878], [-81.15049, -4.89168], [-81.21055, -4.8164], [-81.0431, -4.78543], [-81.02892, -4.85694]]]}}, {"type": "Feature", "id": "200202", "properties": {"IDDIST": "200202", "IDPROV": "2002", "IDDPTO": "20", "NOMBDIST": "FRIAS", "NOMBPROV": "AYABACA", "NOMBDEP": "PIURA"}, "geometry": {"type": "Polygon", "coordinates": [[[-79.9032, -4.83499], [-79.87659, -4.87943], [-79.80839, -4.91102], [-79.78848, -4.99082], [-79.79431, -4.9926], [-79.86243, -4.97204], [-79.90917, -5.0194], [-79.97798, -5.0265], [-80.0388, -5.02636], [-80.08256, -5.00447], [-80.10245, -4.92904], [-80.11709, -4.88237], [-80.0964, -4.83845], [-80.11476, -4.80497], [-80.07726, -4.77693], [-80.05404, -4.84096], [-79.97478, -4.86881], [-79.9032, -4.83499]]]}}, {"type": "Feature", "id": "200502", "properties": {"IDDIST": "200502", "IDPROV": "2005", "IDDPTO": "20", "NOMBDIST": "AMOTAPE", "NOMBPROV": "PAITA", "NOMBDEP": "PIURA"}, "geometry": {"type": "Polygon", "coordinates": [[[-80.98721, -4.8867], [-81.01186, -4.90401], [-81.02442, -4.88481], [-81.02892, -4.85694], [-81.0431, -4.78543], [-80.97687, -4.7732], [-80.9951, -4.84762], [-80.98721, -4.8867]]]}}, {"type": "Feature", "id": "200506", "properties": {"IDDIST": "200506", "IDPROV": "2005", "IDDPTO": "20", "NOMBDIST": "TAMARINDO", "NOMBPROV": "PAITA", "NOMBDEP": "PIURA"}, "geometry": {"type": "Polygon", "coordinates": [[[-80.9243, -4.89339], [-80.98721, -4.8867], [-80.9951, -4.84762], [-80.97687, -4.7732], [-80.96826, -4.77179], [-80.93193, -4.80492], [-80.95376, -4.86319], [-80.9243, -4.89339]]]}}, {"type": "Feature", "id": "200206", "properties": {"IDDIST": "200206", "IDPROV": "2002", "IDDPTO": "20", "NOMBDIST": "PACAIPAMPA", "NOMBPROV": "AYABACA", "NOMBDEP": "PIURA"}, "geometry": {"type": "Polygon", "coordinates": [[[-79.4514, -4.93724], [-79.4821, -5.02475], [-79.48782, -5.11079], [-79.51819, -5.08476], [-79.59525, -5.05665], [-79.61873, -5.09922], [-79.64221, -5.10722], [-79.70596, -5.06656], [-79.72929, -5.02215], [-79.78848, -4.99082], [-79.80839, -4.91102], [-79.87659, -4.87943], [-79.80585, -4.83687], [-79.76959, -4.75137], [-79.72519, -4.79951], [-79.65321, -4.82394], [-79.65576, -4.86411], [-79.62798, -4.88412], [-79.59144, -4.85071], [-79.50608, -4.86283], [-79.49259, -4.90893], [-79.4514, -4.93724]]]}}, {"type": "Feature", "id": "200603", "properties": {"IDDIST": "200603", "IDPROV": "2006", "IDDPTO": "20", "NOMBDIST": "IGNACIO ESCUDERO", "NOMBPROV": "SULLANA", "NOMBDEP": "PIURA"}, "geometry": {"type": "Polygon", "coordinates": [[[-80.8382, -4.90165], [-80.9243, -4.89339], [-80.95376, -4.86319], [-80.93193, -4.80492], [-80.96826, -4.77179], [-80.84821, -4.74837], [-80.81977, -4.84285], [-80.8382, -4.90165]]]}}, {"type": "Feature", "id": "160510", "properties": {"IDDIST": "160510", "IDPROV": "1605", "IDDPTO": "16", "NOMBDIST": "JENARO HERRERA", "NOMBPROV": "REQUENA", "NOMBDEP": "LORETO"}, "geometry": {"type": "Polygon", "coordinates": [[[-73.54172, -5.08393], [-73.551, -5.1364], [-73.60031, -5.14563], [-73.62682, -5.21405], [-73.68091, -5.24196], [-73.71993, -5.23283], [-73.74079, -5.22893], [-73.80308, -5.15217], [-73.78458, -5.08678], [-73.73658, -5.06421], [-73.73415, -4.99965], [-73.78612, -4.95766], [-73.90047, -4.97127], [-73.90182, -4.92874], [-73.87435, -4.88281], [-73.84384, -4.87141], [-73.76936, -4.80165], [-73.71298, -4.73719], [-73.64781, -4.78227], [-73.64817, -4.82103], [-73.59778, -4.88314], [-73.60169, -4.92055], [-73.56543, -4.96644], [-73.57939, -5.00763], [-73.53821, -5.05765], [-73.54172, -5.08393]]]}}, {"type": "Feature", "id": "200208", "properties": {"IDDIST": "200208", "IDPROV": "2002", "IDDPTO": "20", "NOMBDIST": "SAPILLICA", "NOMBPROV": "AYABACA", "NOMBDEP": "PIURA"}, "geometry": {"type": "Polygon", "coordinates": [[[-79.9168, -4.74265], [-79.9032, -4.83499], [-79.97478, -4.86881], [-80.05404, -4.84096], [-80.07726, -4.77693], [-80.09526, -4.75353], [-80.02569, -4.71823], [-80.01025, -4.69461], [-79.95462, -4.70645], [-79.9168, -4.74265]]]}}, {"type": "Feature", "id": "200204", "properties": {"IDDIST": "200204", "IDPROV": "2002", "IDDPTO": "20", "NOMBDIST": "LAGUNAS", "NOMBPROV": "AYABACA", "NOMBDEP": "PIURA"}, "geometry": {"type": "Polygon", "coordinates": [[[-79.84933, -4.71091], [-79.80883, -4.74986], [-79.76959, -4.75137], [-79.80585, -4.83687], [-79.87659, -4.87943], [-79.9032, -4.83499], [-79.9168, -4.74265], [-79.87707, -4.68694], [-79.84933, -4.71091]]]}}, {"type": "Feature", "id": "200114", "properties": {"IDDIST": "200114", "IDPROV": "2001", "IDDPTO": "20", "NOMBDIST": "TAMBO GRANDE", "NOMBPROV": "PIURA", "NOMBDEP": "PIURA"}, "geometry": {"type": "Polygon", "coordinates": [[[-80.09526, -4.75353], [-80.07726, -4.77693], [-80.11476, -4.80497], [-80.0964, -4.83845], [-80.11709, -4.88237], [-80.10245, -4.92904], [-80.17641, -4.97175], [-80.23431, -4.94831], [-80.25658, -4.99145], [-80.2215, -5.05045], [-80.28962, -5.07152], [-80.33807, -5.13717], [-80.44621, -5.14425], [-80.421, -5.05756], [-80.50197, -4.9835], [-80.60231, -4.9751], [-80.60602, -4.92901], [-80.54005, -4.83979], [-80.50743, -4.82337], [-80.41887, -4.82896], [-80.34754, -4.79229], [-80.29165, -4.80443], [-80.29714, -4.75165], [-80.22118, -4.71226], [-80.18274, -4.71455], [-80.19506, -4.77164], [-80.15086, -4.75493], [-80.09526, -4.75353]]]}}, {"type": "Feature", "id": "200601", "properties": {"IDDIST": "200601", "IDPROV": "2006", "IDDPTO": "20", "NOMBDIST": "SULLANA", "NOMBPROV": "SULLANA", "NOMBDEP": "PIURA"}, "geometry": {"type": "Polygon", "coordinates": [[[-80.35567, -4.771], [-80.34754, -4.79229], [-80.41887, -4.82896], [-80.50743, -4.82337], [-80.54005, -4.83979], [-80.60602, -4.92901], [-80.69769, -4.96009], [-80.73713, -4.89919], [-80.6942, -4.89318], [-80.6564, -4.86502], [-80.61376, -4.82996], [-80.61148, -4.8058], [-80.55749, -4.77119], [-80.54178, -4.70382], [-80.50946, -4.67108], [-80.43348, -4.69039], [-80.37142, -4.71936], [-80.35567, -4.771]]]}}, {"type": "Feature", "id": "200607", "properties": {"IDDIST": "200607", "IDPROV": "2006", "IDDPTO": "20", "NOMBDIST": "QUERECOTILLO", "NOMBPROV": "SULLANA", "NOMBDEP": "PIURA"}, "geometry": {"type": "Polygon", "coordinates": [[[-80.50946, -4.67108], [-80.54178, -4.70382], [-80.55749, -4.77119], [-80.61148, -4.8058], [-80.61376, -4.82996], [-80.6564, -4.86502], [-80.67609, -4.78932], [-80.67548, -4.74032], [-80.63339, -4.68145], [-80.62914, -4.6261], [-80.55352, -4.62408], [-80.50946, -4.67108]]]}}, {"type": "Feature", "id": "200703", "properties": {"IDDIST": "200703", "IDPROV": "2007", "IDDPTO": "20", "NOMBDIST": "LA BREA", "NOMBPROV": "TALARA", "NOMBDEP": "PIURA"}, "geometry": {"type": "Polygon", "coordinates": [[[-80.93471, -4.62326], [-80.87248, -4.68843], [-80.84821, -4.74837], [-80.96826, -4.77179], [-80.97687, -4.7732], [-81.0431, -4.78543], [-81.21055, -4.8164], [-81.3281, -4.68188], [-81.30965, -4.66182], [-81.29318, -4.59536], [-81.24341, -4.60897], [-81.10911, -4.59582], [-81.06004, -4.65123], [-80.98053, -4.66763], [-80.93471, -4.62326]]]}}, {"type": "Feature", "id": "200111", "properties": {"IDDIST": "200111", "IDPROV": "2001", "IDDPTO": "20", "NOMBDIST": "LAS LOMAS", "NOMBPROV": "PIURA", "NOMBDEP": "PIURA"}, "geometry": {"type": "Polygon", "coordinates": [[[-80.22143, -4.59545], [-80.15342, -4.60419], [-80.12357, -4.67301], [-80.03555, -4.65635], [-80.01025, -4.69461], [-80.02569, -4.71823], [-80.09526, -4.75353], [-80.15086, -4.75493], [-80.19506, -4.77164], [-80.18274, -4.71455], [-80.22118, -4.71226], [-80.29714, -4.75165], [-80.29165, -4.80443], [-80.34754, -4.79229], [-80.35567, -4.771], [-80.34313, -4.71033], [-80.37111, -4.67795], [-80.35667, -4.63684], [-80.24886, -4.58511], [-80.22143, -4.59545]]]}}, {"type": "Feature", "id": "200205", "properties": {"IDDIST": "200205", "IDPROV": "2002", "IDDPTO": "20", "NOMBDIST": "MONTERO", "NOMBPROV": "AYABACA", "NOMBDEP": "PIURA"}, "geometry": {"type": "Polygon", "coordinates": [[[-79.85782, -4.58326], [-79.78151, -4.60937], [-79.76293, -4.61754], [-79.82579, -4.67407], [-79.84933, -4.71091], [-79.87707, -4.68694], [-79.90358, -4.65696], [-79.899, -4.59263], [-79.85782, -4.58326]]]}}, {"type": "Feature", "id": "200207", "properties": {"IDDIST": "200207", "IDPROV": "2002", "IDDPTO": "20", "NOMBDIST": "PAIMAS", "NOMBPROV": "AYABACA", "NOMBDEP": "PIURA"}, "geometry": {"type": "Polygon", "coordinates": [[[-79.899, -4.59263], [-79.90358, -4.65696], [-79.87707, -4.68694], [-79.9168, -4.74265], [-79.95462, -4.70645], [-80.01025, -4.69461], [-80.03555, -4.65635], [-80.12357, -4.67301], [-80.15342, -4.60419], [-80.11483, -4.57278], [-80.0661, -4.58793], [-79.97901, -4.56712], [-79.899, -4.59263]]]}}, {"type": "Feature", "id": "200209", "properties": {"IDDIST": "200209", "IDPROV": "2002", "IDDPTO": "20", "NOMBDIST": "SICCHEZ", "NOMBPROV": "AYABACA", "NOMBDEP": "PIURA"}, "geometry": {"type": "Polygon", "coordinates": [[[-79.76293, -4.61754], [-79.78151, -4.60937], [-79.80475, -4.57163], [-79.79812, -4.52158], [-79.74432, -4.57534], [-79.76293, -4.61754]]]}}, {"type": "Feature", "id": "200203", "properties": {"IDDIST": "200203", "IDPROV": "2002", "IDDPTO": "20", "NOMBDIST": "JILILI", "NOMBPROV": "AYABACA", "NOMBDEP": "PIURA"}, "geometry": {"type": "Polygon", "coordinates": [[[-79.80172, -4.48867], [-79.79812, -4.52158], [-79.80475, -4.57163], [-79.78151, -4.60937], [-79.85782, -4.58326], [-79.8379, -4.54664], [-79.87865, -4.52313], [-79.853, -4.45131], [-79.80172, -4.48867]]]}}, {"type": "Feature", "id": "160507", "properties": {"IDDIST": "160507", "IDPROV": "1605", "IDDPTO": "16", "NOMBDIST": "SAQUENA", "NOMBPROV": "REQUENA", "NOMBDEP": "LORETO"}, "geometry": {"type": "Polygon", "coordinates": [[[-73.12944, -4.69554], [-73.10215, -4.78977], [-73.16432, -4.88005], [-73.23624, -4.97057], [-73.39043, -5.07067], [-73.45224, -5.09378], [-73.54172, -5.08393], [-73.53821, -5.05765], [-73.57939, -5.00763], [-73.56543, -4.96644], [-73.60169, -4.92055], [-73.59778, -4.88314], [-73.64817, -4.82103], [-73.64781, -4.78227], [-73.71298, -4.73719], [-73.64423, -4.71424], [-73.58198, -4.61868], [-73.52941, -4.5843], [-73.46483, -4.51521], [-73.45845, -4.46451], [-73.43522, -4.44636], [-73.3953, -4.47925], [-73.32256, -4.58432], [-73.26966, -4.63884], [-73.1556, -4.70971], [-73.12944, -4.69554]]]}}, {"type": "Feature", "id": "200201", "properties": {"IDDIST": "200201", "IDPROV": "2002", "IDDPTO": "20", "NOMBDIST": "AYABACA", "NOMBPROV": "AYABACA", "NOMBDEP": "PIURA"}, "geometry": {"type": "Polygon", "coordinates": [[[-79.38914, -4.83428], [-79.40971, -4.90775], [-79.4514, -4.93724], [-79.49259, -4.90893], [-79.50608, -4.86283], [-79.59144, -4.85071], [-79.62798, -4.88412], [-79.65576, -4.86411], [-79.65321, -4.82394], [-79.72519, -4.79951], [-79.76959, -4.75137], [-79.80883, -4.74986], [-79.84933, -4.71091], [-79.82579, -4.67407], [-79.76293, -4.61754], [-79.74432, -4.57534], [-79.79812, -4.52158], [-79.80172, -4.48867], [-79.70876, -4.47149], [-79.65546, -4.43416], [-79.62814, -4.43911], [-79.56339, -4.51427], [-79.49794, -4.52123], [-79.47939, -4.57285], [-79.48825, -4.62599], [-79.46446, -4.65046], [-79.45764, -4.69938], [-79.38914, -4.83428]]]}}, {"type": "Feature", "id": "200701", "properties": {"IDDIST": "200701", "IDPROV": "2007", "IDDPTO": "20", "NOMBDIST": "PARIÑAS", "NOMBPROV": "TALARA", "NOMBDEP": "PIURA"}, "geometry": {"type": "Polygon", "coordinates": [[[-80.93471, -4.62326], [-80.98053, -4.66763], [-81.06004, -4.65123], [-81.10911, -4.59582], [-81.24341, -4.60897], [-81.29318, -4.59536], [-81.2748, -4.57223], [-81.2978, -4.4964], [-81.27364, -4.50523], [-81.1999, -4.45277], [-81.17625, -4.4492], [-81.14537, -4.4032], [-81.04074, -4.38641], [-81.00037, -4.37581], [-80.98674, -4.34727], [-80.92315, -4.30786], [-80.86885, -4.33554], [-80.85231, -4.38307], [-80.88042, -4.49153], [-80.91944, -4.52033], [-80.89096, -4.59547], [-80.93471, -4.62326]]]}}, {"type": "Feature", "id": "200704", "properties": {"IDDIST": "200704", "IDPROV": "2007", "IDDPTO": "20", "NOMBDIST": "LOBITOS", "NOMBPROV": "TALARA", "NOMBDEP": "PIURA"}, "geometry": {"type": "Polygon", "coordinates": [[[-81.04074, -4.38641], [-81.14537, -4.4032], [-81.17625, -4.4492], [-81.1999, -4.45277], [-81.27364, -4.50523], [-81.2978, -4.4964], [-81.30036, -4.46497], [-81.26714, -4.43407], [-81.24928, -4.35482], [-81.26028, -4.3078], [-81.04074, -4.38641]]]}}, {"type": "Feature", "id": "200210", "properties": {"IDDIST": "200210", "IDPROV": "2002", "IDDPTO": "20", "NOMBDIST": "SUYO", "NOMBPROV": "AYABACA", "NOMBDEP": "PIURA"}, "geometry": {"type": "Polygon", "coordinates": [[[-79.853, -4.45131], [-79.87865, -4.52313], [-79.8379, -4.54664], [-79.85782, -4.58326], [-79.899, -4.59263], [-79.97901, -4.56712], [-80.0661, -4.58793], [-80.11483, -4.57278], [-80.15342, -4.60419], [-80.22143, -4.59545], [-80.20148, -4.56699], [-80.22213, -4.52987], [-80.21374, -4.49797], [-80.2338, -4.44182], [-80.28988, -4.43324], [-80.19486, -4.34636], [-80.17871, -4.30378], [-80.10424, -4.29096], [-79.99177, -4.37996], [-79.9207, -4.38561], [-79.87135, -4.41298], [-79.853, -4.45131]]]}}, {"type": "Feature", "id": "160701", "properties": {"IDDIST": "160701", "IDPROV": "1607", "IDDPTO": "16", "NOMBDIST": "BARRANCA", "NOMBPROV": "DATEM DEL MARAÑON", "NOMBDEP": "LORETO"}, "geometry": {"type": "Polygon", "coordinates": [[[-75.91967, -5.0225], [-75.91917, -5.0845], [-76.00115, -5.10026], [-76.07173, -5.0834], [-76.1694, -5.02173], [-76.22447, -5.01845], [-76.35927, -5.03159], [-76.41414, -5.0173], [-76.45404, -4.9866], [-76.46726, -4.97275], [-76.57402, -4.94344], [-76.5844, -4.86903], [-76.62486, -4.84774], [-76.66517, -4.8702], [-76.72719, -4.86225], [-76.78582, -4.88809], [-76.78393, -4.92053], [-76.86205, -4.96738], [-76.92871, -4.91381], [-76.99888, -5.0003], [-77.11648, -5.02869], [-77.18332, -5.07498], [-77.19909, -5.106], [-77.18873, -5.16441], [-77.20999, -5.22037], [-77.24844, -5.22191], [-77.324, -5.34428], [-77.18108, -5.43439], [-77.14402, -5.47898], [-77.14671, -5.50767], [-77.07389, -5.57471], [-77.05777, -5.60702], [-77.06008, -5.66741], [-77.13805, -5.63189], [-77.20078, -5.62656], [-77.23194, -5.59546], [-77.33832, -5.60347], [-77.37007, -5.56956], [-77.40873, -5.58916], [-77.46194, -5.58414], [-77.5174, -5.46675], [-77.55812, -5.42558], [-77.58167, -5.46118], [-77.67036, -5.40964], [-77.69596, -5.41105], [-77.70279, -5.38069], [-77.68207, -5.3384], [-77.69308, -5.26769], [-77.73956, -5.2126], [-77.70824, -5.19091], [-77.70832, -5.15082], [-77.64471, -5.08755], [-77.58117, -5.04131], [-77.51412, -5.01149], [-77.4847, -4.92965], [-77.44324, -4.91993], [-77.40415, -4.87416], [-77.38457, -4.93306], [-77.35142, -4.95182], [-77.32611, -4.89454], [-77.18226, -4.83432], [-77.12402, -4.84944], [-77.04618, -4.80824], [-76.95236, -4.83557], [-76.92898, -4.80303], [-77.00903, -4.74816], [-77.03956, -4.70782], [-77.06844, -4.59032], [-77.09039, -4.54006], [-77.1403, -4.47268], [-77.12548, -4.44342], [-77.14241, -4.36222], [-77.13145, -4.33483], [-77.06796, -4.26245], [-76.97343, -4.31242], [-76.94313, -4.37576], [-76.92531, -4.44209], [-76.89893, -4.46506], [-76.82724, -4.48522], [-76.76171, -4.55475], [-76.75014, -4.60736], [-76.72434, -4.63637], [-76.65013, -4.68168], [-76.623, -4.73198], [-76.57975, -4.74963], [-76.49235, -4.84344], [-76.4636, -4.85047], [-76.4072, -4.90792], [-76.40954, -4.96175], [-76.31113, -4.99164], [-76.30599, -4.95309], [-76.25573, -4.9148], [-76.19876, -4.94833], [-76.16306, -4.93449], [-76.12982, -5.00279], [-76.08537, -5.01343], [-76.00002, -5.05846], [-75.96843, -5.03167], [-75.91967, -5.0225]]]}}, {"type": "Feature", "id": "200702", "properties": {"IDDIST": "200702", "IDPROV": "2007", "IDDPTO": "20", "NOMBDIST": "EL ALTO", "NOMBPROV": "TALARA", "NOMBDEP": "PIURA"}, "geometry": {"type": "Polygon", "coordinates": [[[-80.90893, -4.22452], [-80.93771, -4.29109], [-80.92315, -4.30786], [-80.98674, -4.34727], [-81.00037, -4.37581], [-81.04074, -4.38641], [-81.26028, -4.3078], [-81.23705, -4.25068], [-81.20185, -4.22721], [-80.90893, -4.22452]]]}}, {"type": "Feature", "id": "160703", "properties": {"IDDIST": "160703", "IDPROV": "1607", "IDDPTO": "16", "NOMBDIST": "MANSERICHE", "NOMBPROV": "DATEM DEL MARAÑON", "NOMBDEP": "LORETO"}, "geometry": {"type": "Polygon", "coordinates": [[[-77.18226, -4.83432], [-77.32611, -4.89454], [-77.35142, -4.95182], [-77.38457, -4.93306], [-77.40415, -4.87416], [-77.44324, -4.91993], [-77.4847, -4.92965], [-77.51412, -5.01149], [-77.58117, -5.04131], [-77.64471, -5.08755], [-77.70832, -5.15082], [-77.74529, -5.13302], [-77.77429, -5.09718], [-77.82228, -5.08179], [-77.82462, -5.03178], [-77.75929, -4.95178], [-77.76015, -4.90935], [-77.79357, -4.84996], [-77.79462, -4.76301], [-77.77188, -4.71756], [-77.69451, -4.65867], [-77.67195, -4.62947], [-77.64063, -4.49652], [-77.59105, -4.48265], [-77.581, -4.45954], [-77.56539, -4.37246], [-77.58555, -4.25133], [-77.57112, -4.19516], [-77.51957, -4.20329], [-77.51538, -4.23146], [-77.44628, -4.28114], [-77.43321, -4.31924], [-77.45147, -4.3585], [-77.43113, -4.40869], [-77.36564, -4.49004], [-77.36504, -4.5522], [-77.30108, -4.61316], [-77.27592, -4.66646], [-77.17181, -4.68054], [-77.12583, -4.7384], [-77.1496, -4.7956], [-77.18226, -4.83432]]]}}, {"type": "Feature", "id": "200605", "properties": {"IDDIST": "200605", "IDPROV": "2006", "IDDPTO": "20", "NOMBDIST": "MARCAVELICA", "NOMBPROV": "SULLANA", "NOMBDEP": "PIURA"}, "geometry": {"type": "Polygon", "coordinates": [[[-80.84341, -4.18858], [-80.76301, -4.17491], [-80.71457, -4.19345], [-80.71859, -4.25586], [-80.76928, -4.31761], [-80.72526, -4.35758], [-80.72308, -4.45468], [-80.6556, -4.50723], [-80.63226, -4.54443], [-80.62914, -4.6261], [-80.63339, -4.68145], [-80.67548, -4.74032], [-80.67609, -4.78932], [-80.70054, -4.84439], [-80.6942, -4.89318], [-80.73713, -4.89919], [-80.78418, -4.88623], [-80.82836, -4.90419], [-80.8382, -4.90165], [-80.81977, -4.84285], [-80.84821, -4.74837], [-80.87248, -4.68843], [-80.93471, -4.62326], [-80.89096, -4.59547], [-80.91944, -4.52033], [-80.88042, -4.49153], [-80.85231, -4.38307], [-80.86885, -4.33554], [-80.92315, -4.30786], [-80.93771, -4.29109], [-80.90893, -4.22452], [-80.93638, -4.17824], [-80.84341, -4.18858]]]}}, {"type": "Feature", "id": "200705", "properties": {"IDDIST": "200705", "IDPROV": "2007", "IDDPTO": "20", "NOMBDIST": "LOS ORGANOS", "NOMBPROV": "TALARA", "NOMBDEP": "PIURA"}, "geometry": {"type": "Polygon", "coordinates": [[[-80.90893, -4.22452], [-81.20185, -4.22721], [-81.12654, -4.17303], [-81.09989, -4.12805], [-80.90893, -4.22452]]]}}, {"type": "Feature", "id": "200706", "properties": {"IDDIST": "200706", "IDPROV": "2007", "IDDPTO": "20", "NOMBDIST": "MANCORA", "NOMBPROV": "TALARA", "NOMBDEP": "PIURA"}, "geometry": {"type": "Polygon", "coordinates": [[[-80.93638, -4.17824], [-80.90893, -4.22452], [-81.09989, -4.12805], [-81.04142, -4.08755], [-80.97132, -4.12712], [-80.97078, -4.16691], [-80.93638, -4.17824]]]}}, {"type": "Feature", "id": "200604", "properties": {"IDDIST": "200604", "IDPROV": "2006", "IDDPTO": "20", "NOMBDIST": "LANCONES", "NOMBPROV": "SULLANA", "NOMBDEP": "PIURA"}, "geometry": {"type": "Polygon", "coordinates": [[[-80.28988, -4.43324], [-80.2338, -4.44182], [-80.21374, -4.49797], [-80.22213, -4.52987], [-80.20148, -4.56699], [-80.22143, -4.59545], [-80.24886, -4.58511], [-80.35667, -4.63684], [-80.37111, -4.67795], [-80.34313, -4.71033], [-80.35567, -4.771], [-80.37142, -4.71936], [-80.43348, -4.69039], [-80.50946, -4.67108], [-80.55352, -4.62408], [-80.62914, -4.6261], [-80.63226, -4.54443], [-80.6556, -4.50723], [-80.72308, -4.45468], [-80.72526, -4.35758], [-80.76928, -4.31761], [-80.71859, -4.25586], [-80.71457, -4.19345], [-80.66645, -4.21506], [-80.62322, -4.23178], [-80.56083, -4.1747], [-80.52435, -4.10741], [-80.48733, -4.08313], [-80.44932, -4.12525], [-80.43427, -4.19594], [-80.40928, -4.21854], [-80.37129, -4.19755], [-80.32883, -4.22313], [-80.36718, -4.28205], [-80.42672, -4.33658], [-80.45378, -4.38562], [-80.43879, -4.45644], [-80.38954, -4.48611], [-80.33587, -4.4674], [-80.28988, -4.43324]]]}}, {"type": "Feature", "id": "160403", "properties": {"IDDIST": "160403", "IDPROV": "1604", "IDDPTO": "16", "NOMBDIST": "YAVARI", "NOMBPROV": "MARISCAL RAMON CASTILLA", "NOMBDEP": "LORETO"}, "geometry": {"type": "Polygon", "coordinates": [[[-70.05665, -4.09508], [-70.03408, -4.13441], [-69.95569, -4.20764], [-69.94959, -4.27938], [-69.97442, -4.33278], [-70.0186, -4.35325], [-70.07086, -4.32232], [-70.07937, -4.28541], [-70.15814, -4.27721], [-70.15383, -4.319], [-70.18084, -4.3554], [-70.24582, -4.28462], [-70.30915, -4.24922], [-70.27853, -4.22893], [-70.29395, -4.15931], [-70.37979, -4.13391], [-70.43282, -4.13129], [-70.46631, -4.17576], [-70.52604, -4.13608], [-70.55868, -4.1708], [-70.61624, -4.19348], [-70.64462, -4.12695], [-70.69432, -4.18667], [-70.74703, -4.16121], [-70.81661, -4.19711], [-70.82858, -4.24815], [-70.86463, -4.25615], [-70.87638, -4.32165], [-70.94829, -4.37602], [-71.07423, -4.3941], [-71.10579, -4.37631], [-71.18548, -4.39789], [-71.21299, -4.37664], [-71.26752, -4.40717], [-71.26188, -4.42783], [-71.34095, -4.43937], [-71.38773, -4.4256], [-71.41881, -4.46471], [-71.47918, -4.43492], [-71.53592, -4.46258], [-71.56956, -4.50823], [-71.61591, -4.52814], [-71.64791, -4.50273], [-71.7068, -4.50989], [-71.7397, -4.48164], [-71.865, -4.52645], [-71.91851, -4.5293], [-71.9186, -4.56191], [-71.98221, -4.62743], [-72.0374, -4.63666], [-72.08028, -4.66867], [-72.10305, -4.70657], [-72.18593, -4.74279], [-72.26916, -4.79715], [-72.31161, -4.77441], [-72.32589, -4.80156], [-72.37857, -4.83483], [-72.41493, -4.90032], [-72.45255, -4.90099], [-72.48569, -4.93519], [-72.52048, -4.93281], [-72.60536, -4.99918], [-72.60652, -5.02822], [-72.65455, -5.06284], [-72.72865, -5.05484], [-72.76107, -5.09311], [-72.81985, -5.13278], [-72.85497, -5.1387], [-72.91279, -5.1199], [-72.97774, -5.06325], [-73.05387, -5.03725], [-73.0981, -5.0008], [-73.16992, -4.998], [-73.23624, -4.97057], [-73.16432, -4.88005], [-73.10215, -4.78977], [-73.12944, -4.69554], [-73.06326, -4.66973], [-73.03524, -4.63254], [-73.035, -4.55406], [-73.00677, -4.50785], [-72.93468, -4.4671], [-72.81144, -4.49854], [-72.78338, -4.48846], [-72.75656, -4.38272], [-72.6351, -4.39913], [-72.60294, -4.35523], [-72.62856, -4.30365], [-72.48177, -4.2933], [-72.38776, -4.20853], [-72.43674, -4.16153], [-72.4244, -4.11608], [-72.38326, -4.04276], [-72.15678, -4.02459], [-72.11334, -4.02732], [-72.04447, -4.05942], [-72.01324, -4.08812], [-71.95766, -4.10898], [-71.88294, -4.16277], [-71.7653, -4.15304], [-71.72346, -4.13123], [-71.62955, -4.15761], [-71.59107, -4.15351], [-71.51506, -4.19643], [-71.46094, -4.20674], [-71.37318, -4.24417], [-71.27027, -4.24775], [-71.18356, -4.20419], [-71.12545, -4.20053], [-71.07206, -4.1774], [-70.98613, -4.17148], [-70.95078, -4.15521], [-70.90694, -4.13963], [-70.83013, -4.08314], [-70.79404, -4.07429], [-70.73718, -4.02745], [-70.67054, -4.01987], [-70.5888, -4.04533], [-70.55688, -4.03695], [-70.50554, -4.05415], [-70.43563, -4.04484], [-70.4041, -4.05674], [-70.34863, -4.10802], [-70.2471, -4.12733], [-70.21027, -4.1037], [-70.16992, -4.12724], [-70.14646, -4.09275], [-70.09184, -4.10934], [-70.05665, -4.09508]]]}}, {"type": "Feature", "id": "160302", "properties": {"IDDIST": "160302", "IDPROV": "1603", "IDDPTO": "16", "NOMBDIST": "PARINARI", "NOMBPROV": "LORETO", "NOMBDEP": "LORETO"}, "geometry": {"type": "Polygon", "coordinates": [[[-74.04694, -4.94813], [-74.08939, -4.96916], [-74.13117, -5.01503], [-74.17045, -5.0327], [-74.17719, -5.08331], [-74.24551, -5.13619], [-74.28094, -5.13323], [-74.35063, -5.15348], [-74.41834, -5.20693], [-74.45722, -5.21595], [-74.57292, -5.26432], [-74.61517, -5.30433], [-74.63801, -5.35401], [-74.82899, -5.45371], [-74.90209, -5.4703], [-74.9601, -5.51986], [-75.01947, -5.49693], [-75.06599, -5.4994], [-75.18158, -5.62323], [-75.2081, -5.6171], [-75.30493, -5.68621], [-75.38903, -5.69125], [-75.43713, -5.72542], [-75.51448, -5.73926], [-75.51261, -5.67788], [-75.45475, -5.5737], [-75.49732, -5.58818], [-75.57235, -5.57229], [-75.64013, -5.49678], [-75.6168, -5.46235], [-75.63333, -5.41014], [-75.56966, -5.30083], [-75.56016, -5.26711], [-75.61803, -5.20272], [-75.59948, -5.16703], [-75.51004, -5.11229], [-75.43864, -5.02645], [-75.41661, -4.9872], [-75.2838, -4.87156], [-75.13787, -4.86784], [-75.09563, -4.83113], [-75.0017, -4.83252], [-74.92882, -4.77938], [-74.84592, -4.75928], [-74.75933, -4.69717], [-74.7402, -4.67015], [-74.72812, -4.51566], [-74.82886, -4.46673], [-74.83068, -4.41928], [-74.88216, -4.22238], [-74.95671, -4.10933], [-74.97098, -4.03132], [-74.99181, -4.00687], [-74.94307, -3.93879], [-74.92764, -3.97225], [-74.91507, -4.0794], [-74.84385, -4.17413], [-74.81481, -4.22668], [-74.74843, -4.3055], [-74.65923, -4.32763], [-74.61399, -4.40413], [-74.56944, -4.44253], [-74.50846, -4.47158], [-74.45435, -4.51837], [-74.39739, -4.54482], [-74.34795, -4.54115], [-74.30955, -4.55872], [-74.27472, -4.61642], [-74.17321, -4.67643], [-74.15096, -4.71075], [-74.07286, -4.73854], [-74.04589, -4.79582], [-74.07178, -4.84566], [-74.0719, -4.90366], [-74.04694, -4.94813]]]}}, {"type": "Feature", "id": "160301", "properties": {"IDDIST": "160301", "IDPROV": "1603", "IDDPTO": "16", "NOMBDIST": "NAUTA", "NOMBPROV": "LORETO", "NOMBDEP": "LORETO"}, "geometry": {"type": "Polygon", "coordinates": [[[-74.13544, -4.06188], [-74.10171, -4.17703], [-74.0587, -4.24761], [-73.94526, -4.3245], [-73.937, -4.3719], [-73.88352, -4.38843], [-73.83358, -4.43862], [-73.74709, -4.44906], [-73.69192, -4.43978], [-73.59268, -4.38182], [-73.54922, -4.34133], [-73.48814, -4.32365], [-73.46821, -4.2849], [-73.40029, -4.23855], [-73.38062, -4.26], [-73.4428, -4.30635], [-73.42056, -4.42419], [-73.43522, -4.44636], [-73.45845, -4.46451], [-73.46483, -4.51521], [-73.52941, -4.5843], [-73.58198, -4.61868], [-73.64423, -4.71424], [-73.71298, -4.73719], [-73.76936, -4.80165], [-73.84384, -4.87141], [-73.87435, -4.88281], [-73.90182, -4.92874], [-73.90047, -4.97127], [-73.93325, -5.01075], [-73.95442, -4.98116], [-74.04694, -4.94813], [-74.0719, -4.90366], [-74.07178, -4.84566], [-74.04589, -4.79582], [-74.07286, -4.73854], [-74.15096, -4.71075], [-74.17321, -4.67643], [-74.27472, -4.61642], [-74.30955, -4.55872], [-74.34795, -4.54115], [-74.39739, -4.54482], [-74.45435, -4.51837], [-74.50846, -4.47158], [-74.56944, -4.44253], [-74.61399, -4.40413], [-74.65923, -4.32763], [-74.74843, -4.3055], [-74.81481, -4.22668], [-74.84385, -4.17413], [-74.91507, -4.0794], [-74.92764, -3.97225], [-74.94307, -3.93879], [-74.90449, -3.95415], [-74.84949, -3.99852], [-74.75722, -4.1112], [-74.57735, -4.17021], [-74.50811, -4.23226], [-74.38345, -4.27478], [-74.31568, -4.31584], [-74.29716, -4.26239], [-74.29504, -4.20281], [-74.30617, -4.09432], [-74.25607, -4.00942], [-74.24655, -3.97617], [-74.27777, -3.88556], [-74.27065, -3.83667], [-74.21914, -3.854], [-74.19222, -3.88246], [-74.14791, -3.98932], [-74.13544, -4.06188]]]}}, {"type": "Feature", "id": "160103", "properties": {"IDDIST": "160103", "IDPROV": "1601", "IDDPTO": "16", "NOMBDIST": "FERNANDO LORES", "NOMBPROV": "MAYNAS", "NOMBDEP": "LORETO"}, "geometry": {"type": "Polygon", "coordinates": [[[-73.08526, -3.8126], [-73.0572, -3.89691], [-72.99278, -3.94377], [-72.99281, -4.04632], [-72.96603, -4.07079], [-72.92272, -4.0707], [-72.85515, -4.1142], [-72.78137, -4.23498], [-72.74684, -4.25695], [-72.75656, -4.38272], [-72.78338, -4.48846], [-72.81144, -4.49854], [-72.93468, -4.4671], [-73.00677, -4.50785], [-73.035, -4.55406], [-73.03524, -4.63254], [-73.06326, -4.66973], [-73.12944, -4.69554], [-73.1556, -4.70971], [-73.26966, -4.63884], [-73.32256, -4.58432], [-73.3953, -4.47925], [-73.43522, -4.44636], [-73.42056, -4.42419], [-73.4428, -4.30635], [-73.38062, -4.26], [-73.40029, -4.23855], [-73.38697, -4.19368], [-73.38571, -4.10575], [-73.2803, -4.04027], [-73.28288, -3.99332], [-73.26226, -3.91326], [-73.17153, -3.80947], [-73.08526, -3.8126]]]}}, {"type": "Feature", "id": "160113", "properties": {"IDDIST": "160113", "IDPROV": "1601", "IDDPTO": "16", "NOMBDIST": "SAN JUAN BAUTISTA", "NOMBPROV": "MAYNAS", "NOMBDEP": "LORETO"}, "geometry": {"type": "Polygon", "coordinates": [[[-73.26011, -3.76494], [-73.31751, -3.86765], [-73.3181, -3.93126], [-73.35798, -3.98183], [-73.38092, -4.03964], [-73.38571, -4.10575], [-73.38697, -4.19368], [-73.40029, -4.23855], [-73.46821, -4.2849], [-73.48814, -4.32365], [-73.54922, -4.34133], [-73.59268, -4.38182], [-73.69192, -4.43978], [-73.74709, -4.44906], [-73.83358, -4.43862], [-73.88352, -4.38843], [-73.937, -4.3719], [-73.94526, -4.3245], [-74.0587, -4.24761], [-74.10171, -4.17703], [-74.13544, -4.06188], [-74.03887, -4.05329], [-73.97392, -4.0576], [-73.94128, -4.1013], [-73.82743, -4.14446], [-73.71811, -4.17543], [-73.66892, -4.15452], [-73.66718, -3.89389], [-73.64764, -3.90734], [-73.59096, -3.86784], [-73.5169, -3.85653], [-73.4798, -3.86637], [-73.45211, -3.84398], [-73.38495, -3.83913], [-73.39455, -3.81189], [-73.29672, -3.74189], [-73.26011, -3.76494]]]}}, {"type": "Feature", "id": "160101", "properties": {"IDDIST": "160101", "IDPROV": "1601", "IDDPTO": "16", "NOMBDIST": "IQUITOS", "NOMBPROV": "MAYNAS", "NOMBDEP": "LORETO"}, "geometry": {"type": "Polygon", "coordinates": [[[-73.23643, -3.73224], [-73.26011, -3.76494], [-73.29672, -3.74189], [-73.39455, -3.81189], [-73.38495, -3.83913], [-73.45211, -3.84398], [-73.4798, -3.86637], [-73.5169, -3.85653], [-73.59096, -3.86784], [-73.51514, -3.71949], [-73.49734, -3.74166], [-73.42853, -3.73726], [-73.35371, -3.71216], [-73.3197, -3.68625], [-73.23643, -3.73224]]]}}, {"type": "Feature", "id": "160206", "properties": {"IDDIST": "160206", "IDPROV": "1602", "IDDPTO": "16", "NOMBDIST": "LAGUNAS", "NOMBPROV": "ALTO AMAZONAS", "NOMBDEP": "LORETO"}, "geometry": {"type": "Polygon", "coordinates": [[[-76.2897, -3.69122], [-76.24529, -3.75106], [-76.24735, -3.78557], [-76.2064, -3.84465], [-76.20315, -3.92463], [-76.17262, -3.95544], [-76.16502, -4.03397], [-76.14976, -4.0632], [-76.05807, -4.15665], [-76.02307, -4.21874], [-75.97631, -4.33166], [-75.95587, -4.42507], [-75.90108, -4.4576], [-75.86262, -4.52023], [-75.89054, -4.55681], [-75.88163, -4.61777], [-75.85139, -4.65888], [-75.74308, -4.73487], [-75.73757, -4.82594], [-75.72233, -4.87165], [-75.66454, -4.93319], [-75.52861, -4.93752], [-75.41661, -4.9872], [-75.43864, -5.02645], [-75.51004, -5.11229], [-75.59948, -5.16703], [-75.61803, -5.20272], [-75.56016, -5.26711], [-75.56966, -5.30083], [-75.63333, -5.41014], [-75.6168, -5.46235], [-75.64013, -5.49678], [-75.57235, -5.57229], [-75.49732, -5.58818], [-75.45475, -5.5737], [-75.51261, -5.67788], [-75.57801, -5.66358], [-75.63316, -5.59351], [-75.66445, -5.57185], [-75.78467, -5.51738], [-75.85025, -5.47028], [-75.94943, -5.44089], [-75.93388, -5.38054], [-75.87864, -5.30441], [-75.7875, -5.22786], [-75.74556, -5.15996], [-75.66602, -5.14849], [-75.68084, -5.10282], [-75.63164, -5.0309], [-75.71469, -5.01339], [-75.7448, -5.03785], [-75.75999, -4.99827], [-75.8295, -4.97664], [-76.00712, -4.85198], [-76.03447, -4.81631], [-76.07092, -4.8337], [-76.10782, -4.78922], [-76.14076, -4.79753], [-76.17194, -4.76883], [-76.16238, -4.7047], [-76.20438, -4.67429], [-76.19701, -4.62433], [-76.26324, -4.52895], [-76.32254, -4.4708], [-76.33791, -4.41865], [-76.30901, -4.39328], [-76.31995, -4.35841], [-76.22721, -4.24529], [-76.23651, -4.18712], [-76.33047, -4.11449], [-76.34947, -4.04415], [-76.39073, -4.00226], [-76.41499, -3.95701], [-76.414, -3.86436], [-76.37598, -3.80131], [-76.33251, -3.76238], [-76.32776, -3.69938], [-76.2897, -3.69122]]]}}, {"type": "Feature", "id": "160112", "properties": {"IDDIST": "160112", "IDPROV": "1601", "IDDPTO": "16", "NOMBDIST": "BELEN", "NOMBPROV": "MAYNAS", "NOMBDEP": "LORETO"}, "geometry": {"type": "Polygon", "coordinates": [[[-73.08526, -3.8126], [-73.17153, -3.80947], [-73.26226, -3.91326], [-73.28288, -3.99332], [-73.2803, -4.04027], [-73.38571, -4.10575], [-73.38092, -4.03964], [-73.35798, -3.98183], [-73.3181, -3.93126], [-73.31751, -3.86765], [-73.26011, -3.76494], [-73.23643, -3.73224], [-73.20429, -3.64381], [-73.14011, -3.59945], [-73.11983, -3.62633], [-73.05596, -3.66888], [-73.05552, -3.7107], [-73.08526, -3.8126]]]}}, {"type": "Feature", "id": "160305", "properties": {"IDDIST": "160305", "IDPROV": "1603", "IDDPTO": "16", "NOMBDIST": "URARINAS", "NOMBPROV": "LORETO", "NOMBDEP": "LORETO"}, "geometry": {"type": "Polygon", "coordinates": [[[-75.15272, -3.8494], [-75.12028, -3.87375], [-74.9884, -3.90155], [-74.94307, -3.93879], [-74.99181, -4.00687], [-74.97098, -4.03132], [-74.95671, -4.10933], [-74.88216, -4.22238], [-74.83068, -4.41928], [-74.82886, -4.46673], [-74.72812, -4.51566], [-74.7402, -4.67015], [-74.75933, -4.69717], [-74.84592, -4.75928], [-74.92882, -4.77938], [-75.0017, -4.83252], [-75.09563, -4.83113], [-75.13787, -4.86784], [-75.2838, -4.87156], [-75.41661, -4.9872], [-75.52861, -4.93752], [-75.66454, -4.93319], [-75.72233, -4.87165], [-75.73757, -4.82594], [-75.74308, -4.73487], [-75.85139, -4.65888], [-75.88163, -4.61777], [-75.89054, -4.55681], [-75.86262, -4.52023], [-75.90108, -4.4576], [-75.95587, -4.42507], [-75.97631, -4.33166], [-76.02307, -4.21874], [-76.05807, -4.15665], [-76.14976, -4.0632], [-76.16502, -4.03397], [-76.17262, -3.95544], [-76.20315, -3.92463], [-76.2064, -3.84465], [-76.24735, -3.78557], [-76.24529, -3.75106], [-76.2897, -3.69122], [-76.28486, -3.66618], [-76.23408, -3.63483], [-76.25937, -3.57561], [-76.20618, -3.52806], [-76.17121, -3.57015], [-76.05991, -3.63267], [-75.99703, -3.63503], [-75.8902, -3.67202], [-75.70938, -3.71188], [-75.64588, -3.73422], [-75.55821, -3.7272], [-75.47719, -3.77896], [-75.38004, -3.77804], [-75.32633, -3.75924], [-75.26911, -3.81621], [-75.19156, -3.85241], [-75.15272, -3.8494]]]}}, {"type": "Feature", "id": "160104", "properties": {"IDDIST": "160104", "IDPROV": "1601", "IDDPTO": "16", "NOMBDIST": "INDIANA", "NOMBPROV": "MAYNAS", "NOMBDEP": "LORETO"}, "geometry": {"type": "Polygon", "coordinates": [[[-72.82992, -3.39938], [-72.81285, -3.44902], [-72.73571, -3.48242], [-72.71666, -3.50549], [-72.76849, -3.55545], [-72.76408, -3.64752], [-72.70244, -3.66521], [-72.70343, -3.70904], [-72.64367, -3.73908], [-72.65625, -3.78432], [-72.63039, -3.83257], [-72.69717, -3.88351], [-72.7151, -3.92742], [-72.70897, -3.98963], [-72.65507, -4.00075], [-72.65021, -4.05324], [-72.69668, -4.12839], [-72.66, -4.19072], [-72.64871, -4.27715], [-72.62856, -4.30365], [-72.60294, -4.35523], [-72.6351, -4.39913], [-72.75656, -4.38272], [-72.74684, -4.25695], [-72.78137, -4.23498], [-72.85515, -4.1142], [-72.92272, -4.0707], [-72.96603, -4.07079], [-72.99281, -4.04632], [-72.99278, -3.94377], [-73.0572, -3.89691], [-73.08526, -3.8126], [-73.05552, -3.7107], [-73.05596, -3.66888], [-73.11983, -3.62633], [-73.14011, -3.59945], [-73.16059, -3.56935], [-73.14679, -3.53502], [-73.08104, -3.51311], [-72.9982, -3.44607], [-72.91013, -3.4372], [-72.89329, -3.39867], [-72.82992, -3.39938]]]}}, {"type": "Feature", "id": "160108", "properties": {"IDDIST": "160108", "IDPROV": "1601", "IDDPTO": "16", "NOMBDIST": "PUNCHANA", "NOMBPROV": "MAYNAS", "NOMBDEP": "LORETO"}, "geometry": {"type": "Polygon", "coordinates": [[[-73.16059, -3.56935], [-73.14011, -3.59945], [-73.20429, -3.64381], [-73.23643, -3.73224], [-73.3197, -3.68625], [-73.35371, -3.71216], [-73.42853, -3.73726], [-73.49734, -3.74166], [-73.51514, -3.71949], [-73.54738, -3.69914], [-73.58784, -3.64134], [-73.62521, -3.62045], [-73.66116, -3.49394], [-73.62706, -3.41274], [-73.65333, -3.35435], [-73.64873, -3.32281], [-73.49931, -3.28398], [-73.43467, -3.39849], [-73.32212, -3.46876], [-73.31974, -3.52643], [-73.29035, -3.55461], [-73.19536, -3.57388], [-73.16059, -3.56935]]]}}, {"type": "Feature", "id": "160404", "properties": {"IDDIST": "160404", "IDPROV": "1604", "IDDPTO": "16", "NOMBDIST": "SAN PABLO", "NOMBPROV": "MARISCAL RAMON CASTILLA", "NOMBDEP": "LORETO"}, "geometry": {"type": "Polygon", "coordinates": [[[-70.95078, -4.15521], [-70.98613, -4.17148], [-71.07206, -4.1774], [-71.12545, -4.20053], [-71.18356, -4.20419], [-71.27027, -4.24775], [-71.37318, -4.24417], [-71.46094, -4.20674], [-71.51506, -4.19643], [-71.59107, -4.15351], [-71.62955, -4.15761], [-71.72346, -4.13123], [-71.67185, -4.10074], [-71.63, -4.00039], [-71.61799, -3.87518], [-71.57867, -3.80023], [-71.59029, -3.69568], [-71.60857, -3.65866], [-71.6712, -3.63399], [-71.66737, -3.59007], [-71.60325, -3.55364], [-71.55554, -3.49941], [-71.43486, -3.26618], [-71.33829, -3.20731], [-71.31074, -3.18157], [-71.35273, -3.26411], [-71.38011, -3.33821], [-71.41962, -3.4015], [-71.38142, -3.47654], [-71.29103, -3.51811], [-71.22474, -3.52078], [-71.17806, -3.53723], [-71.15695, -3.59063], [-71.18861, -3.63333], [-71.17762, -3.6657], [-71.22152, -3.74185], [-71.23242, -3.78805], [-71.17864, -3.88955], [-71.07948, -3.95873], [-70.98845, -3.92952], [-70.96163, -3.89061], [-70.8882, -3.90208], [-70.86711, -3.93583], [-70.83045, -3.94377], [-70.86336, -3.99427], [-70.86247, -4.02955], [-70.95078, -4.15521]]]}}, {"type": "Feature", "id": "160401", "properties": {"IDDIST": "160401", "IDPROV": "1604", "IDDPTO": "16", "NOMBDIST": "RAMON CASTILLA", "NOMBPROV": "MARISCAL RAMON CASTILLA", "NOMBDEP": "LORETO"}, "geometry": {"type": "Polygon", "coordinates": [[[-70.50264, -3.46323], [-70.71115, -3.7903], [-70.61902, -3.84006], [-70.57368, -3.83029], [-70.54092, -3.86304], [-70.49641, -3.87581], [-70.39423, -3.82999], [-70.3463, -3.79976], [-70.27631, -3.83763], [-70.24609, -3.89037], [-70.198, -3.90961], [-70.17454, -3.96956], [-70.10503, -4.05747], [-70.05665, -4.09508], [-70.09184, -4.10934], [-70.14646, -4.09275], [-70.16992, -4.12724], [-70.21027, -4.1037], [-70.2471, -4.12733], [-70.34863, -4.10802], [-70.4041, -4.05674], [-70.43563, -4.04484], [-70.50554, -4.05415], [-70.55688, -4.03695], [-70.5888, -4.04533], [-70.67054, -4.01987], [-70.73718, -4.02745], [-70.79404, -4.07429], [-70.83013, -4.08314], [-70.90694, -4.13963], [-70.95078, -4.15521], [-70.86247, -4.02955], [-70.86336, -3.99427], [-70.83045, -3.94377], [-70.86711, -3.93583], [-70.8882, -3.90208], [-70.96163, -3.89061], [-70.98845, -3.92952], [-71.07948, -3.95873], [-71.17864, -3.88955], [-71.23242, -3.78805], [-71.22152, -3.74185], [-71.17762, -3.6657], [-71.18861, -3.63333], [-71.15695, -3.59063], [-71.17806, -3.53723], [-71.22474, -3.52078], [-71.29103, -3.51811], [-71.38142, -3.47654], [-71.41962, -3.4015], [-71.38011, -3.33821], [-71.35273, -3.26411], [-71.31074, -3.18157], [-71.20702, -3.21895], [-71.14712, -3.21067], [-71.0644, -3.21502], [-71.05069, -3.25662], [-70.97588, -3.28079], [-70.93129, -3.34741], [-70.84266, -3.34809], [-70.76209, -3.38015], [-70.71462, -3.36395], [-70.65445, -3.40669], [-70.59437, -3.42487], [-70.52861, -3.40784], [-70.50264, -3.46323]]]}}, {"type": "Feature", "id": "160705", "properties": {"IDDIST": "160705", "IDPROV": "1607", "IDDPTO": "16", "NOMBDIST": "PASTAZA", "NOMBPROV": "DATEM DEL MARAÑON", "NOMBDEP": "LORETO"}, "geometry": {"type": "Polygon", "coordinates": [[[-76.41499, -3.95701], [-76.39073, -4.00226], [-76.34947, -4.04415], [-76.33047, -4.11449], [-76.23651, -4.18712], [-76.22721, -4.24529], [-76.31995, -4.35841], [-76.30901, -4.39328], [-76.33791, -4.41865], [-76.32254, -4.4708], [-76.26324, -4.52895], [-76.19701, -4.62433], [-76.20438, -4.67429], [-76.16238, -4.7047], [-76.17194, -4.76883], [-76.14076, -4.79753], [-76.10782, -4.78922], [-76.07092, -4.8337], [-76.03447, -4.81631], [-76.00712, -4.85198], [-75.8295, -4.97664], [-75.75999, -4.99827], [-75.7448, -5.03785], [-75.78945, -5.01808], [-75.88915, -5.04834], [-75.91967, -5.0225], [-75.96843, -5.03167], [-76.00002, -5.05846], [-76.08537, -5.01343], [-76.12982, -5.00279], [-76.16306, -4.93449], [-76.19876, -4.94833], [-76.25573, -4.9148], [-76.30599, -4.95309], [-76.31113, -4.99164], [-76.40954, -4.96175], [-76.4072, -4.90792], [-76.4636, -4.85047], [-76.49235, -4.84344], [-76.57975, -4.74963], [-76.623, -4.73198], [-76.65013, -4.68168], [-76.72434, -4.63637], [-76.75014, -4.60736], [-76.76171, -4.55475], [-76.82724, -4.48522], [-76.89893, -4.46506], [-76.92531, -4.44209], [-76.94313, -4.37576], [-76.97343, -4.31242], [-77.06796, -4.26245], [-77.01141, -4.24136], [-77.02379, -4.18025], [-77.09594, -4.12747], [-77.15103, -4.02332], [-77.13364, -3.96543], [-77.1005, -3.91904], [-77.10511, -3.86482], [-77.08086, -3.80959], [-77.09721, -3.77016], [-77.089, -3.70897], [-77.07089, -3.68591], [-77.10717, -3.59302], [-77.10387, -3.52536], [-77.15875, -3.51532], [-77.17398, -3.48514], [-77.12365, -3.43735], [-77.12767, -3.34441], [-77.10116, -3.28506], [-77.17647, -3.19718], [-77.20818, -3.18755], [-77.23325, -3.10158], [-77.2202, -3.05922], [-77.20459, -3.09046], [-77.10622, -3.1709], [-77.09024, -3.22681], [-77.05598, -3.27084], [-77.04035, -3.34316], [-77.01624, -3.36343], [-76.98742, -3.43788], [-76.93667, -3.46792], [-76.92084, -3.53105], [-76.8608, -3.55242], [-76.84725, -3.60249], [-76.88701, -3.66936], [-76.81687, -3.77385], [-76.79704, -3.86188], [-76.76275, -3.89434], [-76.74608, -3.9573], [-76.71633, -3.98916], [-76.70665, -4.07185], [-76.67754, -4.111], [-76.60527, -4.14999], [-76.57662, -4.14409], [-76.56434, -4.22918], [-76.50724, -4.222], [-76.45157, -4.15299], [-76.43514, -4.09979], [-76.41499, -3.95701]]]}}, {"type": "Feature", "id": "160105", "properties": {"IDDIST": "160105", "IDPROV": "1601", "IDDPTO": "16", "NOMBDIST": "LAS AMAZONAS", "NOMBPROV": "MAYNAS", "NOMBDEP": "LORETO"}, "geometry": {"type": "Polygon", "coordinates": [[[-72.57077, -2.8909], [-72.57339, -2.94785], [-72.54636, -3.0714], [-72.47906, -3.09866], [-72.4304, -3.17426], [-72.40383, -3.23514], [-72.36144, -3.24997], [-72.33777, -3.28245], [-72.29344, -3.29294], [-72.27396, -3.33278], [-72.19845, -3.40426], [-72.19801, -3.44105], [-72.11844, -3.49767], [-72.14802, -3.52852], [-72.17427, -3.60428], [-72.30265, -3.68612], [-72.27994, -3.73945], [-72.28289, -3.83484], [-72.25537, -3.94479], [-72.30601, -3.99426], [-72.34816, -4.006], [-72.38326, -4.04276], [-72.4244, -4.11608], [-72.43674, -4.16153], [-72.38776, -4.20853], [-72.48177, -4.2933], [-72.62856, -4.30365], [-72.64871, -4.27715], [-72.66, -4.19072], [-72.69668, -4.12839], [-72.65021, -4.05324], [-72.65507, -4.00075], [-72.70897, -3.98963], [-72.7151, -3.92742], [-72.69717, -3.88351], [-72.63039, -3.83257], [-72.65625, -3.78432], [-72.64367, -3.73908], [-72.70343, -3.70904], [-72.70244, -3.66521], [-72.76408, -3.64752], [-72.76849, -3.55545], [-72.71666, -3.50549], [-72.73571, -3.48242], [-72.81285, -3.44902], [-72.82992, -3.39938], [-72.80459, -3.38259], [-72.72336, -3.38218], [-72.69693, -3.32512], [-72.62085, -3.28522], [-72.65386, -3.23569], [-72.7221, -3.19819], [-72.77288, -3.18676], [-72.8721, -3.13524], [-72.92933, -3.04441], [-72.9228, -3.00933], [-72.83403, -2.91351], [-72.7662, -2.91527], [-72.67875, -2.8928], [-72.57077, -2.8909]]]}}, {"type": "Feature", "id": "160402", "properties": {"IDDIST": "160402", "IDPROV": "1604", "IDDPTO": "16", "NOMBDIST": "PEBAS", "NOMBPROV": "MARISCAL RAMON CASTILLA", "NOMBDEP": "LORETO"}, "geometry": {"type": "Polygon", "coordinates": [[[-71.31074, -3.18157], [-71.33829, -3.20731], [-71.43486, -3.26618], [-71.55554, -3.49941], [-71.60325, -3.55364], [-71.66737, -3.59007], [-71.6712, -3.63399], [-71.60857, -3.65866], [-71.59029, -3.69568], [-71.57867, -3.80023], [-71.61799, -3.87518], [-71.63, -4.00039], [-71.67185, -4.10074], [-71.72346, -4.13123], [-71.7653, -4.15304], [-71.88294, -4.16277], [-71.95766, -4.10898], [-72.01324, -4.08812], [-72.04447, -4.05942], [-72.11334, -4.02732], [-72.15678, -4.02459], [-72.38326, -4.04276], [-72.34816, -4.006], [-72.30601, -3.99426], [-72.25537, -3.94479], [-72.28289, -3.83484], [-72.27994, -3.73945], [-72.30265, -3.68612], [-72.17427, -3.60428], [-72.14802, -3.52852], [-72.11844, -3.49767], [-72.19801, -3.44105], [-72.19845, -3.40426], [-72.27396, -3.33278], [-72.29344, -3.29294], [-72.33777, -3.28245], [-72.36144, -3.24997], [-72.40383, -3.23514], [-72.4304, -3.17426], [-72.47906, -3.09866], [-72.54636, -3.0714], [-72.57339, -2.94785], [-72.57077, -2.8909], [-72.51754, -2.89114], [-72.44866, -2.84526], [-72.37731, -2.84996], [-72.27683, -2.78691], [-72.19305, -2.81536], [-72.16772, -2.8005], [-72.11765, -2.83145], [-72.03274, -2.81612], [-71.98296, -2.87629], [-71.93828, -2.90326], [-71.79684, -2.90725], [-71.75487, -2.94135], [-71.74518, -2.97914], [-71.68561, -3.01189], [-71.64937, -3.01195], [-71.59579, -2.95178], [-71.55256, -2.96881], [-71.49038, -3.0154], [-71.48872, -3.10854], [-71.4029, -3.17209], [-71.31074, -3.18157]]]}}, {"type": "Feature", "id": "160704", "properties": {"IDDIST": "160704", "IDPROV": "1607", "IDDPTO": "16", "NOMBDIST": "MORONA", "NOMBPROV": "DATEM DEL MARAÑON", "NOMBDEP": "LORETO"}, "geometry": {"type": "Polygon", "coordinates": [[[-77.2202, -3.05922], [-77.23325, -3.10158], [-77.20818, -3.18755], [-77.17647, -3.19718], [-77.10116, -3.28506], [-77.12767, -3.34441], [-77.12365, -3.43735], [-77.17398, -3.48514], [-77.15875, -3.51532], [-77.10387, -3.52536], [-77.10717, -3.59302], [-77.07089, -3.68591], [-77.089, -3.70897], [-77.09721, -3.77016], [-77.08086, -3.80959], [-77.10511, -3.86482], [-77.1005, -3.91904], [-77.13364, -3.96543], [-77.15103, -4.02332], [-77.09594, -4.12747], [-77.02379, -4.18025], [-77.01141, -4.24136], [-77.06796, -4.26245], [-77.13145, -4.33483], [-77.14241, -4.36222], [-77.12548, -4.44342], [-77.1403, -4.47268], [-77.09039, -4.54006], [-77.06844, -4.59032], [-77.03956, -4.70782], [-77.00903, -4.74816], [-76.92898, -4.80303], [-76.95236, -4.83557], [-77.04618, -4.80824], [-77.12402, -4.84944], [-77.18226, -4.83432], [-77.1496, -4.7956], [-77.12583, -4.7384], [-77.17181, -4.68054], [-77.27592, -4.66646], [-77.30108, -4.61316], [-77.36504, -4.5522], [-77.36564, -4.49004], [-77.43113, -4.40869], [-77.45147, -4.3585], [-77.43321, -4.31924], [-77.44628, -4.28114], [-77.51538, -4.23146], [-77.51957, -4.20329], [-77.57112, -4.19516], [-77.53812, -4.02871], [-77.54177, -3.94333], [-77.5694, -3.87275], [-77.65182, -3.77901], [-77.61562, -3.70772], [-77.61694, -3.6343], [-77.64301, -3.61935], [-77.67041, -3.56838], [-77.76054, -3.4598], [-77.77648, -3.40913], [-77.77852, -3.18718], [-77.80862, -2.98613], [-77.1743, -2.7733], [-77.16648, -2.88061], [-77.18376, -2.93876], [-77.20819, -2.95543], [-77.2202, -3.05922]]]}}, {"type": "Feature", "id": "160706", "properties": {"IDDIST": "160706", "IDPROV": "1607", "IDDPTO": "16", "NOMBDIST": "ANDOAS", "NOMBPROV": "DATEM DEL MARAÑON", "NOMBDEP": "LORETO"}, "geometry": {"type": "Polygon", "coordinates": [[[-76.20618, -3.52806], [-76.25937, -3.57561], [-76.23408, -3.63483], [-76.28486, -3.66618], [-76.2897, -3.69122], [-76.32776, -3.69938], [-76.33251, -3.76238], [-76.37598, -3.80131], [-76.414, -3.86436], [-76.41499, -3.95701], [-76.43514, -4.09979], [-76.45157, -4.15299], [-76.50724, -4.222], [-76.56434, -4.22918], [-76.57662, -4.14409], [-76.60527, -4.14999], [-76.67754, -4.111], [-76.70665, -4.07185], [-76.71633, -3.98916], [-76.74608, -3.9573], [-76.76275, -3.89434], [-76.79704, -3.86188], [-76.81687, -3.77385], [-76.88701, -3.66936], [-76.84725, -3.60249], [-76.8608, -3.55242], [-76.92084, -3.53105], [-76.93667, -3.46792], [-76.98742, -3.43788], [-77.01624, -3.36343], [-77.04035, -3.34316], [-77.05598, -3.27084], [-77.09024, -3.22681], [-77.10622, -3.1709], [-77.20459, -3.09046], [-77.2202, -3.05922], [-77.20819, -2.95543], [-77.18376, -2.93876], [-77.16648, -2.88061], [-77.1743, -2.7733], [-76.63187, -2.58969], [-76.53432, -2.51228], [-76.50242, -2.53648], [-76.49925, -2.59262], [-76.47064, -2.60431], [-76.40797, -2.68779], [-76.39481, -2.72671], [-76.36134, -2.7459], [-76.34421, -2.80007], [-76.30734, -2.83485], [-76.31687, -2.89756], [-76.35123, -2.94643], [-76.33793, -2.98861], [-76.3528, -3.02899], [-76.35347, -3.09042], [-76.38927, -3.12768], [-76.35205, -3.16239], [-76.36729, -3.21783], [-76.31474, -3.28499], [-76.27003, -3.36113], [-76.26146, -3.47522], [-76.20618, -3.52806]]]}}, {"type": "Feature", "id": "160102", "properties": {"IDDIST": "160102", "IDPROV": "1601", "IDDPTO": "16", "NOMBDIST": "ALTO NANAY", "NOMBPROV": "MAYNAS", "NOMBDEP": "LORETO"}, "geometry": {"type": "Polygon", "coordinates": [[[-73.64873, -3.32281], [-73.65333, -3.35435], [-73.62706, -3.41274], [-73.66116, -3.49394], [-73.62521, -3.62045], [-73.58784, -3.64134], [-73.54738, -3.69914], [-73.51514, -3.71949], [-73.59096, -3.86784], [-73.64764, -3.90734], [-73.66718, -3.89389], [-73.66892, -4.15452], [-73.71811, -4.17543], [-73.82743, -4.14446], [-73.94128, -4.1013], [-73.97392, -4.0576], [-74.03887, -4.05329], [-74.13544, -4.06188], [-74.14791, -3.98932], [-74.19222, -3.88246], [-74.21914, -3.854], [-74.27065, -3.83667], [-74.36744, -3.71868], [-74.50143, -3.69886], [-74.55454, -3.63331], [-74.67923, -3.50937], [-74.67947, -3.46579], [-74.71257, -3.43607], [-74.75394, -3.33453], [-74.81878, -3.29685], [-74.81337, -3.24321], [-74.8929, -3.20985], [-74.99161, -3.19001], [-75.01781, -3.12898], [-75.01429, -3.07488], [-75.05464, -2.94019], [-75.01027, -2.76636], [-75.00993, -2.68467], [-74.97375, -2.6607], [-74.95746, -2.61146], [-74.96357, -2.56827], [-74.99119, -2.51601], [-74.95681, -2.50429], [-74.94959, -2.45879], [-74.96515, -2.36565], [-74.87947, -2.36018], [-74.8968, -2.43971], [-74.87251, -2.48885], [-74.89963, -2.53488], [-74.8969, -2.56808], [-74.84325, -2.62136], [-74.75851, -2.65379], [-74.74372, -2.69422], [-74.64654, -2.73753], [-74.61723, -2.78133], [-74.56602, -2.76876], [-74.50622, -2.79982], [-74.43855, -2.79535], [-74.36746, -2.84846], [-74.34095, -2.89797], [-74.29866, -2.90444], [-74.26055, -2.94929], [-74.1001, -3.01294], [-74.03368, -3.08124], [-74.0043, -3.08792], [-73.95208, -3.13445], [-73.93669, -3.1742], [-73.86394, -3.20871], [-73.73039, -3.31576], [-73.64873, -3.32281]]]}}, {"type": "Feature", "id": "160106", "properties": {"IDDIST": "160106", "IDPROV": "1601", "IDDPTO": "16", "NOMBDIST": "MAZAN", "NOMBPROV": "MAYNAS", "NOMBDEP": "LORETO"}, "geometry": {"type": "Polygon", "coordinates": [[[-72.9379, -2.83906], [-72.83403, -2.91351], [-72.9228, -3.00933], [-72.92933, -3.04441], [-72.8721, -3.13524], [-72.77288, -3.18676], [-72.7221, -3.19819], [-72.65386, -3.23569], [-72.62085, -3.28522], [-72.69693, -3.32512], [-72.72336, -3.38218], [-72.80459, -3.38259], [-72.82992, -3.39938], [-72.89329, -3.39867], [-72.91013, -3.4372], [-72.9982, -3.44607], [-73.08104, -3.51311], [-73.14679, -3.53502], [-73.16059, -3.56935], [-73.19536, -3.57388], [-73.29035, -3.55461], [-73.31974, -3.52643], [-73.32212, -3.46876], [-73.43467, -3.39849], [-73.49931, -3.28398], [-73.64873, -3.32281], [-73.73039, -3.31576], [-73.86394, -3.20871], [-73.93669, -3.1742], [-73.95208, -3.13445], [-74.0043, -3.08792], [-74.03368, -3.08124], [-74.1001, -3.01294], [-74.26055, -2.94929], [-74.29866, -2.90444], [-74.34095, -2.89797], [-74.36746, -2.84846], [-74.43855, -2.79535], [-74.50622, -2.79982], [-74.56602, -2.76876], [-74.61723, -2.78133], [-74.64654, -2.73753], [-74.74372, -2.69422], [-74.75851, -2.65379], [-74.84325, -2.62136], [-74.8969, -2.56808], [-74.89963, -2.53488], [-74.87251, -2.48885], [-74.8968, -2.43971], [-74.87947, -2.36018], [-74.77381, -2.34362], [-74.74176, -2.3867], [-74.6894, -2.43017], [-74.60901, -2.41865], [-74.56236, -2.42868], [-74.49211, -2.48888], [-74.42944, -2.47852], [-74.36523, -2.53883], [-74.29998, -2.58178], [-74.28699, -2.61515], [-74.23413, -2.65491], [-74.17483, -2.66015], [-74.0722, -2.6495], [-73.94806, -2.67254], [-73.87714, -2.71152], [-73.835, -2.74865], [-73.7394, -2.78347], [-73.71609, -2.80952], [-73.68398, -2.90105], [-73.56905, -2.95717], [-73.48286, -2.97297], [-73.43426, -3.03441], [-73.27912, -3.1173], [-73.14232, -3.11654], [-73.10416, -3.13743], [-73.07487, -3.11452], [-73.0137, -2.9567], [-72.97311, -2.93015], [-72.9379, -2.83906]]]}}, {"type": "Feature", "id": "160304", "properties": {"IDDIST": "160304", "IDPROV": "1603", "IDDPTO": "16", "NOMBDIST": "TROMPETEROS", "NOMBPROV": "LORETO", "NOMBDEP": "LORETO"}, "geometry": {"type": "Polygon", "coordinates": [[[-75.15272, -3.8494], [-75.19156, -3.85241], [-75.26911, -3.81621], [-75.32633, -3.75924], [-75.38004, -3.77804], [-75.47719, -3.77896], [-75.55821, -3.7272], [-75.64588, -3.73422], [-75.70938, -3.71188], [-75.8902, -3.67202], [-75.99703, -3.63503], [-76.05991, -3.63267], [-76.17121, -3.57015], [-76.20618, -3.52806], [-76.26146, -3.47522], [-76.27003, -3.36113], [-76.31474, -3.28499], [-76.36729, -3.21783], [-76.35205, -3.16239], [-76.38927, -3.12768], [-76.35347, -3.09042], [-76.3528, -3.02899], [-76.33793, -2.98861], [-76.35123, -2.94643], [-76.31687, -2.89756], [-76.30734, -2.83485], [-76.34421, -2.80007], [-76.36134, -2.7459], [-76.39481, -2.72671], [-76.40797, -2.68779], [-76.47064, -2.60431], [-76.49925, -2.59262], [-76.50242, -2.53648], [-76.53432, -2.51228], [-76.3124, -2.33757], [-76.30538, -2.39538], [-76.28249, -2.4399], [-76.16079, -2.45073], [-76.09546, -2.48418], [-76.05346, -2.52655], [-75.99888, -2.51823], [-75.96985, -2.54307], [-75.88799, -2.65356], [-75.85749, -2.76095], [-75.82747, -2.80174], [-75.78331, -2.80914], [-75.70471, -2.85341], [-75.6358, -2.9591], [-75.63324, -2.99624], [-75.55831, -2.99365], [-75.49594, -3.01536], [-75.47984, -3.04986], [-75.42519, -3.04831], [-75.3857, -3.07067], [-75.38828, -3.11858], [-75.46061, -3.20786], [-75.42996, -3.25117], [-75.41963, -3.37355], [-75.379, -3.41037], [-75.39411, -3.44372], [-75.37287, -3.51754], [-75.30922, -3.55476], [-75.28889, -3.58988], [-75.2952, -3.64019], [-75.25845, -3.68714], [-75.18415, -3.7198], [-75.10989, -3.72581], [-74.9987, -3.69716], [-74.86843, -3.71987], [-74.78152, -3.70426], [-74.63421, -3.71818], [-74.61066, -3.74073], [-74.63172, -3.80191], [-74.68969, -3.81279], [-74.72087, -3.83682], [-74.78819, -3.84227], [-74.89992, -3.83035], [-74.9726, -3.85008], [-75.00943, -3.84222], [-75.08177, -3.86384], [-75.12089, -3.84196], [-75.15272, -3.8494]]]}}, {"type": "Feature", "id": "160303", "properties": {"IDDIST": "160303", "IDPROV": "1603", "IDDPTO": "16", "NOMBDIST": "TIGRE", "NOMBPROV": "LORETO", "NOMBDEP": "LORETO"}, "geometry": {"type": "Polygon", "coordinates": [[[-74.96515, -2.36565], [-74.94959, -2.45879], [-74.95681, -2.50429], [-74.99119, -2.51601], [-74.96357, -2.56827], [-74.95746, -2.61146], [-74.97375, -2.6607], [-75.00993, -2.68467], [-75.01027, -2.76636], [-75.05464, -2.94019], [-75.01429, -3.07488], [-75.01781, -3.12898], [-74.99161, -3.19001], [-74.8929, -3.20985], [-74.81337, -3.24321], [-74.81878, -3.29685], [-74.75394, -3.33453], [-74.71257, -3.43607], [-74.67947, -3.46579], [-74.67923, -3.50937], [-74.55454, -3.63331], [-74.50143, -3.69886], [-74.36744, -3.71868], [-74.27065, -3.83667], [-74.27777, -3.88556], [-74.24655, -3.97617], [-74.25607, -4.00942], [-74.30617, -4.09432], [-74.29504, -4.20281], [-74.29716, -4.26239], [-74.31568, -4.31584], [-74.38345, -4.27478], [-74.50811, -4.23226], [-74.57735, -4.17021], [-74.75722, -4.1112], [-74.84949, -3.99852], [-74.90449, -3.95415], [-74.94307, -3.93879], [-74.9884, -3.90155], [-75.12028, -3.87375], [-75.15272, -3.8494], [-75.12089, -3.84196], [-75.08177, -3.86384], [-75.00943, -3.84222], [-74.9726, -3.85008], [-74.89992, -3.83035], [-74.78819, -3.84227], [-74.72087, -3.83682], [-74.68969, -3.81279], [-74.63172, -3.80191], [-74.61066, -3.74073], [-74.63421, -3.71818], [-74.78152, -3.70426], [-74.86843, -3.71987], [-74.9987, -3.69716], [-75.10989, -3.72581], [-75.18415, -3.7198], [-75.25845, -3.68714], [-75.2952, -3.64019], [-75.28889, -3.58988], [-75.30922, -3.55476], [-75.37287, -3.51754], [-75.39411, -3.44372], [-75.379, -3.41037], [-75.41963, -3.37355], [-75.42996, -3.25117], [-75.46061, -3.20786], [-75.38828, -3.11858], [-75.3857, -3.07067], [-75.42519, -3.04831], [-75.47984, -3.04986], [-75.49594, -3.01536], [-75.55831, -2.99365], [-75.63324, -2.99624], [-75.6358, -2.9591], [-75.70471, -2.85341], [-75.78331, -2.80914], [-75.82747, -2.80174], [-75.85749, -2.76095], [-75.88799, -2.65356], [-75.96985, -2.54307], [-75.99888, -2.51823], [-76.05346, -2.52655], [-76.09546, -2.48418], [-76.16079, -2.45073], [-76.28249, -2.4399], [-76.30538, -2.39538], [-76.3124, -2.33757], [-76.04499, -2.12804], [-75.77836, -1.79395], [-75.77708, -1.85647], [-75.74592, -1.93092], [-75.64626, -1.94806], [-75.60557, -1.9697], [-75.57484, -1.96346], [-75.53629, -1.99646], [-75.47254, -2.00386], [-75.4449, -2.03414], [-75.33755, -2.0032], [-75.28815, -2.00871], [-75.24325, -2.1031], [-75.24619, -2.13383], [-75.16608, -2.19175], [-75.14088, -2.27893], [-75.08323, -2.29347], [-75.01715, -2.35179], [-74.96515, -2.36565]]]}}, {"type": "Feature", "id": "160107", "properties": {"IDDIST": "160107", "IDPROV": "1601", "IDDPTO": "16", "NOMBDIST": "NAPO", "NOMBPROV": "MAYNAS", "NOMBDEP": "LORETO"}, "geometry": {"type": "Polygon", "coordinates": [[[-72.9379, -2.83906], [-72.97311, -2.93015], [-73.0137, -2.9567], [-73.07487, -3.11452], [-73.10416, -3.13743], [-73.14232, -3.11654], [-73.27912, -3.1173], [-73.43426, -3.03441], [-73.48286, -2.97297], [-73.56905, -2.95717], [-73.68398, -2.90105], [-73.71609, -2.80952], [-73.7394, -2.78347], [-73.835, -2.74865], [-73.87714, -2.71152], [-73.94806, -2.67254], [-74.0722, -2.6495], [-74.17483, -2.66015], [-74.23413, -2.65491], [-74.28699, -2.61515], [-74.29998, -2.58178], [-74.36523, -2.53883], [-74.42944, -2.47852], [-74.49211, -2.48888], [-74.56236, -2.42868], [-74.60901, -2.41865], [-74.6894, -2.43017], [-74.74176, -2.3867], [-74.77381, -2.34362], [-74.87947, -2.36018], [-74.96515, -2.36565], [-75.01715, -2.35179], [-75.08323, -2.29347], [-75.14088, -2.27893], [-75.16608, -2.19175], [-75.24619, -2.13383], [-75.24325, -2.1031], [-75.28815, -2.00871], [-75.33755, -2.0032], [-75.4449, -2.03414], [-75.47254, -2.00386], [-75.53629, -1.99646], [-75.57484, -1.96346], [-75.60557, -1.9697], [-75.64626, -1.94806], [-75.74592, -1.93092], [-75.77708, -1.85647], [-75.77836, -1.79395], [-75.58093, -1.54637], [-75.55836, -1.56072], [-75.53896, -1.48347], [-75.41753, -1.04889], [-75.38477, -1.03757], [-75.31654, -1.06739], [-75.22949, -1.09237], [-75.22309, -1.18102], [-75.17597, -1.25019], [-75.16387, -1.28859], [-75.17192, -1.38834], [-75.13743, -1.41675], [-75.15414, -1.44565], [-75.1171, -1.52783], [-75.11617, -1.58441], [-75.05393, -1.64556], [-75.0137, -1.70742], [-74.98039, -1.82312], [-74.91271, -1.91247], [-74.7679, -1.8994], [-74.72367, -1.84435], [-74.64492, -1.89813], [-74.59997, -1.91245], [-74.57449, -1.96728], [-74.53412, -1.98198], [-74.47, -1.86985], [-74.48957, -1.84908], [-74.42103, -1.79046], [-74.41226, -1.72308], [-74.45089, -1.72062], [-74.46421, -1.68513], [-74.45635, -1.62983], [-74.46917, -1.57869], [-74.49573, -1.55079], [-74.49572, -1.50082], [-74.54055, -1.49765], [-74.56756, -1.46226], [-74.56574, -1.43025], [-74.61959, -1.34714], [-74.67259, -1.3308], [-74.72881, -1.23448], [-74.78975, -1.17945], [-74.8111, -1.09086], [-74.85857, -1.04961], [-74.88779, -1.00632], [-74.8737, -0.95012], [-74.83522, -0.98187], [-74.8166, -1.03341], [-74.76549, -1.0565], [-74.71779, -1.15054], [-74.58691, -1.27821], [-74.58622, -1.30991], [-74.49098, -1.37961], [-74.46487, -1.37648], [-74.22279, -1.45553], [-74.18989, -1.45048], [-74.08635, -1.52438], [-74.00018, -1.52887], [-73.9715, -1.58522], [-73.94201, -1.59202], [-73.88678, -1.68299], [-73.82449, -1.69635], [-73.819, -1.76342], [-73.83726, -1.8428], [-73.87001, -1.88874], [-73.88429, -1.93792], [-73.92457, -1.95768], [-73.89478, -2.02958], [-73.81971, -2.03931], [-73.78194, -2.08238], [-73.73851, -2.16054], [-73.77144, -2.20122], [-73.73048, -2.24252], [-73.71638, -2.29802], [-73.66119, -2.29033], [-73.62286, -2.30556], [-73.55425, -2.37089], [-73.48706, -2.35007], [-73.46172, -2.38809], [-73.43032, -2.39573], [-73.40577, -2.43993], [-73.34664, -2.50421], [-73.35031, -2.56167], [-73.28598, -2.61531], [-73.27586, -2.63717], [-73.19422, -2.71475], [-73.12827, -2.73341], [-73.06215, -2.71593], [-73.00172, -2.74283], [-72.95661, -2.79531], [-72.9379, -2.83906]]]}}, {"type": "Feature", "id": "160109", "properties": {"IDDIST": "160109", "IDPROV": "1601", "IDDPTO": "16", "NOMBDIST": "PUTUMAYO", "NOMBPROV": "MAYNAS", "NOMBDEP": "LORETO"}, "geometry": {"type": "Polygon", "coordinates": [[[-73.53075, -1.45793], [-73.47857, -1.52209], [-73.50117, -1.61915], [-73.53696, -1.68836], [-73.49995, -1.7312], [-73.45928, -1.7364], [-73.42565, -1.7903], [-73.38334, -1.77471], [-73.30373, -1.81811], [-73.30676, -1.78344], [-73.20379, -1.76392], [-73.18427, -1.80849], [-73.14636, -1.80397], [-73.15207, -1.85758], [-73.11277, -1.87281], [-73.11867, -2.0157], [-73.0944, -2.04223], [-73.13203, -2.18355], [-73.16495, -2.18664], [-73.16876, -2.22463], [-73.119, -2.28454], [-73.1211, -2.32543], [-73.0683, -2.31514], [-73.06641, -2.35524], [-72.96336, -2.34315], [-72.956, -2.39155], [-72.88909, -2.43332], [-72.8518, -2.43578], [-72.7691, -2.3868], [-72.75324, -2.42366], [-72.71518, -2.38559], [-72.69212, -2.40629], [-72.59552, -2.36655], [-72.51916, -2.42522], [-72.46645, -2.42123], [-72.37942, -2.45498], [-72.36811, -2.48953], [-72.2909, -2.46914], [-72.25822, -2.43225], [-72.20567, -2.44595], [-72.14776, -2.41563], [-72.04874, -2.33494], [-72.01011, -2.36895], [-71.96196, -2.35714], [-71.92606, -2.30778], [-71.88476, -2.31159], [-71.83277, -2.19042], [-71.79913, -2.20437], [-71.74059, -2.1422], [-71.71892, -2.15994], [-71.73122, -2.20145], [-71.7085, -2.22733], [-71.66403, -2.2023], [-71.60408, -2.23139], [-71.46335, -2.27109], [-71.3964, -2.34711], [-71.37109, -2.38935], [-71.31674, -2.3744], [-71.30239, -2.34357], [-71.23108, -2.33761], [-71.18817, -2.37958], [-71.16684, -2.33777], [-71.13032, -2.33749], [-71.13358, -2.28513], [-71.05333, -2.27062], [-71.00021, -2.20785], [-70.92867, -2.25415], [-70.87939, -2.22089], [-70.85189, -2.24414], [-70.83595, -2.29081], [-70.77776, -2.29299], [-70.75124, -2.32827], [-70.66592, -2.35377], [-70.67844, -2.40214], [-70.62707, -2.39753], [-70.63829, -2.46577], [-70.5993, -2.48444], [-70.47506, -2.45507], [-70.43723, -2.52125], [-70.41254, -2.5257], [-70.35791, -2.48932], [-70.29517, -2.51263], [-70.3545, -2.54527], [-70.33458, -2.57789], [-70.27384, -2.54733], [-70.23006, -2.57459], [-70.21933, -2.64359], [-70.15421, -2.65688], [-70.16206, -2.68785], [-70.11843, -2.69863], [-70.10327, -2.65736], [-70.06604, -2.6841], [-70.06006, -2.75892], [-70.13998, -2.89082], [-70.50264, -3.46323], [-70.52861, -3.40784], [-70.59437, -3.42487], [-70.65445, -3.40669], [-70.71462, -3.36395], [-70.76209, -3.38015], [-70.84266, -3.34809], [-70.93129, -3.34741], [-70.97588, -3.28079], [-71.05069, -3.25662], [-71.0644, -3.21502], [-71.14712, -3.21067], [-71.20702, -3.21895], [-71.31074, -3.18157], [-71.4029, -3.17209], [-71.48872, -3.10854], [-71.49038, -3.0154], [-71.55256, -2.96881], [-71.59579, -2.95178], [-71.64937, -3.01195], [-71.68561, -3.01189], [-71.74518, -2.97914], [-71.75487, -2.94135], [-71.79684, -2.90725], [-71.93828, -2.90326], [-71.98296, -2.87629], [-72.03274, -2.81612], [-72.11765, -2.83145], [-72.16772, -2.8005], [-72.19305, -2.81536], [-72.27683, -2.78691], [-72.37731, -2.84996], [-72.44866, -2.84526], [-72.51754, -2.89114], [-72.57077, -2.8909], [-72.67875, -2.8928], [-72.7662, -2.91527], [-72.83403, -2.91351], [-72.9379, -2.83906], [-72.95661, -2.79531], [-73.00172, -2.74283], [-73.06215, -2.71593], [-73.12827, -2.73341], [-73.19422, -2.71475], [-73.27586, -2.63717], [-73.28598, -2.61531], [-73.35031, -2.56167], [-73.34664, -2.50421], [-73.40577, -2.43993], [-73.43032, -2.39573], [-73.46172, -2.38809], [-73.48706, -2.35007], [-73.55425, -2.37089], [-73.62286, -2.30556], [-73.66119, -2.29033], [-73.71638, -2.29802], [-73.73048, -2.24252], [-73.77144, -2.20122], [-73.73851, -2.16054], [-73.78194, -2.08238], [-73.81971, -2.03931], [-73.89478, -2.02958], [-73.92457, -1.95768], [-73.88429, -1.93792], [-73.87001, -1.88874], [-73.83726, -1.8428], [-73.819, -1.76342], [-73.82449, -1.69635], [-73.88678, -1.68299], [-73.94201, -1.59202], [-73.9715, -1.58522], [-74.00018, -1.52887], [-74.08635, -1.52438], [-74.18989, -1.45048], [-74.22279, -1.45553], [-74.46487, -1.37648], [-74.49098, -1.37961], [-74.58622, -1.30991], [-74.58691, -1.27821], [-74.71779, -1.15054], [-74.76549, -1.0565], [-74.8166, -1.03341], [-74.83522, -0.98187], [-74.8737, -0.95012], [-74.83651, -0.93341], [-74.77154, -0.94902], [-74.74977, -0.97248], [-74.68705, -0.97191], [-74.58847, -0.99328], [-74.53339, -1.04921], [-74.49719, -1.03235], [-74.39081, -1.08383], [-74.35958, -1.08771], [-74.22322, -1.1785], [-74.21702, -1.21584], [-74.15491, -1.22491], [-74.0702, -1.25792], [-74.01394, -1.23387], [-73.95122, -1.24828], [-73.91886, -1.27849], [-73.87413, -1.28404], [-73.82285, -1.35193], [-73.76687, -1.40045], [-73.73352, -1.38754], [-73.66022, -1.42038], [-73.62594, -1.41587], [-73.58899, -1.46071], [-73.53075, -1.45793]]]}}, {"type": "Feature", "id": "160110", "properties": {"IDDIST": "160110", "IDPROV": "1601", "IDDPTO": "16", "NOMBDIST": "TORRES CAUSANA", "NOMBPROV": "MAYNAS", "NOMBDEP": "LORETO"}, "geometry": {"type": "Polygon", "coordinates": [[[-74.8737, -0.95012], [-74.88779, -1.00632], [-74.85857, -1.04961], [-74.8111, -1.09086], [-74.78975, -1.17945], [-74.72881, -1.23448], [-74.67259, -1.3308], [-74.61959, -1.34714], [-74.56574, -1.43025], [-74.56756, -1.46226], [-74.54055, -1.49765], [-74.49572, -1.50082], [-74.49573, -1.55079], [-74.46917, -1.57869], [-74.45635, -1.62983], [-74.46421, -1.68513], [-74.45089, -1.72062], [-74.41226, -1.72308], [-74.42103, -1.79046], [-74.48957, -1.84908], [-74.47, -1.86985], [-74.53412, -1.98198], [-74.57449, -1.96728], [-74.59997, -1.91245], [-74.64492, -1.89813], [-74.72367, -1.84435], [-74.7679, -1.8994], [-74.91271, -1.91247], [-74.98039, -1.82312], [-75.0137, -1.70742], [-75.05393, -1.64556], [-75.11617, -1.58441], [-75.1171, -1.52783], [-75.15414, -1.44565], [-75.13743, -1.41675], [-75.17192, -1.38834], [-75.16387, -1.28859], [-75.17597, -1.25019], [-75.22309, -1.18102], [-75.22949, -1.09237], [-75.31654, -1.06739], [-75.38477, -1.03757], [-75.41753, -1.04889], [-75.3867, -0.92974], [-75.32203, -0.97478], [-75.21624, -0.97083], [-75.22745, -0.94411], [-75.22117, -0.86576], [-75.24851, -0.83101], [-75.24022, -0.7981], [-75.27247, -0.7354], [-75.25094, -0.70045], [-75.27138, -0.66361], [-75.23587, -0.64727], [-75.2276, -0.55143], [-75.27774, -0.49841], [-75.31276, -0.49424], [-75.38752, -0.43433], [-75.46273, -0.31843], [-75.48222, -0.23696], [-75.53077, -0.1809], [-75.61062, -0.19245], [-75.55825, -0.14918], [-75.37425, -0.21215], [-75.37993, -0.2617], [-75.33603, -0.29374], [-75.33147, -0.34653], [-75.2995, -0.37339], [-75.3038, -0.40328], [-75.25959, -0.47976], [-75.18764, -0.5628], [-75.17839, -0.63793], [-75.15645, -0.66685], [-75.20191, -0.68916], [-75.19128, -0.73697], [-75.07709, -0.77712], [-74.98427, -0.82222], [-74.95502, -0.88564], [-74.89775, -0.90121], [-74.8737, -0.95012]]]}}, {"type": "Feature", "id": "160114", "properties": {"IDDIST": "160114", "IDPROV": "1601", "IDDPTO": "16", "NOMBDIST": "TENIENTE MANUEL CLAVERO", "NOMBPROV": "MAYNAS", "NOMBDEP": "LORETO"}, "geometry": {"type": "Polygon", "coordinates": [[[-73.53075, -1.45793], [-73.58899, -1.46071], [-73.62594, -1.41587], [-73.66022, -1.42038], [-73.73352, -1.38754], [-73.76687, -1.40045], [-73.82285, -1.35193], [-73.87413, -1.28404], [-73.91886, -1.27849], [-73.95122, -1.24828], [-74.01394, -1.23387], [-74.0702, -1.25792], [-74.15491, -1.22491], [-74.21702, -1.21584], [-74.22322, -1.1785], [-74.35958, -1.08771], [-74.39081, -1.08383], [-74.49719, -1.03235], [-74.53339, -1.04921], [-74.58847, -0.99328], [-74.68705, -0.97191], [-74.74977, -0.97248], [-74.77154, -0.94902], [-74.83651, -0.93341], [-74.8737, -0.95012], [-74.89775, -0.90121], [-74.95502, -0.88564], [-74.98427, -0.82222], [-75.07709, -0.77712], [-75.19128, -0.73697], [-75.20191, -0.68916], [-75.15645, -0.66685], [-75.17839, -0.63793], [-75.18764, -0.5628], [-75.25959, -0.47976], [-75.3038, -0.40328], [-75.2995, -0.37339], [-75.33147, -0.34653], [-75.33603, -0.29374], [-75.37993, -0.2617], [-75.37425, -0.21215], [-75.55825, -0.14918], [-75.61062, -0.19245], [-75.6105, -0.11336], [-75.56361, -0.1312], [-75.50563, -0.11794], [-75.46068, -0.15167], [-75.40513, -0.17027], [-75.30624, -0.15542], [-75.25977, -0.12795], [-75.1836, -0.03861], [-75.14137, -0.06632], [-75.07736, -0.0842], [-75.01689, -0.14569], [-74.9728, -0.15353], [-74.93208, -0.21779], [-74.88019, -0.2403], [-74.84809, -0.23358], [-74.81391, -0.19225], [-74.76271, -0.22479], [-74.73039, -0.29292], [-74.73114, -0.33918], [-74.66864, -0.37375], [-74.61668, -0.37308], [-74.57472, -0.39503], [-74.52955, -0.46513], [-74.42134, -0.50452], [-74.42687, -0.54112], [-74.38818, -0.55566], [-74.36644, -0.61045], [-74.37283, -0.65289], [-74.34053, -0.69801], [-74.37202, -0.714], [-74.3477, -0.75696], [-74.32043, -0.7542], [-74.26815, -0.84701], [-74.30809, -0.86609], [-74.2783, -0.89986], [-74.26722, -0.98236], [-74.2234, -1.00736], [-74.16836, -1.00633], [-74.09426, -1.04801], [-74.0462, -1.04482], [-74.01507, -1.08648], [-73.9478, -1.13211], [-73.91374, -1.12003], [-73.85713, -1.23178], [-73.75401, -1.2384], [-73.71815, -1.25113], [-73.68093, -1.23802], [-73.61995, -1.26131], [-73.61297, -1.31549], [-73.57653, -1.31806], [-73.57916, -1.35958], [-73.53164, -1.43501], [-73.53075, -1.45793]]]}}]}