id_demanda,Z,t_min
562176,2760,1.3916666666666666
554139,2819,2.6933333333333334
655322,2851,2.9633333333333334
567294,2779,2.4233333333333333
570379,2813,3.953333333333333
655345,2859,4.89
561744,2869,4.881666666666666
537478,3202,15.229999999999999
553386,2810,3.6416666666666666
561681,2839,2.828333333333333
618063,3155,15.685
558933,2762,1.68
129801,3007,29.038333333333334
652490,2957,15.754999999999999
623338,3080,17.638333333333332
132436,3135,12.221666666666666
510963,3071,30.976666666666667
529365,2440,15.973333333333333
129076,3053,15.285
552117,2769,2.5283333333333333
566052,2926,6.121666666666667
226025,3938,53.901666666666664
242757,3591,50.05
228618,3635,53.22166666666667
235692,3384,66.75666666666667
250171,3685,78.84166666666667
529707,3483,57.29
119895,3307,86.105
223859,3305,66.77333333333334
662356,3593,72.655
561487,3441,45.105000000000004
221644,3512,91.385
245429,3517,69.185
232543,2866,83.45666666666666
685944,3956,54.67666666666666
210670,3280,78.34333333333333
656037,3943,56.3
538058,3232,61.14666666666667
243765,4052,50.79833333333333
113039,3273,79.84166666666667
213933,4089,62.30333333333333
228323,3275,82.00833333333334
115327,3338,77.09833333333333
211246,3538,82.65
310289,3504,46.605000000000004
621742,3526,68.93666666666667
239878,3920,73.96833333333333
527905,3848,56.175
661862,2854,39.98166666666667
237757,3051,43.255
222251,3290,73.38166666666666
111683,3292,65.825
610485,2958,40.19166666666667
610559,2906,80.63666666666667
225175,2834,39.623333333333335
539399,3552,74.30166666666668
128221,3123,65.32166666666667
130599,2760,74.74333333333334
656038,3313,52.82833333333333
533714,3267,76.54166666666667
125672,2859,39.995
662613,2870,37.38333333333333
133302,3352,11.215
131550,3552,20.16
569685,2838,4.065
685947,3571,14.666666666666666
538927,3170,12.663333333333332
241906,3478,43.41166666666666
527928,3297,37.776666666666664
529727,4166,35.09
230426,3458,17.509999999999998
112795,3611,56.52166666666667
125306,3383,40.70166666666667
131014,3523,48.655
539403,3326,31.055
653610,3455,18.115000000000002
128809,3813,47.72666666666667
521163,3361,42.35333333333333
115582,3514,45.736666666666665
692160,3763,45.38333333333333
531501,3906,28.528333333333332
236956,3364,20.725
656093,3521,27.584999999999997
221650,3574,51.57333333333334
211396,3396,41.63333333333333
124258,3878,43.044999999999995
126286,3511,25.451666666666664
120915,3409,37.50666666666667
130305,3464,21.685
214773,3380,31.825
226242,3407,38.335
513176,3365,105.43666666666667
677359,3444,137.91833333333335
625746,3270,128.57666666666668
112436,2819,120.66666666666667
123829,1884,145.37333333333333
238678,3557,110.03
236000,3252,119.42166666666667
685954,2770,123.26666666666667
551443,2134,96.75
125722,2890,134.405
657331,1947,129.30666666666667
516011,3152,112.18666666666667
678565,3385,148.80166666666668
241348,2786,126.68
119598,3509,97.35833333333333
536559,2831,121.25666666666666
115804,3168,110.3
610005,2937,117.99833333333332
117241,3095,139.78166666666667
227028,3235,128.15666666666667
542794,3111,145.1616666666667
122318,2072,138.675
657136,3056,125.69166666666666
657330,2925,121.26833333333335
661879,2364,102.57166666666667
215407,2022,139.79500000000002
518864,2843,126.17666666666668
657135,2964,121.96000000000001
678566,2413,148.96
214925,1787,137.21
520322,3162,115.92333333333333
245020,1974,141.69833333333332
510518,2486,19.11
533445,2640,24.933333333333334
250531,2617,23.775
310179,2473,18.67
657140,3097,37.57166666666667
114808,3135,32.913333333333334
610225,2886,23.586666666666666
118156,3153,35.98833333333334
520500,2610,19.541666666666668
113446,3322,38.236666666666665
527985,3266,34.64
242173,3030,28.435
218065,2978,27.636666666666667
121967,3285,34.00833333333333
110587,2573,26.06
548117,3396,41.84
685958,2928,28.378333333333334
217204,2887,32.885
513699,3174,35.48166666666667
118160,2844,24.045
526236,3756,38.71666666666667
110827,2543,21.773333333333333
517644,2870,44.82833333333333
120973,2976,30.421666666666667
234595,3440,50.73166666666667
528791,3064,58.865
131537,3451,73.655
685961,2633,25.466666666666665
132742,2693,23.298333333333336
685960,2472,23.483333333333334
250601,2968,36.980000000000004
625104,2846,35.19166666666667
610569,2900,49.041666666666664
210300,3072,11.65
516799,2746,1.3099999999999998
677365,2928,3.7800000000000002
677362,2921,3.3216666666666668
571518,2743,2.2800000000000002
128380,2800,1.995
237814,2816,3.4483333333333333
127412,2763,1.2666666666666666
655749,2887,2.8316666666666666
662397,3382,71.26333333333334
685965,3481,69.105
685967,3648,70.35
685964,3214,53.67166666666667
680249,3256,56.585
129374,3228,61.958333333333336
120633,2737,83.81666666666666
243955,2945,78.125
546769,3469,70.21000000000001
680251,3414,69.105
661860,2644,46.138333333333335
556593,2567,34.95333333333333
119096,3186,70.23
657233,3580,56.855000000000004
122626,3348,63.85
612959,3523,33.443333333333335
234246,3257,36.40833333333333
223824,3808,22.348333333333336
118361,3220,47.559999999999995
610610,3547,21.428333333333335
574139,3283,43.485
547464,3762,22.446666666666665
217906,3476,49.495
124686,3440,40.14333333333333
544560,3251,24.296666666666667
121644,3583,28.813333333333333
112406,3753,44.37833333333333
521918,3220,41.873333333333335
657228,3534,23.341666666666665
219152,3317,20.65666666666667
114963,2692,9.03
657227,2685,9.596666666666666
552663,2889,9.361666666666668
227837,2602,6.97
232576,2611,9.725
548476,3130,21.05666666666667
114868,2483,11.586666666666668
657226,2504,15.638333333333332
540199,2737,11.833333333333334
653313,3614,33.13166666666667
115275,2693,10.18
615121,3042,20.413333333333334
511309,3217,23.84333333333333
114068,4382,116.48166666666665
118857,3330,64.48666666666666
111192,3542,85.67833333333333
123792,3150,55.67833333333333
243501,3520,59.08166666666667
662623,4417,96.99333333333334
223789,3746,74.32333333333332
547632,3779,96.59833333333333
231244,3507,58.62
120264,3464,71.05666666666666
245199,3573,85.11999999999999
677089,3191,61.805
685979,3616,72.065
118592,3681,73.94
116244,4438,111.03666666666666
524042,3686,47.91833333333333
657234,3358,73.13166666666666
677087,3377,68.50500000000001
116884,3622,82.855
127801,3227,62.13166666666667
112770,3899,95.52166666666668
626551,3281,62.25833333333333
224237,4098,124.88666666666667
119805,3327,82.15833333333333
233772,4328,104.315
662630,3504,72.81833333333334
662471,3470,55.805
662628,3555,75.75333333333333
683794,3122,55.55166666666666
114194,3724,75.52
128688,4313,107.76
510981,3903,89.91666666666667
656063,3471,83.34333333333333
685973,3534,76.15
227146,3588,92.82333333333332
215244,3818,80.865
211842,4279,103.65666666666667
114375,4219,110.44333333333334
224147,3017,59.65833333333333
538217,3692,74.05166666666668
662632,3702,84.68833333333333
120542,3561,79.555
227750,4077,90.20333333333333
219291,3731,98.77666666666667
685981,3451,70.05666666666666
115759,3133,60.11
110852,3648,44.835
657280,4132,96.68
512621,3436,76.865
662620,3979,41.35666666666667
556672,3906,82.9
553521,3568,82.21833333333333
124841,3852,85.72166666666666
131454,3492,71.90333333333334
238397,3266,61.108333333333334
112110,4341,136.56166666666667
618522,3519,41.70333333333333
224071,3512,74.13000000000001
562442,3484,45.8
657279,4195,101.41166666666666
114315,4235,136.56166666666667
662617,3807,90.46333333333334
125969,3541,78.33333333333333
547083,3662,52.32666666666667
113295,4417,119.58500000000001
662624,4028,92.96499999999999
114894,3305,75.60333333333332
215268,4532,110.925
250791,4528,134.43666666666667
612711,3462,73.81333333333333
545440,3286,78.99166666666666
662470,3270,61.11
685984,2463,12.44
553669,2728,4.303333333333333
120883,2724,7.928333333333333
126984,2649,4.251666666666667
655348,2772,2.83
677094,2725,8.37
685985,2730,9.075
683804,2734,3.941666666666667
540905,2613,7.891666666666667
125140,2732,2.565
661865,2624,3.1366666666666663
685988,2634,8.083333333333334
234781,2755,1.66
230457,2623,3.14
516083,2806,8.353333333333333
611526,3508,21.758333333333333
223077,3541,20.698333333333334
532220,3480,31.711666666666666
512297,3382,35.57833333333333
225130,3098,58.980000000000004
529981,3356,34.045
226918,3573,31.645
524044,3039,18.946666666666665
510008,3091,24.491666666666667
126126,3298,33.656666666666666
512575,3282,16.25
521791,3186,20.428333333333335
129458,2939,6.816666666666666
677369,3317,36.61
559418,3515,40.931666666666665
533599,2891,6.411666666666666
241758,2568,12.853333333333333
111552,3032,15.756666666666666
528774,3131,12.723333333333333
677372,3417,54.45
213573,3276,24.466666666666665
557916,3382,39.55
232498,4048,139.085
525250,3184,57.473333333333336
132842,3517,78.135
229769,3808,93.26333333333334
123860,3763,73.69333333333334
528725,3972,109.43666666666667
662547,4216,111.32166666666667
624590,4111,139.07333333333332
229330,4382,148.56
224339,4241,134.565
250147,4730,151.77833333333334
226745,4185,116.59166666666667
237387,3612,71.96000000000001
677376,3793,63.82666666666667
615351,3829,94.39833333333333
246244,4192,125.11333333333333
129546,4072,106.15
521697,4154,90.00166666666668
243392,4073,133.61499999999998
250566,3971,99.69666666666667
310445,3055,71.935
536938,4148,121.30333333333333
662651,4230,104.07333333333332
228459,3803,103.60833333333333
523502,3796,65.88833333333334
536263,4518,126.24499999999999
527444,3212,16.738333333333333
662669,3552,33.00666666666667
536157,3444,36.965
525677,3295,22.273333333333333
536562,3594,35.64333333333333
232491,3333,19.775
512211,3328,24.36
548506,3556,33.711666666666666
121154,3255,17.584999999999997
512820,3356,22.065
612735,3678,36.74333333333333
662663,3563,29.88
610093,3481,31.855
662642,3306,19.101666666666667
543740,3699,33.54333333333333
230393,3189,14.076666666666666
115815,3701,36.995
526888,3291,21.363333333333333
612219,3463,40.36333333333334
310246,3545,57.294999999999995
625406,3449,23.163333333333334
132636,3489,39.34666666666667
677379,3279,18.458333333333332
624743,3763,46.181666666666665
219074,3777,50.86333333333334
551488,3651,42.02833333333333
117559,3676,36.74333333333333
610312,3475,28.485
210942,3727,32.95666666666667
514414,3099,12.520000000000001
230932,3704,39.67333333333333
662666,3501,39.36833333333333
610887,3647,38.138333333333335
662662,3785,50.86333333333334
126575,3938,36.74333333333333
535990,3652,35.58166666666667
549882,3120,8.991666666666667
538870,3656,40.11333333333334
657536,3308,31.418333333333333
624532,3831,48.0
680984,3350,30.02
618270,4053,48.0
550863,3165,36.79833333333333
224476,3857,45.63166666666667
662657,3067,39.68
118684,3150,33.57666666666667
662659,2681,53.45166666666667
617719,3461,28.803333333333335
115989,3722,47.72666666666667
538755,3327,42.23166666666667
662655,3249,41.55166666666666
512727,3291,30.168333333333333
661866,3554,40.55333333333333
120158,3200,34.875
612857,3574,27.336666666666666
115580,3770,37.14
250187,3157,33.795
657395,4642,128.24833333333333
679236,4224,148.77166666666665
677024,4509,131.74666666666667
656108,4359,139.98666666666668
662679,4432,140.21833333333333
662689,4460,131.65666666666667
657159,3801,178.71666666666667
227254,4352,118.19
220819,4411,102.33666666666666
618685,3160,149.94333333333333
679618,4203,154.035
238048,4499,107.02333333333333
657148,4145,162.15333333333334
656247,4158,152.81833333333333
537218,3838,163.88833333333332
119502,3281,159.78833333333333
662716,3876,160.60333333333335
692164,3427,148.64166666666668
657157,3837,177.57833333333335
679620,4217,155.08333333333334
657391,4570,108.15
657166,4156,176.57166666666666
662711,3771,166.68666666666667
235527,4399,131.65666666666667
657411,4486,139.18333333333334
662702,3902,158.815
110878,4504,128.24166666666667
245396,4232,146.07666666666668
619599,4730,140.37333333333333
621446,3334,154.10833333333332
620813,4304,128.795
224839,4524,116.44
233258,4210,121.17833333333333
616210,4170,151.45499999999998
512994,4092,150.58666666666667
250295,4452,99.66000000000001
680978,3998,140.35666666666665
656249,4493,153.25666666666666
517694,3115,152.26166666666668
656255,4483,148.56
679240,4037,160.06833333333333
245030,4092,138.49166666666667
679619,3842,163.67333333333332
662703,3593,166.105
231648,4141,139.98666666666668
656107,4126,153.05499999999998
625775,4611,106.16666666666667
124239,4515,117.03
677864,4326,138.17000000000002
678033,4419,136.31333333333333
662601,4234,140.37333333333333
657402,4502,107.11666666666666
657153,3578,179.65166666666667
678029,4022,165.725
657393,4488,107.25333333333333
657152,3689,180.80833333333334
678030,3908,165.725
523099,4704,102.15833333333333
243289,4368,148.49666666666664
679235,3930,176.76166666666668
657389,4589,107.25333333333333
679245,4175,158.26666666666668
679244,3657,184.07666666666668
112411,3632,164.09833333333333
656252,4631,150.88333333333333
227037,4291,147.99833333333333
657150,3825,173.66666666666666
522068,4061,134.98833333333334
657403,4284,95.11333333333333
657410,3723,150.15833333333333
680360,4248,137.59666666666666
662710,3906,169.165
234967,4135,119.945
657151,3899,174.23166666666665
662700,3941,158.05333333333334
626459,3515,182.55
236758,3632,148.11833333333334
662705,3455,166.105
231551,4262,91.83833333333334
662718,3438,162.46833333333333
118518,4632,109.43
662706,3672,166.8
548393,3882,162.95833333333334
122758,3713,179.22333333333333
114756,4540,105.37333333333332
524148,3267,139.325
613107,3480,146.95833333333334
222308,4525,128.795
618187,3683,138.47333333333333
617473,3918,140.70333333333335
129263,2992,144.61666666666667
617978,3409,143.315
123780,2933,152.48999999999998
662727,3106,147.45833333333334
615888,3315,138.43333333333334
211866,3740,127.66499999999999
131456,3279,143.82000000000002
686007,3933,153.0883333333333
686010,4386,120.64666666666668
662729,3150,141.53
662721,3264,138.24333333333334
674270,3007,145.44666666666666
622659,2988,148.11833333333334
613959,3398,139.5366666666667
674271,3527,154.36833333333334
669159,4090,140.70333333333335
228608,3514,151.48166666666665
125048,3353,152.05166666666668
625614,3352,150.11666666666667
519594,3470,115.49166666666666
232141,4111,213.515
239403,4342,243.76833333333335
213792,4314,212.56333333333333
545572,4123,216.75166666666667
232944,4349,259.92333333333335
662733,4375,230.11499999999998
233020,3933,172.98999999999998
662790,4052,166.71666666666667
214089,4241,162.84
132293,4336,212.52666666666667
686013,4203,180.08666666666667
229499,4153,162.45333333333335
662757,3938,176.53833333333333
217606,4181,142.01166666666668
686023,3396,112.10833333333333
215384,4031,260.12333333333333
662736,3826,121.46166666666666
692168,4451,160.715
686027,3602,118.75833333333334
243948,4337,190.33166666666665
686040,3954,164.715
245681,4052,134.63333333333333
662766,4256,144.265
213552,4480,224.01166666666668
674272,4148,167.83333333333334
676652,4164,236.14166666666668
241788,4133,184.47333333333333
675437,3685,120.67
686022,3173,107.33833333333334
662763,4283,164.97666666666666
250524,3933,173.73333333333332
310204,4504,209.66
686018,3896,142.52
662775,3453,117.20666666666666
210348,3989,145.06333333333333
236553,4223,201.77
310153,4123,167.83333333333334
222191,4007,151.42999999999998
674276,4437,157.63500000000002
224534,4160,266.0516666666667
230000,4322,252.12
220321,4042,164.97666666666666
663096,4061,235.675
223086,4010,139.01833333333335
662792,4189,166.71666666666667
662777,3925,132.87666666666667
218956,4204,181.35666666666665
686020,3420,119.76833333333335
518537,4390,210.20833333333334
662787,3945,181.35666666666665
662764,4287,162.25166666666667
662753,4066,175.13
236907,4498,190.74166666666667
663097,4087,239.86
677799,4080,265.8283333333333
227598,3996,168.12333333333333
241856,3984,131.15333333333334
115183,3588,142.70333333333335
224075,4226,160.69500000000002
547086,3399,115.56
662758,3921,173.68833333333333
662785,4133,226.34
662760,4078,176.47166666666666
243225,4134,137.73999999999998
674275,4269,165.35166666666666
211815,3815,98.985
125657,4388,210.82333333333332
662769,4245,145.19666666666666
228214,4366,166.32166666666666
662772,3496,116.70666666666666
238071,4062,260.12333333333333
226728,3951,186.685
240861,4007,169.10333333333335
526676,3991,174.265
674281,3560,118.14333333333335
232807,4241,209.97
686032,3886,159.93333333333334
662791,4043,167.78333333333333
662782,4009,159.02833333333334
674639,4005,74.955
121256,3976,77.58833333333334
517990,3517,86.34833333333333
674644,4045,74.955
674642,3362,84.87833333333333
524288,3431,98.26
662830,3202,84.28666666666666
662808,3787,110.74166666666666
662834,3785,136.55833333333334
674648,3309,85.33833333333334
521585,3173,86.24333333333334
626907,3455,85.33833333333334
233066,3158,90.44166666666666
111251,3423,147.98166666666665
132042,3143,90.89833333333333
662822,3444,81.91833333333334
662804,3861,120.00333333333333
662835,3930,132.735
662821,3925,79.105
662799,3808,120.00333333333333
131662,4052,70.81
656651,3630,108.16166666666666
539166,3309,83.57666666666667
662549,2983,98.57166666666667
662796,3043,107.22
677119,3990,104.98666666666666
523966,3727,104.72
212090,3809,110.76
656652,3530,113.79333333333334
120857,3704,78.045
550147,3104,87.14833333333333
113762,3593,85.33833333333334
662831,3771,83.805
124289,3101,96.00333333333333
242816,4226,64.18666666666667
550134,3256,106.115
662817,3079,87.54166666666667
123324,3228,84.75333333333333
621507,4007,103.99333333333334
678869,4140,147.515
232209,4166,138.84
686056,4044,106.68333333333334
610374,4186,93.325
662843,4061,103.38000000000001
210714,4196,90.68666666666667
679258,3926,147.41833333333335
232468,4159,144.61833333333334
686053,3881,147.515
656713,4387,92.94666666666667
123701,3635,137.91333333333333
686064,4040,100.56666666666666
242340,3974,60.626666666666665
513857,4008,103.99333333333334
114017,3554,119.02166666666668
218173,4212,95.64166666666667
540918,4187,101.48666666666666
675159,3958,147.48333333333332
213548,4194,138.84
240873,4206,96.21833333333333
123374,4325,92.81
661886,3921,147.515
219446,4093,147.515
229640,3861,134.43166666666667
656719,3999,98.53
522847,4365,93.71499999999999
235437,4159,62.519999999999996
625056,4144,95.205
678870,4336,147.515
686049,4061,58.36666666666667
218232,4265,101.48666666666666
533751,4184,60.61833333333333
229577,3664,147.515
518334,4239,147.515
238839,4165,62.730000000000004
678877,3754,147.515
221552,4271,147.515
539702,4187,89.60166666666667
662847,4201,89.17166666666667
686054,3996,107.57333333333332
662850,4072,85.91000000000001
662838,4323,147.515
231403,4075,68.52666666666667
686057,3984,104.83166666666666
111869,3755,136.73666666666668
662844,4227,100.63333333333334
221897,4399,93.71499999999999
233228,3987,138.84
531166,4193,90.96833333333333
231686,4254,93.71499999999999
679259,3937,105.765
237594,3970,147.515
623135,3994,106.195
530858,4431,189.54
623464,4145,154.685
211861,4001,137.89333333333335
242250,3883,126.13333333333334
619631,3714,114.88666666666667
222924,4111,138.86666666666667
238108,4193,185.13833333333332
124033,4379,183.93666666666667
226078,4273,143.37
518074,4448,179.92000000000002
133120,3487,109.21499999999999
220188,4085,159.75666666666666
226795,3510,112.86333333333333
239937,4097,183.81166666666667
233453,3794,119.57833333333333
548613,3088,97.01166666666667
550555,4373,189.79833333333332
529760,4245,159.75666666666666
662866,4140,135.90833333333333
538409,4576,192.2133333333333
680993,4258,135.90833333333333
680417,3790,118.36
532824,3741,115.66333333333334
239202,4111,153.33666666666667
544294,4494,162.02166666666665
221577,4137,154.67999999999998
124760,4216,183.86166666666668
123448,4269,178.54500000000002
680992,4534,194.14833333333334
111977,4418,184.08666666666667
242580,4246,139.32333333333332
540417,3972,138.22333333333333
129305,4141,183.81166666666667
540777,4547,165.855
544926,3943,116.8
222648,4179,134.14666666666668
221965,4052,137.95166666666668
226373,4281,157.84833333333333
662855,4403,157.84833333333333
551124,4273,159.75666666666666
547501,4132,126.21333333333334
116554,3422,111.42333333333333
619221,3985,125.75
240012,3543,136.40666666666667
528261,3544,112.67666666666668
237215,4505,186.19666666666666
114634,4275,156.69166666666666
662869,3782,116.68833333333333
524362,4143,137.70833333333334
212447,4463,161.16666666666666
524431,4447,195.02833333333334
547336,3937,125.45833333333333
237999,4096,142.52333333333334
215651,3862,21.220000000000002
127946,3256,12.773333333333333
243437,4119,46.041666666666664
683015,2541,3.0966666666666667
548161,3001,11.186666666666667
227506,2384,9.28
548124,2711,4.805000000000001
246494,2743,2.1016666666666666
226209,4036,40.66833333333333
217536,4018,40.748333333333335
117426,2513,12.101666666666667
231738,2350,12.443333333333333
686069,2458,5.955
533676,2826,4.0183333333333335
655465,2615,1.1849999999999998
120159,3351,20.208333333333332
683798,2652,0.9966666666666666
674156,2401,19.30666666666667
121284,2480,6.126666666666667
213016,2786,3.9516666666666667
653631,2729,2.105
233402,3956,34.833333333333336
564106,2678,1.9166666666666667
625753,2508,4.681666666666667
662878,3688,31.44333333333333
611468,2543,3.375
682222,3429,102.61833333333334
542680,2816,127.04833333333333
612850,3495,141.105
545217,2607,131.9
547298,3059,182.70666666666665
680994,1875,184.255
686073,3742,198.785
132177,3247,135.575
662884,3777,144.89833333333334
652473,3408,103.28666666666666
662906,4022,120.64166666666667
241530,3596,195.04833333333332
512652,3827,119.01333333333334
549683,3527,196.44666666666666
244061,3416,108.29166666666667
530315,3003,20.256666666666668
662914,3842,41.025
662915,3907,51.125
310308,2853,17.81
127569,3254,29.453333333333333
545530,3015,24.408333333333335
239005,3111,33.47666666666667
525432,3095,24.540000000000003
121773,2975,20.916666666666668
110886,3088,25.551666666666666
513246,3143,30.795
122363,2822,11.431666666666667
231831,3548,26.81
662921,3294,20.971666666666668
662920,3551,27.711666666666666
612619,2989,16.25
656723,3677,32.06666666666667
610756,3551,28.413333333333334
615425,2892,10.568333333333333
213172,3122,31.71833333333333
619118,2858,22.56833333333333
516985,2502,10.043333333333333
543541,2497,7.6899999999999995
243223,2901,16.845000000000002
543459,3837,33.861666666666665
123486,4069,41.02833333333333
240461,4030,36.375
662923,2563,22.326666666666664
530754,2231,21.290000000000003
123805,2344,19.185
546866,2662,10.593333333333334
686076,2620,7.026666666666667
131499,3601,26.916666666666668
515268,2784,14.353333333333333
654004,3303,15.34
511214,2354,21.711666666666666
122168,2455,11.74
232389,2213,14.668333333333333
125661,3461,22.811666666666667
217868,2297,19.188333333333333
535912,3499,72.49166666666666
212661,3779,70.36166666666666
516235,3924,79.55333333333333
537547,3143,45.3
111656,3303,84.46833333333333
682837,2600,86.84333333333333
123587,3665,81.08500000000001
533694,2549,67.26166666666667
241000,3781,74.70666666666666
528202,3630,53.305
229966,4003,59.098333333333336
547774,3847,62.07
536564,3361,89.61999999999999
242337,3905,89.635
234677,4025,82.05666666666666
240812,3894,71.40333333333334
221903,3853,91.855
662582,3463,82.685
226437,3661,89.4
239795,3883,65.02
123990,3394,49.65
545421,3347,87.58333333333333
521109,3889,72.455
548640,1183,26.46833333333333
521255,1602,33.58
546049,1197,27.001666666666665
662874,3724,76.20333333333333
241673,3664,85.10333333333332
233003,3677,124.25500000000001
213732,3703,93.2
623587,1043,9.316666666666666
232842,583,1.6483333333333334
656852,1552,28.366666666666667
550042,2962,78.76833333333335
240909,3810,124.25500000000001
674161,3918,88.68166666666666
514537,1245,11.913333333333332
216351,1129,21.478333333333335
674667,3385,85.99499999999999
519042,1140,83.07333333333332
215551,3701,73.01166666666667
686086,1424,115.03833333333334
686079,1362,50.78666666666666
686087,1318,100.17
674160,3998,87.31
623931,4130,105.77666666666667
662513,3824,105.29333333333334
244025,3991,50.14666666666667
536334,1594,29.165000000000003
542175,1896,35.58833333333334
215839,3584,91.68833333333333
246157,1091,31.296666666666667
116142,3501,106.69
610492,1388,32.031666666666666
686084,3912,93.98166666666665
686083,3757,79.83333333333333
228574,3854,90.18833333333333
612734,1287,69.30166666666668
617590,905,53.95333333333333
119892,518,21.21333333333333
212021,560,15.175
237771,1618,121.54333333333334
569550,586,13.981666666666666
525021,1202,120.76333333333334
621089,1048,55.25833333333333
530282,524,20.315
526775,1465,90.00166666666668
662380,1197,56.79666666666667
224905,3712,120.69333333333334
621265,779,57.07833333333333
610741,1394,85.49666666666667
626869,1057,54.88
682210,620,67.125
536483,606,65.63166666666667
219919,710,76.11999999999999
244873,887,81.2
652532,533,68.72
235362,3641,71.075
681800,3555,75.33
618335,3741,65.67166666666667
246598,3134,57.705000000000005
233606,4059,61.059999999999995
613026,3716,71.50333333333333
229112,3717,71.97833333333332
686091,3872,62.86666666666667
219726,3628,67.575
527051,3579,64.29166666666667
539795,3843,80.85833333333333
113401,3144,60.94833333333334
513243,3703,54.52833333333333
228397,3974,60.32833333333333
614163,3582,50.781666666666666
520688,2841,62.919999999999995
686094,4024,59.635
229843,3944,93.44666666666667
662511,3349,52.01833333333333
624075,3742,69.18333333333334
541483,3410,234.15333333333334
556893,3503,212.37
686101,3748,211.36833333333334
539197,3503,206.51166666666668
662894,1691,186.81
515613,3569,204.55
230925,3591,211.345
662901,2984,247.12333333333333
522475,3623,309.84833333333336
662886,2038,209.84333333333333
121023,3456,338.455
521656,3434,257.85499999999996
662897,3797,338.57666666666665
531829,3191,241.38500000000002
662899,3703,252.035
520182,3759,323.43333333333334
684046,1720,207.52833333333334
214011,749,396.6766666666666
227205,2455,335.655
569217,3874,218.67000000000002
531056,3516,296.4183333333333
121234,3471,44.97
686108,3892,46.80166666666666
537589,3427,38.45
516590,3646,38.940000000000005
662378,4108,60.82333333333334
124061,3921,61.07
129592,2839,57.223333333333336
656725,3867,56.86333333333334
529729,4110,56.35166666666667
546995,3531,36.815000000000005
122679,2663,5.241666666666666
229564,3829,54.22166666666667
521129,3843,16.49
223206,3888,80.26
622141,3247,18.783333333333335
120310,2765,37.690000000000005
548872,3105,15.360000000000001
111271,3608,31.751666666666665
619888,3802,46.25666666666667
686114,2807,2.378333333333333
549280,3571,9.826666666666666
110699,2926,29.19333333333333
549294,3091,16.821666666666665
655463,2355,13.911666666666667
126155,2338,10.061666666666667
515202,3224,24.828333333333333
239093,3704,45.78333333333333
513570,2411,8.835
116414,3377,41.68
230322,3297,34.38
541608,2954,4.161666666666666
120450,2663,23.813333333333333
229871,3753,51.980000000000004
110770,2629,1.7666666666666666
654007,3084,28.971666666666668
611930,3219,24.21333333333333
548345,3208,18.65666666666667
119262,3097,9.423333333333334
236790,3232,31.241666666666667
548261,3222,24.308333333333334
113456,3459,58.43666666666666
617514,999,98.60166666666667
238229,3571,72.70166666666667
133428,3259,54.90333333333333
241667,3313,56.84
112890,1622,135.185
661893,1427,123.135
661911,2946,58.593333333333334
225399,3733,85.66666666666667
221604,744,88.05833333333334
557196,3023,78.57666666666667
524786,1138,89.61166666666666
243466,3721,52.638333333333335
236070,3563,42.335
573540,1502,89.82833333333333
617049,1054,102.33500000000001
517171,720,94.07666666666667
127860,3557,65.60833333333333
235171,3829,68.82333333333332
515253,3947,58.156666666666666
569760,2132,88.735
229102,3738,71.51833333333335
517342,3561,86.03166666666667
547362,683,75.58500000000001
123891,877,82.96166666666666
661894,1334,125.16000000000001
615802,3608,68.41499999999999
217283,3631,69.72
662505,1685,30.831666666666667
626521,975,10.558333333333334
214057,1421,27.154999999999998
310363,1109,20.083333333333332
662506,1209,13.675
621751,1269,15.478333333333333
527268,589,7.826666666666667
620397,1539,26.728333333333335
618484,919,7.7283333333333335
682871,1217,18.586666666666666
617297,618,0.6883333333333332
614801,1362,14.895000000000001
310009,2685,41.80833333333333
623953,563,16.436666666666667
516576,1850,14.976666666666667
110762,3194,39.37
219969,3149,67.94833333333334
222760,3290,59.82166666666667
622418,3172,34.748333333333335
615092,1774,81.81
610034,3524,58.61833333333333
661898,3537,65.67333333333333
123090,2794,31.381666666666668
661907,3009,39.333333333333336
532338,3262,72.16000000000001
618341,3378,70.52166666666668
661906,3187,42.195
661870,3483,157.72333333333333
661877,3842,138.475
661891,3589,151.31
213557,1435,273.31333333333333
218279,3228,125.45833333333333
220180,3863,123.58166666666666
661902,1230,140.0
117840,3539,136.01833333333335
127083,3392,121.60666666666665
521265,1700,124.69
521258,805,141.83666666666667
661875,3524,138.42166666666665
661897,807,140.505
566748,1205,127.83500000000001
126807,3010,55.56666666666667
131977,3167,48.35
129051,3265,47.42166666666667
613865,1899,100.63666666666667
541044,2860,76.71666666666667
661890,2943,59.65833333333333
250244,3382,64.54166666666667
612213,3194,48.455000000000005
661888,2883,63.19166666666667
527232,3115,58.348333333333336
110623,1864,101.35833333333333
126159,2950,60.894999999999996
624422,3329,45.31166666666666
618683,891,23.126666666666665
662499,1236,16.973333333333333
516588,793,27.955
545658,3109,27.576666666666664
622601,794,29.945
111467,706,21.116666666666667
517609,1210,31.823333333333334
512606,631,24.091666666666665
617629,1010,14.966666666666667
613655,1070,13.096666666666666
626407,1117,33.725
541341,1090,10.326666666666666
680970,3576,68.28833333333334
615937,3888,30.453333333333333
625027,3318,14.766666666666667
616253,3695,46.82
121779,3194,13.648333333333333
682872,3252,30.46833333333333
622832,3506,41.156666666666666
216848,3350,26.89333333333333
611389,3327,27.11
229064,3086,30.21833333333333
243186,3524,25.675
537895,3702,48.45166666666667
520039,2962,9.885
692174,3384,26.46833333333333
662353,3377,42.211666666666666
133406,3224,15.133333333333333
122570,3050,28.98166666666667
113290,3700,25.36
114566,3268,28.523333333333333
518614,3940,37.513333333333335
682342,3434,46.02333333333333
531619,3271,16.521666666666665
649999,3515,37.135
232308,3437,45.92666666666666
616738,3772,34.13666666666666
549961,1095,45.81666666666667
611161,925,48.98833333333334
548619,1123,61.75
530772,854,60.005
650042,3261,71.06666666666666
686143,1244,65.89666666666668
682316,1087,71.105
610301,1315,50.288333333333334
686133,1589,71.22
623459,3608,64.32833333333333
686135,1537,50.575
682868,735,38.88
686131,3777,72.83833333333334
662347,3725,67.74499999999999
622153,3382,70.95
246020,3726,70.98
229492,3708,75.025
533830,1267,70.35833333333333
625902,3779,63.35
662004,3588,79.445
686147,1321,68.95
112474,686,65.015
536836,670,64.545
213516,3519,84.19166666666666
536521,2686,89.40833333333333
310542,3300,79.445
132995,3760,69.03999999999999
527203,2421,96.93833333333333
544289,1262,78.60666666666665
522554,3817,63.08833333333334
520948,1943,462.6766666666666
547749,2321,462.6766666666666
627034,2613,157.72333333333333
680392,3210,451.72999999999996
611774,1051,462.67333333333335
613046,3465,157.72333333333333
523473,1718,448.4266666666666
216803,1417,315.755
661895,1377,145.73999999999998
615038,3540,155.95166666666668
662953,3321,4.765
527859,2753,21.223333333333336
310390,3783,13.286666666666667
616338,3169,25.698333333333334
679593,4270,102.805
126531,4277,27.651666666666664
652491,3194,2.5833333333333335
545791,4374,36.985
679594,4219,61.87
618527,3239,18.941666666666666
675511,3703,20.55666666666667
113752,3415,10.953333333333335
542343,4210,26.34
233420,3385,7.035
245357,4428,62.919999999999995
234521,4133,31.990000000000002
122649,3359,9.16
668224,3353,8.055
130137,3425,5.6
686154,3142,1.9066666666666667
662968,4112,19.646666666666665
616042,3173,2.5949999999999998
114565,3382,5.198333333333333
239048,2981,5.348333333333333
235929,4418,57.91
213727,3816,8.33
679217,4187,35.22833333333333
662965,3398,6.178333333333333
662459,2944,4.451666666666667
310302,3997,25.821666666666665
662944,4225,22.618333333333332
210671,3033,9.104999999999999
662946,4100,19.598333333333336
121642,3123,15.286666666666667
538439,3834,21.298333333333336
214330,3424,5.295
550519,3960,25.240000000000002
679600,4342,104.00666666666666
662456,3392,5.819999999999999
310143,4397,25.408333333333335
662969,4222,32.61833333333333
528640,3202,0.8366666666666667
113297,4132,42.01166666666666
662947,4084,21.348333333333336
128590,3363,11.375
611584,3506,13.528333333333334
662941,4257,20.959999999999997
679215,3096,7.371666666666667
679596,4229,104.18666666666667
245882,4224,102.805
679603,3786,17.513333333333332
114823,2947,14.638333333333332
679598,4274,103.21666666666667
662936,4266,23.658333333333335
226813,2956,6.861666666666666
662927,3701,13.528333333333334
679597,4374,58.255
310675,3671,14.973333333333333
662956,3185,3.36
678109,4403,44.2
679601,4216,102.805
237329,3770,11.828333333333335
662960,3194,2.4433333333333334
219040,3827,20.368333333333332
662937,4348,24.298333333333336
226239,3333,7.3
686155,3186,2.256666666666667
222141,3561,14.633333333333333
622082,2807,17.445
227864,2691,17.666666666666668
210213,3858,28.346666666666668
515247,3106,77.79833333333333
113514,3801,90.46000000000001
662980,3676,129.41833333333335
218439,4077,80.04166666666667
210045,4086,82.32833333333333
533046,4089,130.13333333333333
675169,3461,110.325
677111,3736,123.57333333333332
686172,3242,67.06833333333333
677114,3623,123.77166666666668
243940,3718,112.125
676501,3033,70.36166666666666
676505,3367,108.775
678857,4098,95.49666666666667
510596,4216,88.76333333333334
535645,2913,81.19333333333334
210663,4272,64.66
131776,4085,76.93666666666667
210501,3478,129.12
675501,4349,83.90666666666667
676649,3189,83.125
620814,3972,113.28
112173,4258,147.42000000000002
123727,3089,120.18166666666666
119918,3494,125.71000000000001
540040,4258,83.90666666666667
676512,3836,84.68
117683,4245,128.57833333333332
676502,3767,123.75
653250,2980,73.75500000000001
122981,4048,83.52833333333334
624299,3077,93.66000000000001
230083,4116,102.38666666666667
118686,3530,110.80666666666666
133145,4177,133.22333333333333
117874,4306,95.055
675165,4172,76.78666666666666
675163,3812,123.57333333333332
676504,3713,114.095
216643,4128,83.935
228291,4119,75.18
686170,3639,129.41833333333335
212672,4098,83.69166666666666
123517,3006,112.08666666666666
243091,3526,137.11166666666668
131795,4127,85.2
662976,4053,108.6
130419,3094,86.34833333333333
130390,2987,74.83833333333334
246088,4005,96.02666666666667
676133,3974,99.40333333333334
676506,3614,114.07333333333332
530734,3355,80.01166666666667
111855,4241,57.223333333333336
121090,3208,83.47
662992,3133,69.24666666666667
235135,4308,41.27333333333333
220800,4308,71.4
551167,3181,80.93166666666666
662987,4028,91.225
534189,4130,41.519999999999996
525881,3273,84.90166666666667
676135,4305,68.28166666666667
534329,3212,80.875
686176,3093,88.91000000000001
662982,4195,51.05
231187,4165,46.09
228057,4265,76.39666666666668
133501,4318,83.46499999999999
530049,4143,103.17833333333333
545270,4022,90.98166666666665
662985,4201,50.486666666666665
510532,4160,47.32333333333334
662988,3811,80.94333333333334
540168,4330,62.735
536718,4074,100.555
662939,4356,28.113333333333333
236513,3427,53.269999999999996
663085,4191,37.53333333333333
662930,4250,32.43
246665,4408,52.656666666666666
551617,3562,65.76333333333334
663003,4123,60.836666666666666
210611,4152,36.55333333333333
663005,4050,54.23833333333334
110246,3838,57.845
663074,4360,41.818333333333335
310741,4291,55.01
663002,4156,61.405
242186,3699,49.151666666666664
662998,4171,54.33166666666667
124641,3864,45.86333333333334
110612,3618,57.845
233196,3674,53.57
250693,4202,29.9
535949,3963,42.22666666666667
663020,4198,27.823333333333334
218290,3922,19.28666666666667
529320,3124,33.401666666666664
663017,4140,25.925
686180,4196,31.876666666666665
115990,3516,18.955
664250,4167,26.423333333333336
220162,4049,47.43333333333333
663034,3200,8.84
523522,3235,23.936666666666667
676531,3835,19.403333333333332
663041,3508,31.05666666666667
681816,4121,90.185
663024,3722,37.56166666666666
692180,4107,37.74
664249,3472,22.243333333333332
231273,4124,90.185
663033,2952,8.29
523959,3922,20.336666666666666
533259,3976,48.49666666666667
663016,3709,56.92333333333333
676537,4024,47.43333333333333
663021,4195,30.921666666666667
652165,3331,16.216666666666665
662605,3347,12.183333333333334
513451,3762,47.14833333333333
676526,3313,9.646666666666667
663015,4142,25.801666666666666
663026,3608,35.34
663038,3459,21.316666666666666
663040,3350,38.913333333333334
663032,3293,9.641666666666667
246681,2529,52.13
652166,3536,40.788333333333334
617983,2613,12.585
131568,4312,116.045
540770,4192,110.85666666666665
525224,3173,94.74499999999999
686183,3077,91.42166666666667
663063,3468,95.31
132045,4225,72.86666666666666
244083,3250,84.92333333333333
663068,4393,120.38666666666667
118098,4015,90.03500000000001
127742,4329,110.17666666666668
623346,4149,142.245
663502,4330,91.775
526141,4036,127.885
663057,3294,81.01
113330,4285,101.23666666666666
692183,4230,118.2
221164,4430,123.73333333333333
663067,4159,114.82833333333333
129188,3671,94.04666666666667
130012,4281,93.58500000000001
549183,4327,127.83833333333334
117110,4331,93.58500000000001
126587,4578,91.01
663082,4189,119.74
226763,4494,117.61166666666666
241087,4240,112.75666666666666
611883,4161,114.89666666666668
663064,3475,115.24166666666666
244693,4303,93.58500000000001
231092,4258,117.59833333333333
217382,3855,140.32166666666666
654011,4378,128.26833333333335
121345,4411,88.205
522391,4373,136.72166666666666
310055,4451,76.35166666666667
130763,4457,80.93666666666667
213558,4336,93.58500000000001
125322,3837,141.4
223636,3920,120.985
119589,4282,72.80166666666668
225565,4409,69.74
240651,4425,118.86166666666666
219190,4381,101.92
215179,4262,116.77333333333333
246756,4518,65.74833333333333
244740,4250,126.26666666666667
310330,4393,84.205
131424,4356,80.67666666666668
217236,4351,89.93166666666666
548398,3663,131.72833333333332
663069,4518,123.20166666666667
664583,4462,62.35333333333333
663081,4284,120.025
223263,4263,128.18333333333334
122600,4296,90.03500000000001
663501,4357,72.8
663156,2078,254.04333333333335
237485,2473,261.2033333333333
539698,1783,241.2133333333333
620153,3237,276.35833333333335
663141,2318,259.07166666666666
237761,3234,285.76166666666666
663123,3123,269.1633333333333
663125,2352,256.815
663122,3108,265.0683333333333
520436,1499,249.4116666666667
544675,1778,248.24166666666667
111832,3094,264.39500000000004
537807,3125,274.80333333333334
610807,2235,259.88666666666666
310664,1682,248.24166666666667
224244,2268,255.71833333333333
663155,2994,262.6716666666667
663138,2566,275.35166666666663
692188,4287,268.7916666666667
611832,3285,287.6983333333334
663149,2648,296.005
622320,2712,294.65999999999997
519780,1404,243.48833333333332
114488,3317,275.28
129489,2074,263.7583333333333
663099,4031,273.28499999999997
131181,2777,266.93666666666667
664251,3269,279.71666666666664
676656,3254,274.72666666666663
663126,3031,273.47333333333336
686185,3349,278.2433333333333
663086,1992,259.88666666666666
310259,2744,295.92333333333335
620620,3032,273.53333333333336
663154,2238,255.64333333333335
663111,3233,273.2883333333333
663133,1539,247.2133333333333
128379,3247,283.34166666666664
570946,1740,255.97
663157,2436,256.7133333333333
531438,1913,232.23
530385,1137,220.49333333333334
686202,3407,260.82666666666665
663167,2725,288.0
618503,4161,234.60666666666665
663182,3274,269.2966666666667
653316,3537,267.40833333333336
677414,4231,192.12333333333333
620844,4159,195.005
230566,3193,269.0866666666667
663186,3060,275.68333333333334
677416,4138,250.59
119452,3477,293.205
681014,4304,254.88166666666666
663158,4236,209.17833333333334
663178,3482,288.96666666666664
522579,2041,255.465
663324,4019,248.645
622814,3515,293.205
677418,4000,254.505
510955,3223,271.6166666666667
227909,4162,193.45833333333334
663185,3474,262.92833333333334
529012,3293,269.9583333333333
212706,2841,273.05
213513,1711,260.56333333333333
681006,4349,213.82999999999998
118736,3424,262.6333333333333
686190,4141,232.52833333333334
686194,2648,286.35999999999996
239734,4314,258.465
540186,3240,291.6433333333333
677423,3256,277.83
663325,4120,254.88166666666666
516971,3439,268.41833333333335
240065,3976,260.12333333333333
663233,2896,280.43666666666667
112607,3202,287.68833333333333
118819,2946,284.385
662553,2831,272.31
520679,2759,288.315
240732,3393,267.69
615695,4190,207.03333333333333
663169,2697,289.15166666666664
663183,3394,264.2133333333333
544280,3354,277.35333333333335
620098,3486,293.26
250674,4212,234.70833333333334
244840,3289,265.675
535257,3094,276.525
686193,862,213.68833333333333
692190,4164,210.5
686206,3501,283.87666666666667
523247,1925,145.485
214077,3898,73.39
127536,2678,126.51666666666667
663219,2834,124.30166666666668
677905,2142,212.37
222641,3827,80.32
233341,3921,52.276666666666664
128023,3766,82.43333333333334
612971,2774,129.65166666666667
663218,2473,119.32166666666667
663210,3549,220.82999999999998
235579,2290,103.875
228424,3910,55.80833333333333
622060,2551,120.30166666666668
243693,2510,124.27
676894,3167,75.21499999999999
686207,2494,105.13000000000001
310655,3973,64.67333333333333
217097,3804,58.663333333333334
118241,2693,208.68666666666667
239567,1676,203.63
310266,3926,65.32
663209,2799,194.755
128160,2827,92.845
662369,2238,106.35333333333332
677908,2816,136.17333333333332
677915,2686,207.80499999999998
536720,1441,166.65
240889,3940,114.70333333333333
663207,2028,198.29333333333335
663202,3048,219.28166666666667
663226,1636,175.22166666666666
677435,3974,53.669999999999995
237061,3984,63.67833333333333
663216,1667,145.20333333333335
663208,1815,182.95833333333334
232640,3821,57.568333333333335
681008,4048,236.28333333333333
525320,896,212.34833333333333
133363,2658,258.3616666666667
119721,3443,256.29333333333335
541013,1365,228.8383333333333
678116,3575,274.31166666666667
127772,3297,260.3483333333333
514610,1678,236.04333333333335
550824,914,215.28
678117,3094,259.7083333333333
686213,3967,242.61666666666667
678114,3051,262.2
121551,3411,253.19333333333333
115946,3324,266.1933333333333
686212,3744,245.28833333333333
678113,3541,247.58666666666667
663232,2998,277.97166666666664
223230,3178,267.7966666666667
244052,3519,248.27833333333334
681002,4268,217.68166666666667
310352,2364,231.10833333333332
663229,2158,253.69
677143,4268,114.58
663265,4194,65.13833333333334
220316,3264,66.63000000000001
675741,3320,20.970000000000002
214082,3961,59.18666666666666
686231,3701,66.10666666666667
675624,4238,121.21166666666666
679119,3640,65.825
244214,3977,103.33
662188,4333,123.33833333333334
673616,3593,88.65166666666667
128655,2886,34.913333333333334
234634,4051,67.06
676832,3747,85.66666666666667
673613,3968,48.961666666666666
684000,3364,21.433333333333334
233715,4322,108.76833333333335
663298,3908,29.69
675212,3936,78.73666666666666
110673,4052,118.155
250005,3973,47.833333333333336
111845,3441,30.351666666666667
686229,4249,94.49166666666666
663264,3940,66.99833333333333
663252,3964,95.45
310085,4204,90.98166666666665
232309,4113,141.16333333333333
675378,4048,123.26833333333335
663269,3997,76.39666666666668
663260,3699,81.28333333333333
686251,3961,100.06
663268,4042,76.39666666666668
675231,3870,58.89833333333333
663280,3849,82.39666666666668
245060,3972,94.12333333333332
663271,3689,60.66
677691,3777,89.84166666666667
675936,3862,78.99499999999999
686243,3723,47.348333333333336
126690,3345,22.371666666666666
677142,3812,94.12333333333332
686244,4344,64.04166666666667
663301,3084,24.621666666666666
244172,3842,94.12333333333332
124133,4052,107.15833333333333
662325,3050,26.673333333333336
618606,3579,59.10666666666667
675739,3277,21.53666666666667
663276,3688,46.093333333333334
214909,3610,74.28166666666667
228087,3960,51.03666666666666
221781,4322,79.28333333333333
686223,4041,59.825
674435,4241,118.08333333333333
663286,3918,48.961666666666666
232745,3961,83.52666666666667
683979,3365,21.748333333333335
686245,4123,114.61166666666666
237399,4275,118.25666666666666
612999,3686,49.215
217216,4154,94.76166666666667
663307,3728,27.375
216781,4219,90.44166666666666
677151,4151,109.48833333333333
128756,3088,16.571666666666665
675622,3543,82.35166666666667
232071,4148,122.09666666666666
663262,3617,73.74666666666667
674018,4262,114.57666666666667
115059,3256,70.02
216003,4185,119.94833333333332
675044,3489,29.029999999999998
238301,3414,66.24666666666667
663261,3834,71.28666666666666
126123,4042,123.33833333333334
118197,3365,68.94833333333332
131684,3367,20.648333333333333
663270,3687,65.93333333333334
663274,3930,66.68833333333333
663321,4282,99.33500000000001
213121,3637,89.84166666666667
676851,4278,114.58
675043,3590,29.053333333333335
674943,4252,95.44666666666667
231048,3311,33.24333333333333
674947,3977,120.87666666666668
222330,3740,85.66666666666667
686235,4335,64.95666666666666
674950,4024,123.33833333333334
310378,3011,26.638333333333332
686239,3657,64.21833333333333
663278,3506,80.15166666666667
663267,4031,67.06
686249,4253,115.725
663283,3639,85.66666666666667
241503,3972,50.151666666666664
217732,3984,94.71000000000001
663287,3349,51.166666666666664
241865,3959,103.33
611920,3823,71.30833333333334
679120,3086,26.673333333333336
222851,3984,47.67833333333333
217790,4090,63.065000000000005
677694,4171,119.85333333333332
528922,3373,29.043333333333333
240789,4048,123.33833333333334
686227,4324,56.22166666666667
126377,4130,76.39666666666668
663293,3438,32.08166666666667
310697,4156,51.31666666666667
675934,3404,61.61
686241,3371,74.355
675623,3817,94.12333333333332
663310,3031,26.053333333333335
216281,4041,120.51333333333334
527437,3072,26.673333333333336
243596,3163,26.673333333333336
674944,4260,95.6
113139,3511,39.519999999999996
232369,3962,94.12333333333332
686221,3704,50.885
686214,3128,19.363333333333333
215130,3640,63.29833333333333
663290,3334,33.055
243986,4107,65.13833333333334
663314,3735,65.835
663299,3484,30.951666666666664
674402,3355,29.065
663346,3109,250.37833333333336
681020,810,213.395
520084,3422,244.16333333333333
664285,1730,235.92000000000002
216616,2122,257.2583333333333
662324,1247,226.085
224648,3551,238.73666666666668
126961,3206,268.195
125886,3113,246.13833333333332
110131,3547,265.1166666666667
663351,2863,257.84333333333336
662363,3422,244.16333333333333
681016,2916,222.89833333333334
243676,3148,225.81
656699,2723,255.89166666666668
622874,3518,227.46
686255,3050,249.14166666666668
536474,2958,249.035
245230,3368,223.73166666666665
686257,1688,223.03166666666667
663334,2482,256.00666666666666
221243,2601,257.22166666666664
531212,3265,276.635
681015,4319,254.88166666666666
130682,3084,226.48833333333332
663342,3529,236.15333333333334
246110,2979,269.12166666666667
229652,1483,231.64833333333334
523938,2632,213.03
526515,1279,218.825
663357,1619,228.285
540247,3497,276.75166666666667
237201,3668,259.3383333333333
664287,3171,241.40666666666667
570435,2880,273.05
681017,3309,237.94333333333333
663336,3742,249.49833333333333
623470,3441,230.35166666666666
131131,3128,253.435
663337,3763,252.09666666666666
124779,3129,221.1
623095,3263,222.67999999999998
242846,3176,215.35
227715,2656,245.685
215050,3345,271.00166666666667
539476,862,211.95
539251,4168,105.70833333333333
528653,2056,213.765
541603,3088,247.47166666666666
250163,3028,213.01833333333335
230592,2770,178.565
229091,2767,198.35333333333335
517846,1977,214.61833333333334
241616,2722,268.43666666666667
125041,1800,216.665
686263,2930,201.73999999999998
663377,2101,225.80666666666667
310639,1687,223.52833333333334
663373,3018,203.935
523705,3748,164.75666666666666
663382,2114,213.05666666666667
111825,3382,250.63
686262,3241,260.8283333333333
125808,2424,279.3316666666667
540881,2864,210.34333333333333
663374,3636,203.94
613453,2900,279.51500000000004
663376,3408,251.20666666666665
663370,2307,196.25666666666666
663367,1561,219.25333333333336
230198,4183,140.53333333333333
656700,4192,121.48166666666665
622771,2288,216.62333333333333
133430,2054,222.24166666666667
245732,3393,250.255
110732,2623,195.25
510762,3392,251.66833333333335
543066,3437,213.33333333333334
120058,1289,208.42666666666668
686270,2556,192.36333333333332
226566,1821,217.48333333333332
129247,2946,243.50833333333333
250786,1369,206.935
681023,3265,262.9766666666667
214803,1470,215.245
551689,2748,197.98
663384,3391,266.5783333333333
686259,3474,215.42999999999998
663397,3583,108.35833333333333
663392,3195,103.24
663387,3624,83.20333333333333
310156,3844,68.645
125940,999,177.71166666666667
663396,3656,101.18
110578,3042,111.52
615497,2944,112.54166666666667
663416,1100,158.90833333333333
663404,2855,119.76833333333335
626404,3225,114.905
245983,2896,100.37333333333332
663412,2974,150.32666666666668
663393,3168,110.21833333333333
114136,3051,97.235
117083,2852,149.95833333333334
663406,2752,106.44833333333332
663418,2561,136.255
222058,2898,113.44833333333332
244352,3144,99.48666666666666
616369,2585,142.56666666666666
113334,3019,108.70666666666666
663409,2700,132.57
235734,2868,107.18
129012,3439,87.74499999999999
310298,2517,110.92
663439,3650,90.32666666666667
310265,2638,112.40666666666667
219628,3945,59.18666666666666
662392,3719,71.70666666666666
663443,3513,96.67333333333333
240870,3235,116.02833333333334
219483,3886,61.105000000000004
663427,3537,70.80833333333334
679253,3880,97.21166666666666
229164,3998,52.65333333333333
663452,2926,111.265
686276,2954,111.31333333333333
310080,3770,97.62166666666667
663429,2976,33.913333333333334
663421,2831,25.25
663435,4028,59.818333333333335
663445,3558,92.08666666666666
681024,3240,116.41000000000001
127796,3547,97.37833333333333
663432,3789,66.05833333333334
216764,3883,60.995
113321,3554,70.265
663447,3692,95.59833333333333
521983,3030,24.41166666666667
113002,3487,9.583333333333334
679634,3415,14.338333333333333
622206,3482,13.701666666666666
686279,3495,8.26
127204,3277,18.490000000000002
679636,3887,13.958333333333334
543313,3525,12.708333333333334
518600,3534,14.05
218015,3525,8.67
537168,3754,78.72
528386,3835,36.03333333333333
239964,1374,188.41833333333335
652476,3675,84.44
246457,925,177.71166666666667
686281,3838,90.34166666666667
223405,3510,89.10333333333332
227730,2709,173.75333333333336
235453,3945,47.663333333333334
223116,3382,40.755
121809,781,168.60666666666665
550644,2751,27.53166666666667
547434,1290,181.52166666666665
226770,3147,45.665
310685,3803,67.29333333333334
217397,3575,129.87
216983,3995,48.65333333333333
663456,756,171.84
114086,3446,45.315000000000005
612014,3218,38.42666666666666
533454,3578,94.22
240067,3687,89.03166666666667
245991,3918,55.35666666666667
679640,3676,76.71000000000001
211301,3630,54.53333333333333
679641,3421,116.68333333333334
680071,3388,139.21
613908,2909,26.415000000000003
542823,3427,41.61333333333334
119450,948,177.56333333333333
528001,2804,98.25666666666666
656666,4300,158.82999999999998
664191,4056,115.565
127971,2506,209.54
245076,4153,113.83500000000001
664246,4149,158.82999999999998
664199,4247,158.82999999999998
664139,4042,140.77333333333334
664180,4291,158.82999999999998
664225,3461,185.47166666666666
662584,3910,199.85833333333332
674650,4239,158.82999999999998
120719,4058,140.77333333333334
676522,3424,183.93666666666667
680009,4070,156.41333333333333
664128,4075,143.125
213625,4225,158.82999999999998
243777,2406,213.37166666666664
664221,4031,156.54166666666666
664144,4022,142.92666666666668
664157,3962,142.82833333333335
664187,4188,158.82999999999998
664151,3986,135.755
680006,4020,115.565
662596,4260,150.215
544251,4255,158.82999999999998
664239,4026,127.71000000000001
529423,4206,116.01333333333334
664171,4233,158.82999999999998
228134,3579,184.34333333333333
213019,3965,142.82833333333335
115923,3681,193.21
111426,3020,195.13500000000002
686288,4068,156.41333333333333
664179,4184,158.82999999999998
245915,3368,191.17166666666665
692196,4160,158.82999999999998
535924,4037,113.27166666666668
664175,4171,158.82999999999998
242811,4191,158.82999999999998
686284,3398,183.61499999999998
238540,4356,158.82999999999998
240426,4221,158.82999999999998
664206,4157,153.29500000000002
228128,4315,158.82999999999998
236998,4068,125.92666666666668
674651,3538,183.93666666666667
664240,3315,183.31333333333333
664242,3884,178.03
676516,4057,135.09666666666666
664182,4300,158.82999999999998
664159,4191,156.87333333333333
237665,4262,158.82999999999998
664234,3226,253.68166666666667
221310,4007,113.32
656664,4143,114.68166666666666
613754,4284,113.52833333333334
517117,4138,146.75333333333336
232738,4059,122.34666666666666
664222,3951,160.88
656661,4134,113.27166666666668
664142,4266,158.82999999999998
664138,3988,135.56833333333333
225211,4302,158.82999999999998
664243,3874,175.53
664174,4239,158.82999999999998
676518,3816,186.97333333333333
120841,4270,158.82999999999998
664236,3351,247.325
664176,4157,158.82999999999998
662587,3866,199.85833333333332
664231,3636,197.05166666666668
664226,3422,183.93666666666667
535752,4290,143.125
514322,4190,156.41333333333333
212567,4093,149.48166666666665
539753,3508,76.695
530885,3654,55.52833333333333
615208,3497,71.20166666666667
663458,3590,65.31666666666666
680020,3330,76.975
543607,3247,99.195
210834,3284,74.77833333333334
114691,3530,59.41833333333333
611141,3624,64.40666666666667
663464,2828,68.065
619648,3668,72.39166666666667
523379,3586,75.68833333333333
229082,3683,107.12333333333332
123232,977,121.02166666666668
236170,3492,114.1
128851,2818,70.825
514165,652,142.69333333333333
676662,3934,39.669999999999995
242295,3713,84.14166666666667
250767,1527,136.52333333333334
519286,3494,61.788333333333334
663459,3031,64.415
210169,3439,77.73333333333333
545665,3116,64.37833333333333
683975,2430,210.49833333333333
235424,2337,141.67833333333334
127695,1349,81.25833333333334
219409,3456,127.54833333333333
118393,1165,101.525
663467,2417,210.665
129935,3073,104.58
542850,1714,57.294999999999995
231768,1959,156.88333333333333
682171,2725,64.78166666666667
679657,3601,66.08
524230,3174,79.98166666666665
626626,2998,155.48999999999998
663465,2269,216.66833333333335
121872,3150,98.71833333333333
612376,3293,108.93833333333333
536034,3313,83.885
128742,3289,65.02833333333334
679656,3379,55.91166666666666
114352,2698,140.41666666666666
218856,3616,134.61333333333334
242472,3794,99.85333333333332
118288,722,127.83166666666666
679445,3119,64.44
242896,2995,119.16833333333334
515647,3132,86.58166666666666
132032,3345,101.26166666666667
234254,3992,58.080000000000005
528693,2570,66.50666666666667
518790,3682,75.64166666666667
211420,3295,80.95166666666667
237750,2467,215.30499999999998
133521,3251,82.59333333333333
224842,2698,124.16833333333334
236408,919,119.76833333333335
220049,963,122.75166666666668
686296,3134,79.31833333333334
548837,3182,78.91333333333334
663472,3604,78.91000000000001
514969,2950,157.20333333333335
522352,2446,117.97833333333332
545891,2631,130.64333333333335
218383,3861,53.66
562825,1928,145.465
310585,2504,121.865
620995,2756,122.43666666666667
127390,2689,151.43833333333333
110905,900,225.65333333333334
680030,2621,147.53833333333333
310227,3809,49.46
550380,2304,143.70666666666665
686302,2779,151.01000000000002
310579,2188,126.975
250016,989,218.72833333333335
219139,1532,186.11833333333334
522587,2337,148.79
686297,2486,122.61333333333333
535145,2004,134.58666666666667
310101,2654,126.77
250290,2327,127.82333333333332
534435,2973,158.88833333333332
114464,3162,163.47166666666666
686314,4475,79.875
514390,3542,9.415
663799,3561,35.211666666666666
120291,2669,9.156666666666666
237749,4206,83.35166666666667
220726,4465,117.235
663532,4416,47.218333333333334
663529,4488,113.13833333333334
663787,4097,90.06166666666667
663797,3609,36.36333333333334
686304,4494,63.093333333333334
132647,3076,2.6766666666666667
663920,3936,90.57666666666667
226463,3834,93.17666666666668
226376,4185,18.866666666666667
663515,4556,55.42333333333333
681028,4558,56.3
216573,3450,11.245000000000001
663803,3488,11.123333333333333
243158,3726,46.825
225482,3828,46.84166666666667
229400,3714,23.52
226295,4228,83.37166666666667
118720,3076,11.74
663513,4554,63.001666666666665
663918,3811,99.93166666666666
663519,4548,75.56166666666667
234017,4389,80.10333333333332
679446,4467,79.10833333333333
679670,4523,87.08
663493,4461,117.295
679455,4344,123.5
212179,3943,89.49499999999999
211919,4277,23.043333333333333
686317,4498,78.86666666666666
520560,2683,9.156666666666666
664588,4343,113.13833333333334
219274,4086,116.02833333333334
243372,4396,46.00333333333333
686318,4135,66.68333333333334
674286,4471,77.39833333333333
663522,4477,54.11666666666667
520989,2992,3.1483333333333334
522826,3017,3.05
610501,3673,45.635
656673,3983,90.08
124111,3621,35.96
526919,3548,7.655
236841,4471,84.33999999999999
239898,4131,81.03833333333334
663809,4115,19.866666666666667
229423,4201,94.50666666666666
663922,3980,90.56666666666666
678293,3420,12.305
663813,3017,6.241666666666666
681044,4034,116.01666666666667
224188,4565,92.79833333333333
126897,3157,12.25
663794,4448,41.17333333333333
130697,3038,8.675
663916,3955,98.56166666666667
210197,4423,51.47166666666667
235661,3721,40.785
613683,3910,34.85
310604,4419,74.53999999999999
664582,3575,7.795
310561,4435,78.03666666666666
663818,3612,34.93833333333334
663798,3460,33.82
621345,3004,8.745000000000001
663908,4282,97.81833333333334
686310,4462,93.24333333333334
678292,3534,21.926666666666666
229393,4479,68.60666666666665
686313,4511,79.72166666666666
117490,3518,22.763333333333332
663819,3565,6.6016666666666675
243090,3063,7.430000000000001
239444,3747,42.49166666666667
656670,4116,51.37833333333333
115777,3429,18.751666666666665
226955,4503,94.91333333333334
233392,3152,11.501666666666667
663489,4498,78.86666666666666
664581,3724,39.95166666666667
663811,2718,12.585
129561,3260,4.538333333333333
663499,4467,68.39666666666668
118041,4180,91.20166666666667
130512,3350,4.261666666666667
515512,3038,5.358333333333333
310570,4521,69.11
663790,4118,60.39833333333333
674298,4365,69.475
686308,4466,92.79833333333333
219412,3471,26.141666666666666
244899,4457,50.190000000000005
211958,4201,75.08999999999999
663510,3079,3.8883333333333336
225466,3268,9.623333333333333
520186,4443,76.53500000000001
566877,3873,97.49833333333332
227352,4071,116.01666666666667
215600,4339,95.43833333333333
663810,3720,14.981666666666666
246437,4438,78.66333333333334
663498,4157,95.84833333333333
228809,3836,42.49166666666667
651398,3645,15.695
663812,3538,20.496666666666666
230145,3326,15.685
215325,2893,16.54
686346,3309,43.53
226751,2893,31.918333333333333
686348,3574,43.126666666666665
686335,3662,42.394999999999996
522919,3544,22.071666666666665
124634,3204,13.139999999999999
663824,3092,29.045
567537,3374,14.491666666666667
216715,3030,32.55833333333333
686327,3658,42.24666666666667
619442,3791,79.56
129850,3196,16.986666666666668
545380,3674,21.91
662104,4263,41.70666666666667
510695,3094,14.405
531214,4219,29.148333333333333
686339,1901,37.91
686324,3647,45.155
680035,3196,27.55666666666667
686321,3503,17.691666666666666
518263,3465,15.389999999999999
112259,3321,20.771666666666665
228174,2605,29.891666666666666
218685,4461,210.53166666666667
613400,3835,120.65
675848,3454,112.93
310073,4517,148.63
551052,4644,186.22333333333333
310541,4281,207.41666666666666
663867,4401,191.895
128225,3548,142.90166666666667
241960,4472,173.5366666666667
126189,3521,118.35333333333332
310183,4531,156.84
234295,4573,216.52833333333334
664256,3493,112.33333333333333
615075,4334,196.16833333333335
230607,3891,129.155
526584,4437,207.99666666666664
310590,4708,166.65833333333333
623754,4546,164.54
686357,4468,170.89333333333335
677937,4682,164.95
533270,3414,114.29833333333333
233171,4623,183.675
244958,4053,166.19500000000002
663826,4047,144.93833333333333
663828,4538,151.05833333333334
664281,4654,186.94666666666666
617245,4840,209.68166666666667
686351,4630,179.15333333333334
663841,3457,126.59166666666667
614304,4282,58.05
664280,3038,99.11833333333334
663842,3846,126.60666666666665
663843,3005,90.22333333333333
612991,4093,130.97833333333332
616657,2765,93.58500000000001
675850,3647,126.59166666666667
547158,3947,153.80666666666667
664277,2991,99.11833333333334
663869,3994,128.10833333333332
113818,1670,57.294999999999995
686362,3326,50.166666666666664
215739,3549,63.934999999999995
522267,3572,52.20166666666667
227302,1523,73.935
625871,3364,63.86666666666667
111277,1861,46.45666666666667
114605,3199,129.43166666666667
220410,3871,84.07166666666667
250706,3608,50.37833333333333
241543,3779,105.62333333333332
225845,2738,105.42833333333333
116409,3304,34.986666666666665
127817,1451,157.03333333333333
649813,3240,134.53833333333333
237166,4058,142.27666666666667
532776,3120,63.83166666666667
663846,2648,132.98333333333332
244316,3333,33.33166666666667
224242,3259,133.86666666666667
675851,3732,75.83833333333334
524646,3523,48.55833333333333
130766,1459,208.36499999999998
234798,2924,120.09666666666666
210927,1294,90.12833333333333
230821,3542,58.53666666666666
620699,1875,42.306666666666665
663844,3101,129.57666666666668
228544,1055,105.61666666666666
116351,3235,52.32166666666667
211851,3087,123.07666666666667
236164,1615,63.15
686359,2932,48.651666666666664
675853,3433,47.245
220054,3073,144.65333333333334
241276,2974,63.281666666666666
227378,3339,138.75833333333333
518248,3444,50.985
686367,3010,114.43
250803,3575,69.985
214737,3033,118.27
624715,3581,142.59
686366,3183,112.40666666666667
121842,2212,248.315
236089,3218,113.19
241078,3017,117.86
219417,3361,96.59166666666667
214276,3299,45.95333333333333
230401,2983,121.83666666666666
310024,3468,28.826666666666664
676900,2882,145.54
221383,2600,107.58999999999999
120406,3233,106.01666666666667
541692,2898,49.45
233883,3533,64.83333333333333
226114,1510,72.87666666666668
662130,3344,37.431666666666665
128808,3451,71.99499999999999
547680,3386,49.315000000000005
243441,3129,48.79833333333333
623792,3552,53.72666666666667
232346,3303,44.141666666666666
663857,3169,49.205000000000005
122188,3290,39.6
663859,3377,61.725
217475,3293,64.28333333333333
132979,3389,49.236666666666665
114205,3480,54.85
663856,3226,49.205000000000005
512616,3512,57.32
662131,3296,39.11333333333334
210874,3531,50.52166666666667
534979,3406,67.84833333333333
118402,3615,75.02166666666668
611875,3314,48.75666666666667
662134,2815,97.045
615768,2940,97.30166666666668
625655,2868,101.645
519067,3207,97.40666666666667
117824,3379,125.69
692204,4612,147.31833333333333
692207,4633,148.86499999999998
112655,3075,107.77833333333334
231080,2912,104.30833333333334
511006,2824,97.01333333333334
548313,4141,153.80666666666667
675868,2890,97.195
543314,3106,100.86333333333333
517384,4133,142.725
616133,2918,97.66666666666667
620989,3508,85.25666666666666
613628,4314,117.96499999999999
245108,3182,84.71000000000001
677942,3811,66.315
221240,3838,92.88000000000001
663881,3821,81.695
236423,3175,85.69
127135,3710,70.14333333333335
532774,3956,93.77666666666667
615971,4033,93.58500000000001
663871,4409,71.22833333333332
610758,3919,73.17333333333333
678347,3894,112.38000000000001
611494,3977,66.22166666666666
663876,4166,75.08999999999999
663882,4373,75.01166666666667
244928,3902,108.08500000000001
612310,3592,85.25666666666666
686378,4012,53.50833333333333
680977,3886,109.775
511299,3467,86.97333333333333
663830,3770,115.18666666666667
678344,4033,53.50833333333333
678341,4064,53.50833333333333
663883,3945,84.07
612019,3475,83.99666666666667
623299,4075,105.01666666666667
664259,3816,83.91333333333334
663906,3410,80.78166666666667
216154,4261,54.97166666666667
663899,3870,101.05833333333334
686372,3752,68.16666666666667
664274,4318,69.16333333333334
230389,3766,80.37166666666667
219050,4128,59.66
232027,3844,103.59666666666666
621596,4016,63.575
626868,4057,103.91499999999999
663896,4110,61.365
663878,4086,71.01166666666667
246038,3863,133.27833333333334
686381,2346,98.05833333333334
116317,1562,138.67333333333332
115135,2538,145.75666666666666
122925,2669,90.53666666666666
652538,2533,91.86999999999999
119057,2586,91.86
114611,3391,124.97666666666667
570281,2501,92.5
686384,4568,166.97166666666666
528038,2911,128.83
542670,3765,157.90666666666667
239291,2771,144.65833333333333
211397,3078,138.05666666666667
239772,2864,144.65833333333333
621620,3956,121.62166666666667
659945,3187,233.61666666666667
120500,3243,233.61666666666667
516454,4134,219.09166666666667
538688,3670,202.40166666666667
129484,4253,220.17166666666665
675877,2738,109.21666666666667
664262,2724,109.63333333333334
664263,2703,107.01833333333335
686386,2728,111.08999999999999
127832,2660,111.47666666666667
675879,2803,108.985
226569,4375,81.325
228201,3119,112.35
119332,3573,78.25166666666668
221558,4386,86.135
226372,3615,116.11666666666666
120039,3262,87.16333333333334
240188,2522,115.435
611750,2312,121.84166666666667
616278,4245,117.98666666666666
112141,2599,114.07333333333332
113881,2449,114.24166666666666
617452,2912,115.50166666666668
677318,3824,208.07999999999998
215485,3440,177.00833333333333
513523,4651,204.47333333333333
116941,3524,180.29
522001,4554,198.89
526722,4578,188.33333333333334
220769,4825,207.65333333333334
121297,3288,160.03833333333333
663947,3711,182.34
131849,3399,173.87166666666664
125790,4109,200.905
517795,4633,201.83166666666665
626022,3839,170.93333333333334
231989,4029,185.61666666666667
517482,3184,176.49833333333333
663927,4533,181.90833333333333
551469,3632,184.4
663953,3943,208.12
662109,4666,179.57666666666668
535637,4617,192.52666666666667
239197,4010,185.17333333333332
523598,4510,184.68666666666667
626220,4172,208.12
214594,3688,170.93333333333334
128290,3662,165.80833333333334
122500,3050,85.64666666666668
129840,3023,80.38166666666666
215605,3461,82.65833333333333
662332,2474,113.47166666666666
525698,3096,109.66333333333334
675874,2325,122.00666666666666
663930,4043,120.295
118437,2628,111.03166666666667
124071,2367,119.90666666666667
110176,2660,192.47833333333335
128734,3005,193.65833333333333
662610,3678,184.4
114831,3065,89.98
239215,3640,59.20333333333333
663957,3691,71.78166666666667
510964,3179,76.53666666666666
521431,2936,101.91000000000001
223987,4052,128.205
126568,2279,115.79833333333333
127325,2280,115.79833333333333
111914,2276,156.98
618597,3549,120.225
115654,3169,106.37833333333333
677322,3141,158.86499999999998
245167,4058,134.85833333333332
131208,2697,99.01666666666667
625492,3701,120.12333333333332
532441,3528,118.32166666666667
677584,2976,156.19833333333332
663963,3533,118.52
219776,3875,117.29166666666667
119232,3568,149.29833333333332
213895,4283,133.705
111034,3581,122.29333333333334
116626,2342,93.13333333333334
110759,3596,156.76833333333335
237746,3931,126.45166666666667
677581,3154,137.91833333333335
677596,4102,132.27166666666668
119422,2965,185.435
542754,3279,175.73333333333332
536176,3017,173.82666666666668
132156,3125,180.42833333333334
516903,3033,173.30333333333334
129033,3110,173.88833333333332
526745,2993,162.11833333333334
121293,3071,158.92999999999998
530116,3839,151.43333333333334
127472,3387,153.90166666666667
614331,3184,102.485
616882,4125,148.95166666666668
231300,3655,90.86666666666666
240158,3962,100.82666666666667
219727,4397,148.95166666666668
226681,3873,98.195
516761,4336,153.435
533043,4171,115.865
540271,4608,141.58666666666667
677589,2519,146.3383333333333
123728,4341,148.51666666666668
113159,3694,191.355
663965,3750,115.59833333333333
227124,3156,143.57999999999998
223448,2523,122.65833333333333
235096,3922,114.94666666666667
234947,3976,122.36833333333334
686391,3855,116.67333333333333
212562,3731,114.79833333333333
218459,3635,111.35
548579,4080,140.86333333333332
240749,3173,143.29500000000002
111265,3664,113.19666666666667
623817,3626,113.93166666666666
227399,2530,130.47166666666666
219591,3830,200.87333333333333
217292,3071,185.44166666666666
626268,3273,153.59833333333333
613947,3298,153.72833333333335
125255,3097,156.04
526216,2893,172.125
538063,2953,158.82166666666666
664270,4113,119.40333333333334
122480,3378,148.69166666666666
236667,3833,170.815
131695,4177,117.88333333333334
663969,3622,146.24166666666667
222808,3629,146.665
132923,4267,115.78999999999999
245244,3722,158.005
228211,3740,133.74333333333334
224105,4383,114.68833333333333
211093,4291,130.80166666666668
215684,3814,148.91666666666666
512726,2839,167.495
622234,2913,165.77166666666665
122293,2930,167.495
680119,3862,144.63666666666668
663976,3137,156.015
653846,2959,166.91
516203,3363,154.80333333333334
118526,3408,161.27
530422,4308,147.89333333333335
561173,3073,155.93833333333333
512861,4331,136.97166666666666
619969,2974,157.54333333333335
680048,3266,158.89666666666665
560067,3872,159.65666666666667
662485,3852,166.12333333333333
680047,3940,162.255
237241,3428,159.86166666666668
680052,4054,146.54166666666666
110184,3246,158.20333333333335
620515,3775,160.97
111427,3734,158.69333333333333
527973,3148,157.41333333333333
115872,3796,159.49833333333333
219170,2708,203.22833333333335
118024,4339,147.65333333333334
118373,4135,147.63500000000002
649715,3652,158.53333333333333
218391,4271,147.63500000000002
663986,3882,148.77333333333334
223995,4186,143.20499999999998
120668,3766,168.61333333333332
125591,4181,143.58333333333334
663987,3954,153.61833333333334
686398,3806,166.11499999999998
663984,3619,160.625
230546,3980,141.30499999999998
216043,4180,147.23
686397,3901,164.01833333333335
663983,3677,160.54333333333335
241273,3720,160.74666666666664
680051,4022,148.14666666666665
227618,3993,140.75333333333336
225422,3756,168.505
220773,4291,143.67166666666665
533947,4078,146.64333333333335
236368,3760,160.05499999999998
535173,3095,17.851666666666667
675322,4061,58.36666666666667
122323,4015,40.07833333333333
675317,4189,39.59166666666667
681040,4102,20.96833333333333
540892,3424,23.81833333333333
230749,4234,65.01666666666667
517345,2950,14.931666666666667
246156,4219,65.01666666666667
235843,3851,40.013333333333335
675321,4021,58.36666666666667
612757,3943,40.05333333333333
120770,4185,35.593333333333334
664000,4208,58.39
610234,3865,57.405
672914,3787,71.78
229048,3327,38.925
666128,3358,31.38
240000,4128,66.86833333333333
672910,3447,22.058333333333334
672920,3120,23.83833333333333
675319,3868,40.013333333333335
620050,3583,39.585
234061,4339,39.730000000000004
222825,4114,66.92166666666667
245062,4047,58.36666666666667
532241,3670,24.778333333333332
544532,3175,17.891666666666666
232510,4263,58.36666666666667
523557,3285,22.455
517281,2910,11.996666666666666
232694,3931,41.915
663599,3126,20.63
672909,3544,23.111666666666668
681867,4193,57.22
686401,2628,56.656666666666666
220066,3568,68.91166666666666
126104,3164,70.31166666666667
233363,2633,56.13166666666667
310491,3255,73.565
547852,2727,61.513333333333335
111979,3358,53.04833333333333
232093,3662,43.18
124010,3472,47.263333333333335
664026,4479,99.14333333333335
220963,4077,150.38166666666666
123182,3629,146.03833333333333
664123,4074,150.38166666666666
237632,4408,88.185
686411,3655,114.20333333333333
220797,4340,91.88000000000001
128855,3060,123.28999999999999
686402,4232,99.10166666666667
244957,4364,86.925
238104,4227,150.38166666666666
235578,3538,190.13833333333332
221529,3117,174.38833333333332
226783,3932,198.63
218324,2777,162.38666666666668
664008,2355,91.76166666666667
664108,3882,87.33666666666666
681053,3779,102.61333333333333
110756,4314,73.10666666666665
664012,4364,69.03500000000001
548760,3927,84.05833333333334
664021,4407,86.98333333333333
536077,3425,90.96000000000001
664020,4417,80.58
511962,2728,65.25833333333334
111150,4317,80.24499999999999
663553,3546,104.22666666666667
618738,4270,68.55333333333333
110374,4175,69.73333333333333
127846,4323,89.18833333333333
129185,3528,86.92333333333333
524252,2879,67.27166666666668
664025,4452,88.98833333333333
664016,4424,81.30666666666666
121600,4217,68.55333333333333
663641,4272,89.17166666666667
510158,3947,104.22666666666667
531797,3325,92.79333333333334
544026,4249,80.25166666666668
510015,4229,86.90666666666667
511182,3082,64.33666666666666
664015,4204,80.49833333333332
126054,4285,80.39833333333333
117696,3317,105.315
664027,4591,87.49499999999999
113051,4206,69.17333333333333
663545,4346,82.33166666666666
241974,4437,80.39833333333333
127081,2980,64.80666666666667
133375,4133,69.73333333333333
621021,4367,80.39833333333333
121594,4224,77.66666666666667
543611,3314,86.17166666666667
220510,4283,65.82333333333334
664005,3730,77.63333333333334
310268,4437,87.03999999999999
524003,3116,77.85166666666667
663555,3484,28.078333333333333
547017,3573,30.14
121504,3427,31.955
510553,3993,36.69166666666667
663557,3279,36.65833333333333
250790,3346,30.476666666666667
666132,3929,33.085
534500,2732,128.605
663564,3141,29.55
512947,2579,7.001666666666667
663563,2680,44.73833333333334
686417,2610,11.553333333333335
663561,2531,44.968333333333334
250559,2499,22.084999999999997
663579,2785,36.651666666666664
663586,2886,45.73833333333334
663571,2762,36.16833333333333
663562,2619,32.596666666666664
663575,2788,27.941666666666666
663570,2699,33.46
529529,3345,86.515
624600,3198,104.44
676826,3944,96.24333333333334
542293,2841,81.13333333333334
677115,3057,81.98166666666665
116220,3374,100.28666666666666
676823,3917,96.24333333333334
676827,3685,86.50166666666668
677127,3895,87.805
512459,3179,87.49
677129,3999,82.82833333333333
522634,3964,104.98666666666666
677125,3610,94.08500000000001
676822,3802,94.15
625809,3975,104.98666666666666
243479,4404,69.62166666666667
211564,4118,56.288333333333334
662486,4335,68.87833333333333
663606,4087,55.32333333333334
238373,3996,53.47
244710,4321,67.62333333333333
232690,4029,55.31666666666667
219848,4173,55.885
663614,4192,52.41166666666666
535742,4157,53.44833333333334
110042,3502,32.695
128545,4354,68.06666666666666
686421,4089,47.480000000000004
663612,4359,57.22
243756,4143,50.19833333333334
220911,4301,78.70666666666666
678573,4068,39.16166666666666
663600,3848,48.86333333333334
663633,4164,98.20833333333333
536027,4317,66.35666666666667
663638,4213,65.82333333333334
663639,3921,65.82333333333334
240125,4476,66.27666666666667
531443,3348,48.18666666666666
115097,3980,65.31333333333333
520445,3952,67.21666666666667
614288,4066,69.73333333333333
624622,4249,72.62833333333333
615247,4373,66.35666666666667
663618,4370,66.35666666666667
679107,3611,41.615
523652,4334,71.38000000000001
222081,3978,69.11833333333334
235161,4181,65.31333333333333
624652,3719,49.88
235960,3815,55.0
623128,4332,65.31333333333333
663631,3242,45.14333333333333
112060,3207,46.501666666666665
567019,3743,44.01166666666666
552979,3795,54.736666666666665
215094,4310,66.35666666666667
239431,4259,117.43666666666667
557451,3819,114.145
617294,3420,166.73833333333332
542896,3964,125.11666666666666
612660,3804,164.565
620535,2648,64.84333333333333
235429,4235,129.3
215589,4120,110.24666666666667
217575,4270,177.74333333333334
539448,4019,179.54666666666665
541788,4039,120.00333333333333
237795,3883,114.145
679112,3819,160.52
224296,4112,110.23166666666665
662809,3940,125.095
241023,4465,164.99666666666664
226420,4011,125.095
535879,4405,175.84333333333333
626476,3666,159.95499999999998
236042,4336,159.85166666666666
611202,2793,82.13833333333334
231364,4231,117.46000000000001
618832,3976,125.095
612103,3978,125.095
663648,3878,102.33999999999999
541942,4193,213.595
125091,4067,175.91333333333333
675353,3529,156.63500000000002
530471,3720,158.98666666666668
116504,4300,209.29833333333332
663651,4003,227.77
231762,4395,172.03333333333333
663656,3438,196.59666666666666
677698,4091,173.04666666666665
310495,3170,155.38166666666666
662494,3998,216.95166666666668
239463,4553,240.31166666666667
537648,4187,204.79
123718,4238,230.57166666666666
677699,3730,159.41
534660,3656,204.43666666666667
116846,4000,175.82166666666666
118155,3590,174.375
677701,3980,219.12833333333336
624559,3939,205.12666666666667
120439,3406,196.81166666666667
663662,3985,175.59166666666667
541600,4473,199.35666666666665
510609,4538,174.11
618342,2972,154.61499999999998
663650,4366,160.13500000000002
239446,4081,197.60333333333335
677702,4517,204.32666666666668
547839,4553,218.30666666666667
113952,4047,196.46666666666667
240572,4287,187.155
686425,3975,178.27833333333334
235953,4320,175.84333333333333
518606,3697,205.38
663661,4315,175.91333333333333
112678,4498,160.13500000000002
620970,3944,173.72
663663,4468,175.77
624705,4505,191.2133333333333
679110,3505,155.79333333333335
663673,3240,153.00833333333333
129463,4188,213.64333333333335
250389,4577,215.96
110096,3633,162.285
663670,4139,150.17000000000002
538922,3902,177.01333333333332
240369,3047,104.12833333333333
663680,3722,82.77166666666668
663674,2990,114.11666666666666
224563,3799,75.87833333333333
664038,3585,81.51666666666667
664033,3674,82.10333333333332
542493,3046,112.575
526971,3506,75.25333333333333
527014,3602,81.95833333333333
561207,3211,84.77833333333334
243567,3784,89.91666666666667
525984,3265,74.50666666666666
678377,2487,29.256666666666668
533062,3654,81.885
250275,3783,83.80166666666668
513320,2010,185.38
535447,3515,69.85
211134,3812,84.78666666666666
664032,3664,80.87833333333333
621341,3110,79.61
662319,2927,116.53500000000001
620950,2944,113.53666666666666
664034,3666,77.23666666666666
517551,2491,45.50833333333333
126790,2924,116.53500000000001
126062,3648,79.70333333333333
545519,3446,67.62833333333333
540105,2784,66.68
537880,3285,88.50333333333333
126510,2911,94.79166666666667
238506,3814,81.845
132211,3353,73.24333333333334
618193,3643,82.73833333333333
664039,2693,95.48833333333333
118759,3676,107.55
539194,3144,128.31666666666666
664044,2727,133.70833333333334
533029,3120,129.03666666666666
541869,3212,125.70833333333333
244440,2191,146.85333333333335
686429,3733,109.86666666666666
664045,2528,138.62166666666664
664062,3393,94.14
664050,3809,99.83
118918,3264,105.46499999999999
529769,3428,106.00166666666668
538667,3256,104.79333333333334
664058,3538,90.98166666666665
664048,2197,141.435
622151,2705,140.29666666666665
533942,3527,101.59833333333333
664052,3659,108.34166666666667
516280,3561,91.93666666666667
662425,3197,109.57666666666667
686432,3404,93.485
114362,3306,96.25666666666666
250647,2007,135.21
122742,3380,104.75333333333333
214033,2063,126.16000000000001
238163,3884,88.015
678569,3281,106.14
514525,3101,114.35833333333333
531399,2975,115.425
681051,3539,117.00333333333333
122039,2526,132.39666666666668
239579,3768,90.615
531074,3684,94.00333333333333
678568,3631,105.94
545165,2939,122.76666666666667
221720,3559,105.95666666666666
116164,3246,111.40166666666667
686435,3042,124.24666666666667
245599,3533,114.96833333333333
662316,2993,108.57833333333333
664085,2306,137.19333333333333
129474,3013,103.725
664086,3083,138.23166666666665
624250,2341,105.50500000000001
519828,3553,114.98833333333333
218832,2307,137.51833333333335
218406,3577,112.78166666666667
549408,3534,109.92
126740,3554,115.94666666666667
662482,3788,42.858333333333334
545718,3270,41.016666666666666
664104,2545,25.476666666666667
526333,3519,45.498333333333335
240520,3851,86.11
686436,3641,50.568333333333335
664096,3524,42.01166666666666
240132,3267,66.94166666666666
664098,3747,47.46666666666667
550088,3515,46.736666666666665
119597,3291,42.605000000000004
239309,3245,54.75833333333333
664095,3557,46.95166666666667
547908,3228,62.376666666666665
664091,3677,65.445
217811,3661,62.708333333333336
117493,3567,44.10666666666667
110983,3128,51.68
133353,2517,26.39
564886,84,2.39
571997,93,1.1783333333333335
311268,89,33.84166666666667
532135,130,18.791666666666668
563438,97,5.77
226990,105,5.746666666666667
118487,105,81.115
560429,92,1.6400000000000001
125012,93,11.821666666666665
570625,100,18.746666666666666
619265,101,81.115
543366,109,81.115
222420,97,81.115
115325,94,81.115
548052,103,81.115
112969,95,81.115
526217,112,81.115
311219,102,33.84166666666667
624013,121,81.115
516516,115,81.115
652765,96,81.115
311331,103,81.115
626029,119,2.5366666666666666
532462,106,81.115
539119,114,33.84166666666667
214794,107,33.84166666666667
311443,105,33.84166666666667
624830,110,2.5366666666666666
250283,141,81.115
235818,100,33.84166666666667
118350,87,10.753333333333334
238143,94,99.00833333333334
617860,80,10.753333333333334
681233,94,56.57833333333333
211572,89,56.57833333333333
616003,111,67.82166666666667
311397,98,54.91166666666666
515802,97,56.57833333333333
311513,101,54.544999999999995
311314,95,10.753333333333334
614534,89,66.93
226999,129,100.35666666666665
129703,93,93.89166666666667
616345,95,67.82166666666667
529263,106,67.82166666666667
311413,93,67.82166666666667
311310,75,56.57833333333333
520040,73,10.753333333333334
619653,93,56.57833333333333
250303,105,56.57833333333333
570175,110,10.753333333333334
512139,94,66.93
242965,96,98.815
235850,102,93.89166666666667
311007,92,67.82166666666667
311394,90,67.82166666666667
527318,89,99.00833333333334
311521,75,10.753333333333334
611844,91,10.753333333333334
622081,89,10.753333333333334
236393,88,10.753333333333334
311146,103,56.57833333333333
311445,88,10.753333333333334
551553,90,100.35666666666665
620046,88,10.753333333333334
518991,109,67.82166666666667
311055,87,10.753333333333334
311368,90,98.87166666666667
112241,88,67.82166666666667
619501,93,56.57833333333333
520704,90,67.82166666666667
547466,109,0.0
523916,123,56.57833333333333
512033,73,0.0
245027,99,11.84
543980,129,3.9633333333333334
617599,81,0.0
625567,89,3.8033333333333332
121975,93,11.84
682970,101,3.9633333333333334
528864,72,0.0
681235,88,11.84
538602,88,0.0
682329,87,0.0
311195,82,10.698333333333332
614390,86,0.0
546884,85,0.0
514864,91,3.205
653565,90,0.0
230012,104,0.0
239827,102,0.0
536839,112,3.9633333333333334
530237,93,0.0
311168,84,2205.233333333333
245272,83,0.0
311485,84,10.698333333333332
523957,86,0.0
311462,82,2205.233333333333
226212,85,2205.233333333333
225102,91,2205.233333333333
520162,89,0.0
512581,108,11.84
546169,78,10.698333333333332
654899,82,2205.233333333333
542685,86,10.698333333333332
524026,88,2204.5433333333335
125526,86,0.0
510398,117,3.205
613550,81,2205.233333333333
514721,90,2204.5433333333335
612568,93,0.0
558845,78,10.665
620469,95,0.0
681211,81,2205.233333333333
311150,86,0.0
311080,91,2205.233333333333
217355,80,2205.233333333333
652677,103,0.0
533072,89,0.0
311016,91,0.0
616544,93,0.0
311256,93,0.0
116679,96,0.0
532770,94,0.0
625767,105,0.0
617378,90,0.0
524164,113,0.0
513734,102,0.0
511601,102,0.0
311301,101,0.0
544397,94,0.0
654901,116,0.0
620967,97,0.0
517531,98,0.0
512791,104,0.0
612765,108,0.0
516721,96,0.0
231199,86,0.0
652983,94,0.0
539649,97,0.0
311085,99,0.0
536394,99,0.0
541159,106,0.0
311015,121,0.0
111319,124,0.0
222709,104,0.0
653579,115,0.0
113901,110,0.0
213338,142,0.0
124643,124,0.0
311339,100,0.0
540975,132,0.0
311113,115,0.0
311067,121,0.0
311506,142,0.0
311403,102,0.0
511953,110,0.0
112238,137,0.0
653760,147,0.0
625919,136,0.0
119089,105,0.0
237537,134,0.0
518002,120,0.0
516601,142,0.0
653583,106,0.0
250734,111,0.0
219428,119,0.0
235877,131,0.0
618579,102,0.0
131045,108,0.0
226153,155,0.0
113824,132,0.0
689860,144,0.0
519582,109,0.0
618976,100,2.5366666666666666
622694,99,18.791666666666668
654926,95,11.84
549278,90,2.5366666666666666
111595,86,7.191666666666666
545197,93,0.055
552999,89,2.645
538001,88,6.83
540063,94,2.5366666666666666
566437,87,1.8016666666666665
621986,134,9.645000000000001
511314,90,0.0
620742,134,8.998333333333333
689863,106,0.0
620979,104,0.0
242209,94,10.615
517386,95,2.618333333333333
513946,96,0.055
246228,100,10.665
615253,98,10.615
119510,97,3.54
618296,92,9.066666666666666
541908,162,0.0
244940,182,0.0
250011,220,0.0
123163,164,0.0
665997,170,0.0
681186,169,0.0
236876,154,0.0
515025,155,0.0
231613,151,0.0
520242,149,0.0
217863,176,0.0
538921,91,3.9633333333333334
114981,93,67.82166666666667
549485,91,3.205
311308,90,3.9633333333333334
612446,92,10.753333333333334
517461,95,3.9633333333333334
537782,88,22.038333333333334
618273,86,3.205
210046,98,5.04
533841,98,31.955
530097,96,2.493333333333333
311405,88,3.205
652251,87,2.216666666666667
626487,89,10.753333333333334
555245,91,10.753333333333334
620856,81,3.9633333333333334
653709,92,3.8033333333333332
652545,87,2.493333333333333
112856,87,11.84
545495,87,3.9633333333333334
682942,92,3.3233333333333333
311100,102,81.115
573317,101,67.82166666666667
654936,106,67.31
618062,111,81.31833333333334
683071,93,6.7716666666666665
612201,125,36.29333333333333
127145,119,21.868333333333332
525945,100,34.11666666666667
123414,101,67.82166666666667
622233,105,72.08166666666666
654894,130,70.77166666666668
212806,126,92.67333333333333
537375,109,10.72
524054,109,20.366666666666667
617764,107,52.96666666666667
654928,121,75.17333333333333
622213,105,111.03333333333333
518973,96,77.485
683032,133,86.24833333333332
573172,106,6.416666666666667
618268,134,39.1
652547,102,78.76333333333334
652550,103,70.83999999999999
616944,98,86.45833333333333
623659,110,54.10666666666667
610534,114,51.123333333333335
622763,94,71.805
651729,91,3.5983333333333336
611788,96,49.51833333333333
115984,118,26.695
654864,109,78.80333333333333
534524,89,9.15
682692,118,74.37333333333332
610187,102,35.641666666666666
655533,152,140.01666666666668
516621,133,16.99
536560,125,140.24833333333333
231251,138,6.873333333333333
567440,141,1.9483333333333335
531735,145,28.601666666666667
538751,152,12.99
625468,159,33.928333333333335
213740,146,37.65833333333333
219468,142,140.24833333333333
513472,141,21.203333333333333
228342,130,12.854999999999999
527235,161,39.635
539524,133,2.3066666666666666
614021,143,21.203333333333333
529496,145,28.601666666666667
531412,140,140.04500000000002
652847,163,43.915
515121,137,3.7016666666666667
527154,151,15.245000000000001
542071,138,20.21833333333333
510514,157,34.888333333333335
617526,147,34.55
518523,179,25.325
682742,168,33.27
528959,129,28.601666666666667
613593,153,3.1616666666666666
540692,147,9.01
552951,126,140.24833333333333
655164,163,140.01666666666668
619174,129,140.24833333333333
516273,147,5.9350000000000005
540910,130,3.7016666666666667
654881,170,61.59666666666667
651139,163,40.77833333333333
612469,157,134.63333333333333
612742,172,16.656666666666666
689880,175,24.240000000000002
118930,150,1.845
569913,139,3.0316666666666667
528395,146,28.601666666666667
683433,182,92.22666666666667
118949,201,91.37666666666668
538786,161,78.74666666666667
620755,197,97.74333333333334
244809,188,90.61166666666666
683360,204,97.85166666666667
234826,228,81.35
652773,173,82.52833333333334
513072,203,95.99166666666666
683483,185,81.35
610812,148,43.28
518575,197,63.22833333333333
614820,171,68.75833333333334
652771,189,95.99166666666666
651136,204,97.85166666666667
683427,191,57.88333333333333
117692,205,97.67
683438,189,95.99166666666666
689890,165,78.99666666666667
550678,167,78.00166666666668
683435,182,84.30666666666666
610950,154,42.46333333333334
522521,157,51.24333333333333
626675,161,49.63333333333333
683428,165,48.09166666666667
665986,189,89.10666666666665
523441,204,92.24166666666666
689895,214,97.80833333333334
689886,165,47.263333333333335
683448,172,77.045
610546,156,44.24166666666667
689883,204,97.74333333333334
689897,184,57.083333333333336
683482,200,81.35
132659,196,97.74333333333334
121205,175,81.35
616024,181,90.10666666666665
623352,188,79.725
523901,176,57.10333333333333
623091,184,97.62166666666667
528473,214,63.52333333333333
548270,120,1734.4866666666667
541599,128,
614639,144,63.52333333333333
530579,126,859.2033333333333
536480,170,63.52333333333333
610104,195,63.52333333333333
532340,135,
623620,229,81.35
621123,129,63.52333333333333
521686,215,63.52333333333333
547088,171,63.52333333333333
681178,215,81.35
517251,205,63.52333333333333
549206,124,1758.5
213225,161,
529231,122,1759.9516666666668
551658,118,1758.8899999999999
654911,128,1725.2966666666666
626363,143,
529802,112,1725.2966666666666
653281,127,1759.2983333333332
530738,119,
130912,157,
515921,118,1724.905
682334,118,1729.4266666666667
551359,124,1739.9183333333335
529161,129,1724.905
547375,119,1755.7866666666666
535089,128,
212764,126,1746.3316666666665
550242,116,1725.2966666666666
536045,123,1739.6333333333334
532209,123,869.2566666666667
689906,129,867.7716666666668
532242,127,859.2033333333333
610644,142,865.4033333333333
610248,155,867.8266666666666
689907,129,859.2033333333333
536968,137,869.2566666666667
533468,129,869.2566666666667
689904,178,864.8349999999999
654882,139,867.8266666666666
652779,129,859.2033333333333
121578,127,869.2566666666667
624775,129,867.7716666666668
523904,143,869.2566666666667
652780,127,867.7716666666668
535147,123,859.2033333333333
537997,134,868.2483333333333
547256,140,136.195
551044,136,126.70666666666666
535760,143,136.195
618960,151,2.478333333333333
538273,136,136.195
681213,166,136.195
527716,137,136.195
616856,137,126.70666666666666
551437,144,131.98166666666665
538056,136,136.195
652686,183,138.11166666666668
622992,135,132.36833333333334
623541,142,138.11166666666668
535121,199,138.11166666666668
624725,137,126.70666666666666
651191,100,123.545
541584,104,126.92
625309,95,126.52333333333333
533285,94,126.52333333333333
522533,93,126.52333333333333
311504,102,101.055
625109,100,126.92
517332,91,101.02333333333333
521647,95,127.40666666666667
551261,102,126.11833333333334
311335,97,126.52333333333333
311171,100,126.58333333333333
545310,95,126.63833333333334
517164,92,125.83666666666666
541977,114,126.63833333333334
531529,96,126.52333333333333
311213,91,98.87166666666667
541276,91,101.09333333333333
533890,90,101.09333333333333
620402,94,101.09333333333333
126144,89,125.83666666666666
528677,96,126.63833333333334
544807,97,126.52333333333333
612566,97,127.40666666666667
521753,125,126.52333333333333
544220,99,126.52333333333333
654891,98,126.11833333333334
538934,129,126.11833333333334
617570,107,101.02333333333333
234700,103,126.52333333333333
534656,117,126.11833333333334
538622,98,126.52333333333333
311259,101,101.22333333333333
533100,111,125.83666666666666
623082,107,126.52333333333333
221311,113,126.63833333333334
615828,119,101.02333333333333
546477,96,126.52333333333333
521463,98,126.11833333333334
527231,113,126.52333333333333
544780,97,126.11833333333334
225286,104,126.52333333333333
510022,102,126.52333333333333
118196,99,126.11833333333334
215638,118,82.74166666666666
237297,118,126.52333333333333
123411,115,81.115
232272,106,82.74166666666666
689914,129,81.115
133217,108,81.115
649777,113,81.115
223422,117,81.115
250792,148,81.115
542392,115,81.115
549307,120,81.115
613307,107,82.74166666666666
537245,154,
652687,105,111.03333333333333
229622,155,
213048,146,81.115
221836,155,
250546,153,81.115
223388,145,
689912,122,81.115
653766,116,81.115
222633,124,1739.9183333333335
623952,142,
228768,123,111.03333333333333
114733,126,1739.9183333333335
681988,118,81.115
689915,266,
652781,127,81.115
653768,125,1739.9183333333335
228145,152,
250340,128,1739.9183333333335
210228,147,
618862,148,1739.9183333333335
218059,156,
612837,112,81.115
665996,131,1739.9183333333335
311220,108,1739.9183333333335
311366,112,1739.9183333333335
543531,141,1725.2966666666666
653774,148,
654900,125,1738.6033333333332
512446,110,1743.6633333333334
654920,117,1739.9183333333335
653772,107,1739.9183333333335
652692,108,1743.6633333333334
653770,110,1739.9183333333335
654892,122,1739.9183333333335
619743,137,1739.9183333333335
611264,112,1739.9183333333335
655675,110,1739.9183333333335
682254,145,1739.9183333333335
622990,123,1739.9183333333335
110684,114,1739.9183333333335
532525,110,1743.6633333333334
689916,147,
653771,109,1739.9183333333335
534577,119,1738.6033333333332
545108,163,
536152,148,1738.6033333333332
226275,115,1739.9183333333335
682637,161,
529565,105,1743.6633333333334
683748,143,1739.9183333333335
550425,109,1743.6633333333334
611521,116,1739.9183333333335
573330,113,1739.9183333333335
535509,112,1743.6633333333334
626841,111,1739.9183333333335
514953,123,1739.9183333333335
547729,106,1743.6633333333334
544620,130,1739.9183333333335
626638,111,1739.9183333333335
543551,83,4927.673333333334
623811,77,4922.591666666666
612479,76,4916.708333333333
573986,73,4927.673333333334
623759,88,4927.673333333334
612796,78,4927.673333333334
546840,75,4922.591666666666
526374,107,4909.201666666666
655676,78,4927.673333333334
540512,66,4908.745
650053,70,4927.673333333334
545731,79,4927.673333333334
682696,80,4922.591666666666
125721,64,4927.673333333334
119888,74,4922.591666666666
554724,64,4927.673333333334
681184,78,4922.591666666666
617229,82,4927.673333333334
235209,92,3865.8733333333334
250442,80,4909.201666666666
557762,78,4922.591666666666
311060,87,3859.6583333333333
617214,84,4927.673333333334
125592,76,4906.8
527114,73,4922.591666666666
511226,85,4922.591666666666
233959,97,3859.6583333333333
621691,76,4927.673333333334
572564,67,4922.591666666666
524185,80,2205.233333333333
311043,95,2205.233333333333
217030,91,2211.211666666667
311325,72,2204.5433333333335
654873,95,2204.5433333333335
311299,89,2211.211666666667
620385,76,2204.5433333333335
625079,98,2211.211666666667
520417,85,2205.9316666666664
573421,79,2204.5433333333335
683931,88,2205.588333333333
311145,81,2204.5433333333335
513865,86,2205.588333333333
622235,96,2204.5433333333335
226042,84,2205.9316666666664
527195,87,2205.588333333333
223690,72,2205.588333333333
528354,111,2204.5433333333335
243746,84,2204.5433333333335
516222,85,2204.5433333333335
515748,88,2204.5433333333335
114408,85,2205.588333333333
517112,82,2205.588333333333
540310,127,2204.5433333333335
311430,81,2205.5716666666663
528369,93,2205.9316666666664
311466,81,2205.588333333333
529306,115,2204.5433333333335
527819,113,2211.0583333333334
127690,79,2205.588333333333
225033,82,2211.211666666667
311478,82,2204.5433333333335
545849,80,2205.588333333333
649963,125,2204.5433333333335
311415,91,2205.233333333333
549599,81,3860.7233333333334
619213,100,3860.7233333333334
513663,117,100.35666666666665
224942,82,4916.708333333333
514757,93,3860.7233333333334
311367,78,4927.673333333334
311196,74,4927.673333333334
241900,91,3865.8733333333334
543973,89,3860.7233333333334
682638,67,4927.673333333334
533908,108,3865.8733333333334
215256,83,4928.67
550844,97,3865.8733333333334
623267,80,4922.634999999999
212575,80,4927.673333333334
517654,77,4928.67
681199,91,4928.67
533778,118,126.31333333333333
516774,85,4928.67
613156,92,4928.67
624575,77,4928.67
525507,77,3859.705
681196,103,3865.8733333333334
245812,72,4927.673333333334
536967,87,3860.7233333333334
549285,102,3865.8733333333334
541268,102,3865.8733333333334
311336,64,4927.673333333334
311315,69,4927.673333333334
614494,77,4928.67
211394,89,3865.701666666667
124147,80,3864.1266666666666
231436,83,3865.8733333333334
541147,92,3865.298333333333
223249,83,3859.483333333333
616271,77,3865.8733333333334
216358,78,3865.8733333333334
689935,82,3859.6583333333333
560013,79,3865.8733333333334
546652,87,3865.8733333333334
616451,80,3865.8733333333334
111925,77,3859.6583333333333
559512,75,3859.6583333333333
514410,86,3865.8733333333334
126438,78,3865.8733333333334
311057,97,3865.8733333333334
218516,83,3865.8733333333334
311400,78,3865.8733333333334
311275,84,3865.8733333333334
540567,86,3865.8733333333334
225951,72,3865.8733333333334
128548,108,126.58333333333333
225040,111,126.58333333333333
514268,96,126.58333333333333
222987,108,126.58333333333333
527330,101,126.58333333333333
689937,111,126.58333333333333
548989,112,126.58333333333333
626351,104,126.58333333333333
654931,104,126.58333333333333
250282,93,126.58333333333333
652693,129,126.58333333333333
233746,104,126.58333333333333
129635,97,126.58333333333333
528903,100,126.58333333333333
543951,111,126.58333333333333
521482,102,126.58333333333333
110129,111,126.58333333333333
117440,103,126.58333333333333
531347,103,126.92
132065,184,5.253333333333333
541550,147,5.253333333333333
545719,129,137.69833333333332
511345,135,137.69833333333332
613974,153,137.69833333333332
110610,113,126.58333333333333
534082,152,137.69833333333332
523543,166,5.253333333333333
511792,155,5.253333333333333
683012,112,126.58333333333333
518216,107,126.58333333333333
119812,104,126.58333333333333
520291,109,126.58333333333333
653707,108,126.58333333333333
535061,110,126.58333333333333
614508,117,1743.6633333333334
516396,107,126.58333333333333
515777,109,1743.6633333333334
556273,108,1743.6633333333334
534852,104,126.58333333333333
571528,106,126.58333333333333
515834,119,126.58333333333333
528066,107,1743.6633333333334
514796,126,137.69833333333332
516998,125,126.58333333333333
527251,105,1743.3966666666668
228074,139,137.69833333333332
546213,116,1743.3966666666668
510497,114,137.37666666666667
542131,110,1743.3966666666668
623608,121,137.37666666666667
515129,111,1743.3966666666668
519198,135,1743.3966666666668
229399,124,1743.3966666666668
618480,121,137.69833333333332
542431,113,1743.3966666666668
543069,114,137.37666666666667
536928,111,1743.3966666666668
527024,115,1743.6633333333334
548328,111,1743.3966666666668
216621,126,137.69833333333332
311097,113,1743.3966666666668
626421,112,1743.3966666666668
518888,113,1743.3966666666668
311257,118,126.58333333333333
621997,101,126.92
549195,108,126.58333333333333
520008,110,126.92
542938,136,137.37666666666667
511802,109,126.92
311040,105,126.92
228445,104,126.58333333333333
111693,88,125.83666666666666
241977,97,126.58333333333333
243328,89,126.58333333333333
515065,92,127.40666666666667
223600,91,126.58333333333333
514334,158,88.63666666666667
250482,150,88.685
114995,138,126.58333333333333
250564,113,126.58333333333333
311185,102,126.58333333333333
522892,117,126.58333333333333
236149,112,126.58333333333333
655078,103,126.58333333333333
128020,94,126.58333333333333
611055,99,126.58333333333333
563271,99,126.58333333333333
130504,109,126.58333333333333
225891,99,126.58333333333333
611206,110,126.58333333333333
223478,104,126.58333333333333
126442,105,126.46166666666666
110989,104,126.31333333333333
518756,123,126.58333333333333
250304,128,124.56833333333334
250763,127,126.58333333333333
250251,140,126.12666666666668
110724,118,124.56833333333334
538376,133,0.0
531316,184,217.02833333333334
622491,138,296.5933333333333
618886,127,0.0
517854,141,27.141666666666666
624974,139,0.0
655670,131,302.99666666666667
512585,193,0.0
245130,139,0.0
624703,138,7.778333333333333
538178,136,0.0
225123,137,7.778333333333333
543913,234,0.07
539615,198,0.0
119125,165,217.02833333333334
515378,226,209.535
241315,133,302.89500000000004
126112,156,0.0
510354,138,0.0
524944,247,0.07
240050,139,296.5933333333333
519665,159,0.0
689941,171,0.0
519639,143,27.141666666666666
535287,185,217.02833333333334
220322,135,296.5933333333333
684134,178,217.02833333333334
551526,159,7.778333333333333
243649,145,0.0
229080,152,217.02833333333334
655678,136,255.725
611352,125,255.725
125070,133,255.725
122840,134,0.0
653279,146,0.0
622267,140,0.07
530319,138,0.0
614676,138,0.0
520495,143,0.0
537465,139,0.0
532353,161,0.07
520466,142,0.0
649964,144,0.07
655667,1111,304.1383333333333
513653,128,296.5933333333333
549825,135,296.5933333333333
529232,131,255.725
689948,1089,255.46166666666667
114762,145,302.89500000000004
619801,134,296.5933333333333
224535,149,302.99666666666667
536638,141,296.5933333333333
689950,458,303.96500000000003
655666,1137,309.9266666666666
652698,894,303.575
120183,132,296.5933333333333
114698,115,137.69833333333332
216395,125,151.785
116223,123,151.785
213797,187,169.07166666666666
119609,122,137.69833333333332
513736,114,137.69833333333332
534848,123,137.69833333333332
510216,327,168.35166666666666
541347,112,137.37666666666667
535702,117,170.19166666666666
536126,120,137.69833333333332
652699,120,137.69833333333332
543914,111,137.69833333333332
618895,147,170.19166666666666
311411,126,137.37666666666667
539640,117,137.69833333333332
535005,115,137.69833333333332
310943,121,170.19166666666666
121664,128,169.1
546114,136,169.1
118458,135,169.1
133209,119,169.1
626737,141,169.1
689957,126,169.1
250541,134,
122892,153,467.8183333333333
530707,118,1734.4866666666667
533122,147,444.1166666666667
212730,128,
654997,137,
111735,130,
654107,139,
513812,137,
523758,690,330.07166666666666
512993,139,
555943,124,
519428,125,
115975,141,
223119,135,
652792,190,467.8183333333333
611276,135,
618736,170,467.8183333333333
654102,132,
231521,129,
114441,126,
122971,135,
517023,157,
612836,168,467.8183333333333
119230,161,467.8183333333333
651737,211,81.35
530727,187,346.0833333333333
681170,192,346.0833333333333
622842,226,
517818,310,320.8016666666666
514384,179,
544836,183,346.0833333333333
124093,159,346.0833333333333
653777,174,
518117,194,346.0833333333333
250725,153,
546022,183,97.74333333333334
520900,168,
524038,171,
624282,152,
546631,154,
545925,133,
653858,164,346.0833333333333
551164,162,
654914,165,97.74333333333334
524576,231,346.0833333333333
621995,612,467.335
653932,145,444.1166666666667
130131,135,444.1166666666667
115512,172,467.335
523947,167,441.8283333333333
110914,163,441.8283333333333
654912,177,467.8183333333333
510204,205,420.495
683492,150,467.8183333333333
651753,151,443.425
574281,163,441.8283333333333
518265,154,444.1166666666667
682658,303,467.335
573325,174,421.31
123533,155,450.26500000000004
652702,151,442.775
614808,183,423.295
519035,173,441.8283333333333
692484,146,443.425
653511,172,441.8283333333333
243668,128,
653784,188,441.8283333333333
118803,193,441.8283333333333
219831,170,443.425
124950,143,443.425
517329,141,444.1166666666667
225027,151,443.425
666001,207,441.8283333333333
521267,161,443.425
517608,185,443.425
218366,164,443.425
549597,194,441.8283333333333
226874,143,444.1166666666667
216929,151,443.425
536830,167,443.425
530208,191,441.8283333333333
689977,195,441.8283333333333
550443,197,441.8283333333333
653910,164,443.425
536402,149,444.1166666666667
131577,138,443.425
242214,172,441.8283333333333
128016,203,441.8283333333333
611427,180,441.8283333333333
114670,146,443.425
624310,191,441.8283333333333
617668,194,441.8283333333333
689987,153,443.425
515837,146,
619352,174,443.425
653282,163,
654952,154,
681799,135,
238992,123,
655681,164,443.425
235397,157,443.425
222334,152,443.425
246883,136,
653855,144,
513407,117,1734.4866666666667
682657,154,
527602,140,
542232,131,
543095,149,
242058,130,
666000,145,
115439,131,
651158,152,443.425
130576,140,
681798,155,
519579,144,
652793,174,443.425
651160,146,
654110,150,443.425
113616,131,
689984,154,
689994,176,443.425
681195,129,
553616,133,
237622,182,
522914,178,
654859,232,
652070,196,
654870,199,
654907,253,443.425
246538,181,
537496,203,443.425
684157,164,
652703,244,443.425
655680,210,
113021,226,
612146,182,
611912,235,443.425
665988,211,443.425
129636,168,
690005,192,
551627,187,
111235,174,
681189,187,
129759,165,
690007,168,
538998,224,
689998,216,443.425
250302,224,
617496,169,
625283,182,
653785,169,
620867,203,
654111,189,443.425
221087,234,443.425
690004,186,
250713,185,
242445,166,
626069,223,443.425
653786,247,443.425
655644,215,443.425
652938,169,
541033,208,443.425
620433,253,
115680,117,0.0
217756,94,2211.211666666667
235515,129,0.0
518064,105,2211.211666666667
532069,112,0.0
232177,95,2211.211666666667
513805,119,2205.9316666666664
250023,150,2211.135
238442,117,0.0
239519,113,0.0
311243,101,2206.6366666666668
311469,110,0.0
610050,154,0.0
548413,118,0.0
250400,138,0.0
540773,121,0.0
529297,146,0.0
128891,126,0.0
211937,163,0.0
616297,158,0.0
610809,156,0.0
311282,157,0.0
235240,222,0.0
226684,208,0.0
654903,176,0.0
233516,170,0.0
217992,203,0.0
610141,174,0.0
548940,162,0.0
544446,182,0.0
311234,174,0.0
236445,135,0.0
233017,200,0.0
311501,150,0.0
654934,195,0.0
512901,84,2211.211666666667
228555,78,2211.211666666667
231033,85,4909.201666666666
250702,79,2211.211666666667
534304,71,4909.201666666666
227547,78,4909.201666666666
311031,98,2211.211666666667
239179,63,15.658333333333333
559134,46,2.8800000000000003
657799,34,4.746666666666667
683164,28,4.241666666666666
568481,36,4.1883333333333335
555089,30,0.6783333333333333
651802,31,2.735
683162,33,5.21
549529,54,16.988333333333333
620200,35,1.805
227105,42,4.0216666666666665
614792,59,14.256666666666666
680438,70,21.19
651814,25,4.078333333333333
567002,30,3.5683333333333334
117723,36,1.845
569895,35,3.3216666666666668
566458,60,16.766666666666666
220219,35,2.5
110339,67,20.745
573695,63,18.046666666666667
683178,38,5.803333333333333
112774,43,7.703333333333333
563879,32,2.1266666666666665
562920,33,1.6516666666666666
567279,36,5.745
512800,239,21.311666666666667
114226,34,0.4216666666666667
683415,37,4.036666666666666
240169,37,3.828333333333333
569299,34,1.96
125413,40,16.5
625882,52,14.478333333333333
232917,46,20.883333333333333
683349,47,6.755
231379,30,12.835
310134,197,24.834999999999997
228571,57,26.971666666666668
651824,44,5.535
111899,30,3.1933333333333334
690406,166,13.483333333333333
220938,43,22.616666666666667
651821,55,7.1466666666666665
228741,45,21.790000000000003
126151,24,8.285
220884,17,22.926666666666666
524977,22,10.565
243592,40,7.9783333333333335
216437,17,17.526666666666664
235803,22,17.791666666666668
525304,174,111.48833333333333
650090,30,6.088333333333334
222672,26,5.131666666666666
121241,135,86.55
651830,28,4.543333333333334
117311,24,17.958333333333332
237213,29,24.998333333333335
114087,25,7.36
563652,25,4.163333333333333
654344,21,21.040000000000003
612208,27,10.368333333333334
653976,224,76.03
692505,91,50.71
620448,25,7.6883333333333335
624187,174,111.50166666666668
657538,33,15.316666666666666
113009,19,21.425
683343,19,15.178333333333335
210539,24,18.735
246235,19,14.110000000000001
683682,21,18.03166666666667
233964,20,23.285
527211,23,23.259999999999998
624046,25,18.803333333333335
513158,25,24.779999999999998
626089,35,29.720000000000002
132872,17,28.466666666666665
229670,16,20.101666666666667
538591,21,19.376666666666665
118572,21,19.858333333333334
567779,24,19.261666666666667
126075,20,21.740000000000002
120141,17,20.451666666666664
123873,25,15.736666666666668
241173,18,20.773333333333333
125319,22,16.8
225860,20,17.733333333333334
246098,18,22.241666666666667
120008,26,23.021666666666665
110286,20,13.55
611334,17,22.456666666666667
620282,20,24.701666666666664
682238,19,24.265
617221,14,22.9
226454,15,25.186666666666667
128352,18,26.07
211523,22,30.275
246742,13,27.365000000000002
617169,21,29.87
114814,387,82.14333333333335
657808,208,58.15
620326,161,57.695
537644,326,67.20166666666667
651203,184,45.34
653978,152,58.656666666666666
127436,335,83.56
214148,258,62.07333333333334
618001,218,50.943333333333335
657806,398,81.905
113840,1612,108.84166666666667
114779,354,77.70833333333333
573741,508,90.15666666666667
555729,241,56.69166666666667
616835,250,58.013333333333335
242069,171,44.55
683417,178,46.276666666666664
690416,123,50.24166666666667
690420,326,83.88000000000001
241562,167,61.96666666666667
550524,205,56.245
571523,243,56.95
519760,241,62.365
612184,340,84.00666666666666
690427,168,51.81166666666666
210012,76,36.516666666666666
226940,129,41.01166666666666
625951,213,68.58333333333333
242584,93,37.001666666666665
545422,119,28.691666666666666
619994,305,79.41666666666667
655865,156,36.99166666666667
531839,126,42.03333333333333
132881,118,52.24333333333333
690424,119,40.730000000000004
127266,85,43.72166666666667
526555,80,31.123333333333335
683420,115,42.13666666666666
683404,126,35.22833333333333
623296,104,32.67333333333333
619321,109,33.78
234349,54,21.465
115481,270,57.318333333333335
657213,88,26.801666666666666
613161,102,40.38
534085,157,58.12166666666667
680537,93,36.013333333333335
656359,76,29.561666666666667
526358,97,27.32
539314,91,23.785
221330,114,40.81666666666667
220106,74,27.188333333333333
621309,65,34.348333333333336
233525,81,31.136666666666667
566144,71,34.86666666666667
130900,100,44.16166666666666
532281,83,28.28166666666667
621300,101,24.63
130776,98,24.891666666666666
617663,111,38.9
621031,163,51.40333333333333
527683,102,40.38166666666667
551082,71,19.511666666666667
537443,221,51.16833333333333
235156,62,35.385
657674,136,41.72
223788,258,74.15333333333334
626656,101,23.066666666666666
523769,123,42.115
131073,91,34.19166666666667
620096,145,45.818333333333335
114902,113,42.281666666666666
132367,200,67.56833333333333
651202,95,29.526666666666664
210480,176,48.208333333333336
235777,107,38.605000000000004
523029,84,23.485
619395,82,17.208333333333332
617266,97,19.118333333333332
542570,112,41.848333333333336
235430,174,66.95
520066,88,24.416666666666668
210310,129,43.56333333333334
683347,31,3.7550000000000003
562505,38,1.5450000000000002
683346,31,4.838333333333334
573946,36,4.058333333333334
683177,42,4.086666666666667
562759,32,3.8983333333333334
554867,41,1.1849999999999998
683168,27,4.8149999999999995
115570,35,2.7116666666666664
683179,45,6.65
241026,33,2.915
117087,35,4.088333333333334
542219,2268,160.75833333333333
112712,2173,117.45333333333333
124743,1985,158.77833333333334
525286,2216,201.29500000000002
121210,1983,177.79500000000002
513068,1958,152.815
118382,1009,119.74666666666667
229098,1965,115.30166666666668
229853,1801,167.38166666666666
118809,2106,179.94666666666666
244696,2603,145.02833333333334
656413,2151,138.03833333333333
132932,2063,142.55499999999998
235244,2519,179.94666666666666
516107,2573,134.965
656751,1633,150.125
521328,2080,160.99666666666664
656407,1723,184.375
516244,1758,185.99333333333334
657815,1692,169.45
616815,1283,181.15166666666667
550479,1311,175.54166666666666
551411,1580,155.41333333333333
514588,2606,130.605
550074,1191,168.66666666666666
516441,966,168.35666666666665
521795,2350,150.92999999999998
513966,2152,159.73333333333332
538214,1922,210.65833333333333
537823,1385,153.05666666666667
690436,2272,174.03333333333333
522624,1782,158.93333333333334
623781,1725,176.25666666666666
656288,1819,150.84166666666667
656408,1585,158.76833333333335
573733,1117,173.9
651100,1357,153.37333333333333
563273,1693,175.81
690439,2235,179.41
532362,2814,128.39833333333334
511853,2216,152.45666666666665
690432,2064,190.14833333333334
548944,1753,204.66666666666666
613925,1401,159.94500000000002
626846,2433,128.07666666666668
225883,987,126.76333333333334
540102,1547,169.815
651060,2064,146.56166666666667
656046,2153,152.70333333333335
212506,2242,136.72166666666666
244101,1130,127.24666666666667
216671,1951,214.84666666666666
534098,2311,143.5883333333333
114731,2289,138.09666666666666
656755,2257,157.61666666666667
563149,1481,178.54166666666666
680388,1998,156.91666666666666
549117,1436,178.99833333333333
535407,2084,164.80666666666667
656047,1793,158.68833333333333
543542,1260,203.85166666666666
521446,2099,142.78333333333333
510224,1539,183.52666666666667
518907,2125,159.065
612406,2041,123.73166666666665
545628,2420,143.05833333333334
123124,1741,190.00166666666667
692506,2080,164.10333333333335
211813,2415,199.75166666666667
651102,2327,147.91333333333333
651099,2697,125.17666666666668
225245,2138,153.41666666666666
510974,2069,164.23999999999998
213051,2727,131.27666666666667
562843,2133,138.59166666666667
569226,1931,146.88500000000002
544222,2364,156.63833333333332
610356,2135,156.0883333333333
217958,2040,190.14833333333334
651101,2689,129.52166666666668
227372,1538,128.78333333333333
225428,891,58.92333333333333
544508,1980,83.65
657300,1528,68.21333333333334
241585,3177,106.47833333333332
130321,1335,80.27833333333334
527864,1692,88.82333333333332
682939,3029,109.55166666666668
690466,328,22.85666666666667
126435,1586,69.11833333333334
657816,800,49.47
549185,1434,71.42833333333333
690454,3092,114.025
531174,1755,74.455
682730,1572,82.83333333333333
126208,1591,83.92666666666668
243092,1691,70.50333333333333
546060,1644,72.12833333333333
129434,1426,84.60833333333333
615751,2166,84.09666666666666
114533,3184,125.00666666666666
542837,845,44.13333333333333
219655,2234,88.97333333333333
129311,1696,79.55
690461,1222,68.73833333333333
690463,1448,86.46333333333334
690444,1871,80.48166666666665
223602,1392,118.11833333333334
131199,1191,67.47166666666666
510305,3284,129.335
622359,3083,102.53500000000001
117061,1529,65.61833333333333
657189,1421,68.86
652707,1578,130.77666666666667
130457,1814,76.64833333333333
125515,1257,66.575
547826,3064,108.39833333333333
690450,3212,113.89833333333333
657684,1312,66.39833333333334
130742,701,47.61833333333333
690451,3104,117.05333333333333
126107,1992,81.38333333333334
123862,3075,114.57833333333333
126960,1620,85.13833333333334
246074,3133,119.94166666666666
544640,503,42.835
523716,1542,131.415
533082,1144,139.03166666666667
121033,712,137.14166666666668
543123,1666,146.37666666666667
541056,799,143.2866666666667
515491,1369,131.4
514575,1719,118.72333333333333
539054,1967,134.57166666666666
683986,3111,129.645
549718,1918,113.64666666666668
538909,3067,117.52
536273,1938,133.815
542735,2412,136.32833333333332
519573,1434,116.89666666666668
224536,1489,146.76666666666668
530026,2617,148.71
246958,960,107.92
110460,3006,138.80166666666668
690473,2439,143.42833333333334
620709,1509,129.985
234378,1179,121.655
540843,1865,132.27666666666667
119828,815,97.82166666666667
533825,1127,113.59833333333333
530190,1528,146.37
539692,2014,132.52333333333334
225884,896,106.2
547452,1557,128.34166666666667
545617,1653,128.3
690475,1852,128.74666666666667
111628,1066,114.53500000000001
656567,1653,132.575
119789,1456,123.86
614750,3264,126.7
684159,2955,167.36666666666667
223915,3429,180.82833333333335
657660,1492,129.43666666666667
124053,3072,140.56666666666666
222368,1933,149.86833333333334
683013,1773,126.73833333333333
657638,1835,120.33500000000001
538134,3089,165.28
243227,3338,176.47
618803,1660,142.575
546551,2762,123.41333333333334
611026,1735,142.59166666666667
236656,3013,152.09166666666667
683297,3104,152.12833333333336
657572,2834,148.16833333333335
657219,1622,130.85166666666666
127141,2785,91.40833333333333
528415,1592,128.85166666666666
565561,2385,113.59166666666667
543355,3085,176.95833333333334
222936,3326,174.45833333333334
117048,1212,153.71833333333333
211472,1827,104.02166666666668
117508,1795,161.54666666666665
221099,3084,165.40333333333334
657133,3130,155.84
229763,2483,123.38000000000001
236392,1306,140.54166666666666
558988,2165,127.35333333333332
110894,1971,109.08666666666666
624751,3129,128.915
684092,3005,170.72666666666666
613679,1811,140.75
131413,2637,95.95666666666666
245046,1687,128.98666666666665
658712,1580,168.6
528140,2423,155.42000000000002
219145,2483,158.84833333333333
614072,2528,154.405
221463,2822,137.275
617313,2241,135.87333333333333
527213,3099,140.46166666666667
122068,1626,129.57166666666666
540831,1820,128.22
651836,2566,122.03666666666666
119302,2373,165.40833333333333
690478,2394,120.89333333333335
129583,2380,129.32666666666668
520817,2248,160.39166666666668
650059,2158,106.5
517371,2238,153.24833333333333
622600,2034,110.20333333333333
231406,1952,161.74166666666667
520707,3393,178.55
558112,1875,115.4
224539,582,91.89
657641,1898,127.85333333333332
560592,539,90.695
616620,399,77.54333333333334
682745,576,87.15166666666667
550673,880,98.14833333333333
511725,715,90.58999999999999
230387,825,95.55
216054,410,81.16333333333334
618224,590,88.05333333333333
684109,726,96.06
526074,1900,127.84833333333333
532579,553,84.13666666666667
532763,619,89.725
690496,1497,127.03666666666666
623325,2140,138.16
624694,1416,122.01
228021,539,92.45333333333333
682940,1352,116.135
690500,1875,82.31666666666666
515132,1400,120.96833333333333
620704,1868,120.08999999999999
549823,641,99.3
130840,1220,116.45666666666666
123932,1572,124.645
652949,1247,115.805
610209,1715,114.46333333333334
111948,1869,80.03999999999999
114222,1704,80.06333333333333
625083,1990,83.04666666666667
124517,1243,111.925
690495,1382,126.05666666666666
539470,1628,128.96166666666667
133346,1368,125.49666666666667
621222,2071,93.905
656759,1257,112.06166666666667
548193,1545,161.43833333333333
112481,1714,156.06333333333333
521461,1133,147.655
516831,1227,149.77
516328,1490,144.57666666666668
658715,1494,160.155
610027,1768,159.30833333333334
548524,1846,156.66333333333333
528962,1666,165.45333333333335
128055,372,88.76166666666667
212797,427,90.66166666666666
131838,218,157.82166666666666
538718,715,99.42833333333333
132401,402,81.57833333333333
232769,836,106.86
515479,396,81.03
531150,400,95.25166666666668
236197,491,112.00666666666666
120997,317,88.99833333333332
614248,496,90.37166666666667
130259,329,75.685
217201,552,102.71666666666667
542069,275,100.67166666666667
246621,359,73.04666666666667
228565,497,107.77833333333334
622610,357,77.56166666666667
116114,180,144.31166666666667
529376,1246,117.42666666666668
121378,411,71.69166666666666
651055,308,120.05333333333333
237731,222,103.01166666666667
618573,459,98.58
234797,503,92.86666666666666
115021,263,111.92833333333333
690510,551,102.81166666666667
210989,193,140.90333333333334
623744,205,140.55499999999998
527201,165,101.02
658717,448,122.84333333333333
110669,1074,108.045
616648,209,157.39166666666668
514364,533,90.86999999999999
548528,242,97.44
619267,372,88.60833333333333
524928,2821,164.20499999999998
119604,3081,145.53833333333333
542020,1891,157.565
547807,3179,160.52833333333334
570789,2991,152.96833333333333
116586,2237,163.88166666666666
623616,2052,157.82166666666666
241609,2381,141.42666666666668
615297,2895,159.26166666666668
241675,2892,147.68833333333333
243115,2871,172.37666666666667
573651,2357,166.645
225787,2010,153.58666666666667
233437,2615,169.04666666666665
223410,2130,159.745
112324,2112,159.01000000000002
533552,2643,174.76166666666668
132144,2434,143.48333333333332
690513,3410,161.07333333333332
118213,2337,149.15666666666667
110023,2711,148.04666666666665
515575,2713,172.225
132655,3302,166.735
526221,2399,157.94666666666666
525401,3214,169.17333333333332
534812,2457,165.38333333333333
133244,2233,166.03
620260,2415,154.79500000000002
213295,941,91.05666666666666
516073,1317,110.30333333333333
110843,1179,107.6
117275,1265,110.28333333333333
124662,1008,91.6
574387,3300,181.06166666666667
231101,923,89.85
228647,2592,116.88666666666667
116359,1336,114.07333333333332
532855,1327,112.50500000000001
235553,1484,116.00666666666666
224162,1840,103.45833333333333
549561,488,86.65333333333334
622116,1761,111.21666666666667
541817,1346,106.455
651843,1466,114.815
129089,685,103.45
624780,1000,110.26666666666667
113882,1199,93.73666666666666
616352,1679,268.5383333333333
522649,1669,239.81166666666667
548301,1670,223.24833333333333
133224,2893,173.94
522351,1274,242.93333333333334
690515,2374,168.22
214000,2505,175.30666666666667
537022,2457,201.12666666666667
232936,1789,251.32999999999998
530838,2437,176.18333333333334
537549,2341,212.35166666666666
657624,2035,176.15666666666667
531444,2576,176.94666666666666
549180,1668,145.40833333333333
572713,2426,189.76166666666668
212431,1031,131.51333333333335
654353,2321,164.69
515955,2500,162.75666666666666
246305,2491,208.49166666666667
657632,2658,256.0516666666667
233023,1332,138.12333333333333
680492,2614,221.25666666666666
515843,834,176.94166666666666
515284,2088,182.025
544854,1564,144.76333333333332
133342,2176,173.215
680502,2588,255.985
238167,2360,187.085
656740,2239,165.515
228220,1429,140.29666666666665
654159,281,107.4
223860,1918,127.52333333333333
532042,1644,147.56
241088,1546,160.66833333333335
548636,2278,172.84333333333333
118666,1122,112.33999999999999
527099,2162,150.78
531464,1504,155.05166666666668
238761,2628,216.36499999999998
223760,1750,192.31666666666666
211761,1899,134.82666666666668
654323,2790,167.01666666666668
533881,1170,122.14666666666668
680477,1125,143.76833333333335
550927,1696,163.29
657702,2164,184.87
680355,2663,172.63333333333333
546467,1084,84.45
129600,2555,149.05166666666668
657698,1399,163.71666666666667
511358,2241,168.755
216285,695,115.01333333333334
548412,1299,142.93166666666667
657635,2190,166.57000000000002
654140,1619,188.06833333333333
540946,1991,182.06166666666667
654162,1700,174.29
234931,351,104.79333333333334
654270,1318,143.75166666666667
618696,2678,236.42666666666668
545242,2042,173.465
654328,1313,125.47333333333333
236718,2301,133.88
242888,1878,121.82833333333333
220480,2175,170.765
531039,1892,127.32833333333333
225965,1847,174.32000000000002
239313,2417,182.32000000000002
234389,931,112.87833333333333
544431,2147,126.50166666666668
657623,2551,181.53
571587,1676,189.25333333333336
218367,1625,160.34666666666666
536337,2403,185.77
132146,1317,151.56
236258,2413,260.0133333333333
657628,2751,187.64333333333335
654325,2840,170.39333333333335
524184,2276,164.255
232744,2126,204.2133333333333
651846,2640,161.645
114153,1308,165.92166666666665
245769,2469,209.65833333333333
654160,273,106.02666666666667
690524,688,131.015
657663,2764,231.59833333333333
680359,2247,169.05166666666668
241956,2204,145.29333333333335
690522,3078,220.845
131743,2676,164.73
657622,1988,185.965
550382,1633,138.97166666666666
246549,1335,142.12666666666667
682307,378,102.61333333333333
653276,1393,161.88500000000002
654145,2119,178.66666666666666
657803,294,97.61833333333334
244027,440,107.37333333333332
612799,2578,162.33333333333334
545520,828,144.13333333333333
235682,2199,162.74833333333333
643269,1550,183.55833333333334
234187,1535,144.255
237326,2578,246.99333333333334
543904,1411,116.00666666666666
656744,1622,138.42999999999998
652710,2047,234.09
611852,2157,175.61
539065,2285,162.44666666666666
682296,1475,131.46833333333333
651847,2026,181.61666666666667
690519,2191,171.04833333333332
549298,2268,168.82333333333332
243354,1900,166.63166666666666
245518,1285,155.56833333333333
611845,1984,168.325
240373,1107,153.85666666666665
517964,1302,107.83999999999999
611951,1874,141.79666666666665
558001,1887,149.34666666666666
240445,1620,152.025
657629,2837,188.03333333333333
214174,1255,138.95499999999998
654324,2581,169.04500000000002
680536,2527,179.275
657585,2029,130.705
527812,1022,107.265
657586,2177,131.38
515229,1282,113.53500000000001
515127,1871,119.64666666666668
542468,1004,116.63333333333334
133166,2757,148.56833333333333
657580,2213,139.985
123328,2335,138.985
230846,1537,117.94833333333332
539573,2310,132.92
536741,1092,110.43333333333334
657587,2223,132.605
657588,2229,132.62333333333333
222869,1191,97.66499999999999
212374,232,79.63666666666667
546120,1233,103.66499999999999
652456,598,86.815
533577,2666,139.06833333333333
547633,1423,108.13833333333334
545602,1334,114.155
531298,2280,142.8383333333333
133191,1360,104.655
113408,398,84.50166666666668
619383,1994,136.22
210096,834,89.28666666666666
521376,2724,150.84666666666666
621254,1891,166.465
526380,1138,104.63000000000001
533979,2571,223.9116666666667
128777,1996,163.46666666666667
536729,1833,163.27666666666667
550364,2015,162.94500000000002
513122,2205,165.45499999999998
539582,2392,305.4316666666667
133459,2428,226.095
122483,2474,232.53
114635,1749,195.28333333333333
120935,2013,160.99833333333333
226778,1964,193.00333333333336
242607,1653,177.1
527324,1824,170.01000000000002
543673,2201,153.10666666666665
535130,2454,147.43833333333333
523143,2028,157.585
544502,1944,156.47
236812,2692,141.98166666666665
524949,2396,193.98833333333332
532976,1844,158.63666666666668
684172,2656,248.035
244773,2556,228.79666666666665
518097,2866,139.27333333333334
510589,2864,138.54500000000002
546264,2120,154.23333333333332
622375,2954,130.915
117756,159,12.671666666666665
542631,114,20.826666666666664
625390,157,24.298333333333336
621263,122,17.658333333333335
227567,138,24.21833333333333
623000,88,1.2633333333333332
225044,80,20.351666666666667
114739,138,19.323333333333334
658727,431,36.85333333333333
614980,129,13.033333333333333
534245,218,16.83833333333333
114454,151,20.903333333333332
127321,191,28.295
618985,350,24.048333333333336
532832,142,15.67
690528,183,22.85666666666667
626072,116,11.146666666666667
128238,104,7.921666666666667
127457,94,5.05
622538,134,15.961666666666668
111401,152,17.848333333333336
657788,116,10.096666666666666
115121,112,8.08
117801,91,10.853333333333333
131041,199,19.991666666666667
657437,112,8.843333333333334
618830,90,2.585
117001,139,44.60666666666667
117453,117,40.538333333333334
133118,141,40.75
235950,161,41.09666666666667
132366,117,34.84
544400,157,45.644999999999996
612872,269,41.015
511961,1951,85.06666666666666
657371,2075,77.76166666666667
121611,2244,81.75500000000001
541564,2672,101.56166666666667
525509,3243,115.76833333333335
114849,2023,96.02333333333333
531803,1377,82.6
516233,2517,94.56
561415,2249,110.68333333333334
611718,2325,82.25666666666666
228152,2556,89.56
517346,1299,78.71333333333334
537180,1444,92.07833333333333
527724,2523,100.27666666666667
518121,1394,82.58166666666666
241901,2442,88.66666666666667
520019,2127,96.525
652712,2260,108.26666666666667
530245,108,20.168333333333333
625993,112,16.84
516618,121,20.21833333333333
310824,110,28.60666666666667
651040,123,20.118333333333332
234666,117,12.2
119313,131,40.068333333333335
240144,207,43.36
126955,179,43.269999999999996
513924,177,33.98166666666667
612254,246,65.32333333333334
690534,149,30.696666666666665
558808,135,32.24166666666667
690535,134,23.759999999999998
214764,219,35.080000000000005
625213,110,16.546666666666667
510715,121,28.563333333333333
531871,114,35.2
538492,151,30.171666666666667
626123,149,32.791666666666664
212592,106,24.186666666666667
124138,121,14.486666666666668
120711,158,62.285
564461,395,101.16666666666667
610902,187,68.60166666666667
126492,152,64.48833333333333
626204,160,66.99
126801,156,59.44666666666667
513897,309,99.66833333333334
120044,225,77.92333333333333
129654,248,81.365
658739,313,96.39
618406,245,86.44
540981,304,96.28
546528,181,70.61833333333334
626709,363,87.86166666666666
126405,437,89.13333333333334
129938,529,93.31666666666666
622062,216,74.46666666666667
114122,190,69.51
520009,1491,80.14666666666668
547506,1422,73.42166666666667
538493,1550,73.695
114355,1670,71.78999999999999
542502,1469,64.225
517648,1325,63.92333333333333
523910,773,64.39333333333333
114413,364,44.83833333333334
536389,970,49.085
533516,248,47.97166666666667
683252,1673,72.53
518264,897,105.10166666666667
222945,994,56.681666666666665
532596,3183,98.16499999999999
617352,1400,81.70333333333333
519212,1545,69.82166666666667
521120,1625,78.28833333333334
246605,551,40.735
622733,1688,91.07833333333333
539032,732,42.559999999999995
545180,1062,105.10166666666667
123594,1367,99.44
110380,308,38.535
548455,1503,70.27166666666668
550377,1520,74.97166666666666
515918,1250,80.46333333333334
217683,2070,104.56
652714,2113,101.56166666666667
530496,1258,76.90166666666667
131720,1267,69.02166666666668
613418,3265,125.43833333333333
548246,3089,136.45666666666665
117020,942,76.70833333333333
121384,1183,75.70166666666667
544898,2998,116.685
549545,2164,107.90666666666667
520808,1260,89.72333333333333
120256,1165,81.7
110187,1176,80.53
618410,686,61.14666666666667
535979,1322,81.65333333333334
242630,2830,128.275
616248,1369,87.875
524614,2084,104.56
652715,1711,107.27666666666667
518908,1820,79.41333333333334
655379,76,2.328333333333333
559701,76,2.74
130293,69,2.835
564819,73,2.3466666666666667
234965,10,6.886666666666667
212637,6,17.09
684191,71,2.6966666666666668
110962,7,3.8133333333333335
569291,22,30.14
510047,20,30.384999999999998
516802,98,24.421666666666667
126193,17,28.133333333333333
110346,3,37.233333333333334
535312,93,20.395
131992,6,25.220000000000002
217533,4,30.528333333333332
310026,5,14.248333333333333
114266,11,13.458333333333334
615073,20,26.438333333333333
656349,53,12.588333333333333
536041,36,20.206666666666667
658729,52,12.461666666666668
623547,81,25.645
219698,30,21.83833333333333
655394,28,22.21833333333333
127666,30,23.005
244246,23,28.191666666666666
129629,30,31.975
682351,14,37.833333333333336
230227,4,46.669999999999995
229507,62,33.44166666666667
527465,18,33.42666666666666
217678,59,6.135000000000001
238821,80,32.41833333333333
526694,148,28.65666666666667
217301,74,6.23
122542,86,18.0
219308,113,42.61333333333334
655868,68,9.963333333333333
654235,83,6.095
120565,70,2.585
213591,57,16.433333333333334
133505,61,2.835
559229,68,2.9483333333333333
654236,84,5.953333333333333
555718,60,0.895
548591,59,2.268333333333333
623292,87,7.225
123157,93,26.863333333333333
684192,62,2.6966666666666668
682284,147,41.54333333333333
680383,171,40.23166666666667
656346,98,14.011666666666667
654230,73,5.760000000000001
240390,99,32.105
612282,68,5.871666666666667
553483,61,2.7733333333333334
657456,96,35.71
572290,59,1.2950000000000002
569894,65,2.93
613114,157,42.288333333333334
622794,64,1.6400000000000001
555072,61,3.24
560317,60,4.963333333333334
690551,35,20.73
225423,35,18.861666666666668
127376,36,19.065
525871,38,15.751666666666667
618181,129,31.028333333333332
237810,38,23.508333333333333
132911,38,15.748333333333333
616720,65,22.698333333333334
224397,28,28.366666666666667
116959,220,82.77666666666667
542254,373,116.88000000000001
217892,226,71.39166666666667
538322,198,105.18833333333333
552326,159,63.906666666666666
126982,122,49.05
534785,372,94.77
131964,156,43.41833333333333
626940,118,39.21666666666667
116764,134,33.75
114817,156,54.11333333333334
215000,192,49.440000000000005
115886,267,69.57333333333332
129534,355,201.04333333333335
212682,422,152.33666666666667
537934,391,150.075
111875,173,84.22333333333333
570210,176,51.20166666666667
229707,196,61.775
128933,153,47.415
226577,359,116.88000000000001
235427,526,99.91333333333334
510531,250,89.885
620646,285,44.019999999999996
120868,220,78.61
237050,276,82.73833333333333
121072,332,108.40166666666667
245267,190,75.42833333333333
118456,141,54.46333333333334
551308,275,94.77
546100,342,77.25666666666666
657654,337,78.455
613539,146,55.468333333333334
114507,119,50.24333333333333
114743,273,113.74333333333334
114296,376,120.98833333333333
238657,152,86.66666666666667
240852,224,79.015
657457,220,62.769999999999996
116543,152,89.83500000000001
121221,152,35.391666666666666
216218,227,63.51833333333333
112091,227,92.67
124438,360,114.86666666666666
112982,242,62.20333333333333
657458,317,82.30166666666668
112775,231,37.07
132701,137,39.39
214649,293,83.59833333333333
117371,291,71.425
123599,445,77.055
217244,91,101.6
680490,337,55.24166666666667
212628,544,95.41000000000001
110056,202,39.89833333333333
112156,424,70.81666666666666
216768,45,2.43
244058,383,66.29166666666667
212148,50,10.99
231807,43,7.888333333333334
120937,38,23.88
124340,56,7.623333333333333
112895,202,46.125
236761,63,6.175
129329,403,71.07666666666667
567849,53,11.091666666666667
131035,211,46.125
127952,250,47.775
620274,96,22.103333333333335
115748,44,8.121666666666666
114354,232,89.855
122464,364,70.4
122603,41,4.155
129661,258,43.99
220886,292,49.855000000000004
616989,95,24.258333333333333
658805,85,10.888333333333332
121185,62,3.5949999999999998
617129,63,9.05
610020,95,23.8
122596,76,17.02
530538,70,16.529999999999998
518243,109,26.113333333333333
657373,128,25.39333333333333
118886,139,28.151666666666664
558158,53,7.71
237627,75,16.38
236571,57,14.108333333333333
621312,85,20.028333333333332
245390,60,10.770000000000001
120593,70,6.776666666666667
220168,41,4.715
539882,70,9.976666666666667
121186,53,7.795
217060,51,5.301666666666667
310809,84,5.276666666666667
219387,238,53.785
221458,78,5.258333333333334
555512,85,6.483333333333333
557483,85,7.1850000000000005
115492,12,2.0216666666666665
559369,69,5.680000000000001
611966,111,15.838333333333333
210365,69,8.296666666666667
228410,26,1.5416666666666667
565671,85,6.093333333333334
570125,55,3.7383333333333337
233480,15,5.495
657448,648,65.485
310174,76,24.65666666666667
623720,339,72.80833333333334
241012,235,72.05333333333333
234596,220,36.61
651163,119,15.713333333333333
310780,33,2.8866666666666663
110306,12,1.8933333333333333
237519,31,13.821666666666665
571955,14,0.44166666666666665
219612,203,63.611666666666665
559501,85,6.803333333333333
229655,34,16.666666666666668
250634,284,44.16
239511,28,48.16166666666666
690559,85,7.913333333333333
570168,23,10.020000000000001
565432,9,11.65
122212,18,9.764999999999999
310841,8,11.153333333333334
562270,32,9.198333333333332
310039,3,12.221666666666666
310056,66,16.616666666666667
239464,6,18.191666666666666
124729,13,14.668333333333333
537199,54,11.758333333333333
569800,9,14.841666666666667
119749,16,53.74
122516,5,58.94666666666667
310849,9,53.505
619893,39,55.75666666666667
310758,0,53.36833333333333
657384,18,75.27833333333334
569750,7,68.37833333333333
654219,84,121.67666666666668
217763,-13,168.185
626048,63,133.23666666666665
526714,18,97.105
250611,18,85.22
622593,11,67.71166666666666
242240,3,124.43666666666667
539038,16,86.49
658742,10,103.51333333333334
683687,12,69.66000000000001
130613,22,42.98166666666667
122200,14,46.30333333333333
122841,31,41.51833333333333
614437,114,121.67666666666668
642221,23,105.11833333333334
226914,0,57.22666666666667
228136,7,55.016666666666666
680444,86,121.67666666666668
122377,12,39.809999999999995
228489,94,121.67666666666668
616252,50,133.23666666666665
621607,12,69.875
132905,25,28.28166666666667
533594,13,26.666666666666668
549320,11,27.241666666666667
112482,14,35.766666666666666
126044,13,32.336666666666666
229745,13,32.27166666666667
123442,18,34.62166666666667
221105,13,37.781666666666666
224452,7,39.306666666666665
548138,9,37.10666666666667
515881,7,48.294999999999995
653270,29,35.555
123985,0,57.291666666666664
114852,18,26.14333333333333
615743,35,28.521666666666665
243361,12,32.10666666666667
310545,13,28.273333333333333
224150,11,33.55
125265,11,38.32
616729,11,32.47833333333333
