id_demanda,min_car,min_bike,min_foot,ratio_foot_car,ratio_bike_car
110023,148.04666666666665,893.0699999999999,1818.645,12.284268473904625,6.032354662944117
110042,32.695,168.75333333333336,427.1566666666667,13.064892695111384,5.161441606769639
110056,39.89833333333333,398.01,1077.5016666666666,27.00618238021638,9.975604661848866
110096,162.285,616.7566666666667,1361.9116666666666,8.392098263343295,3.800453933922831
110129,126.58333333333333,,,,
110131,265.1166666666667,1385.2933333333335,2875.8316666666665,10.847419375117871,5.225221600553216
110176,192.47833333333335,761.785,2279.2366666666667,11.841523288335482,3.9577701386303215
110184,158.20333333333335,648.5933333333334,1893.0733333333333,11.966077410926864,4.099745053833674
110187,80.53,334.76666666666665,836.725,10.390227244505153,4.157042923962084
110246,57.845,910.3583333333333,2590.45,44.78260869565217,15.73789149162993
110286,13.55,44.358333333333334,130.31333333333333,9.617220172201721,3.2736777367773677
110306,1.8933333333333333,4.736666666666666,10.216666666666667,5.39612676056338,2.5017605633802815
110339,20.745,87.49,234.965,11.326343697276451,4.217401783562304
110346,37.233333333333334,122.92666666666668,327.76666666666665,8.803043867502238,3.3015219337511192
110374,69.73333333333333,273.245,815.975,11.701362332695984,3.9184273422562144
110380,38.535,162.51166666666668,465.71666666666664,12.085549932961378,4.217248388910515
110460,138.80166666666668,393.12333333333333,957.0266666666666,6.8949220110229215,2.832266663464656
110578,111.52,1299.6783333333333,2160.9483333333333,19.37722680535629,11.654217479674797
110587,26.06,180.38333333333333,413.8366666666667,15.88014837554362,6.9218470196981325
110610,126.58333333333333,,,,
110612,57.845,910.3583333333333,2590.45,44.78260869565217,15.73789149162993
110623,101.35833333333333,277.65999999999997,740.9616666666666,7.310318178081065,2.7393899531365613
110669,108.045,621.5333333333333,1721.1016666666667,15.929489256019869,5.752541379363536
110673,118.155,744.8716666666667,1841.155,15.582539884050611,6.304190822789274
110684,1739.9183333333335,1755.32,1829.65,1.0515723439126932,1.0088519480320435
110699,29.19333333333333,123.295,313.2433333333333,10.729961178351221,4.223395752454898
110724,124.56833333333334,,,,
110732,195.25,1240.9,2554.6183333333333,13.083832693128468,6.355441741357235
110756,73.10666666666665,289.15,863.84,11.81615903702353,3.9551796461790993
110759,156.76833333333335,595.4833333333333,1762.4116666666666,11.242140738456957,3.798492467653969
110762,39.37,153.00166666666667,368.5183333333333,9.360384387435442,3.886250105833545
110770,1.7666666666666666,10.385,15.625,8.84433962264151,5.878301886792453
110827,21.773333333333333,194.96833333333333,411.38,18.893753827311695,8.954454990814451
110843,107.6,582.06,1290.0800000000002,11.989591078066917,5.409479553903346
110852,44.835,128.89333333333335,365.9583333333333,8.162335972640422,2.8748373666406457
110878,128.24166666666667,1012.065,2394.9283333333337,18.67511859120151,7.891857820521151
110886,25.551666666666666,69.57,192.46666666666667,7.532450590307221,2.722718674580914
110894,109.08666666666666,455.55833333333334,1319.7016666666668,12.097735745278985,4.176113793314185
110905,225.65333333333334,1359.3633333333335,2381.6533333333336,10.554478846608369,6.024122547861026
110914,441.8283333333333,,,,
110962,3.8133333333333335,13.821666666666665,35.56666666666667,9.326923076923077,3.6245629370629366
110983,51.68,161.39833333333334,445.77833333333336,8.625741744066048,3.1230327657378743
110989,126.31333333333333,,,,
111034,122.29333333333334,462.71,1363.6316666666667,11.150498800697775,3.783607719145224
111150,80.24499999999999,315.32,941.7466666666667,11.735892163582363,3.929466010343324
111192,85.67833333333333,342.385,613.455,7.159978213083822,3.9961678370649913
111251,147.98166666666665,674.7033333333333,1940.8566666666666,13.115521066798815,4.559371093266058
111265,113.19666666666667,616.2016666666666,1796.71,15.87246385347036,5.443637916310845
111271,31.751666666666665,66.475,195.325,6.151645582909033,2.093590887617448
111277,46.45666666666667,196.64,587.1066666666667,12.637726913970008,4.232761713424696
111319,0.0,0.0,0.0,,
111401,17.848333333333336,67.435,199.56666666666666,11.181249416378744,3.778223923802409
111426,195.13500000000002,1200.4416666666666,2401.976666666667,12.309307231745544,6.151852136555034
111427,158.69333333333333,693.3349999999999,1806.2716666666668,11.38215215930096,4.369024113594354
111467,21.116666666666667,67.04166666666667,199.22833333333335,9.434648776637728,3.174822415153907
111552,15.756666666666666,44.24166666666667,101.635,6.45028559339962,2.807806219589592
111595,7.191666666666666,21.485,58.565000000000005,8.143453070683663,2.9874855156431055
111628,114.53500000000001,608.8783333333333,1684.5666666666666,14.707876777113253,5.316089696017229
111656,84.46833333333333,338.48833333333334,912.39,10.80156271581066,4.0072808350269336
111683,65.825,225.98666666666668,558.2433333333333,8.48071907836435,3.4331434358779593
111693,125.83666666666666,416.845,1216.2633333333333,9.665412836746047,3.3125877460199735
111825,250.63,1358.9666666666667,2814.9100000000003,11.231337030682681,5.4222027158227935
111832,264.39500000000004,1886.9399999999998,3748.475,14.177556307797044,7.136821800714838
111845,30.351666666666667,914.26,2301.6666666666665,75.83328757344462,30.122233814727362
111855,57.223333333333336,550.55,1647.8016666666667,28.795974835440088,9.621075318925845
111869,136.73666666666668,647.4483333333334,1859.2216666666668,13.5970966090539,4.735001584554253
111875,84.22333333333333,435.57666666666665,847.9716666666667,10.068132346538965,5.171686389361618
111899,3.1933333333333334,7.293333333333334,18.573333333333334,5.816283924843424,2.2839248434237995
111914,156.98,596.0566666666667,1764.1283333333333,11.23791778145836,3.7970229753259446
111925,3859.6583333333333,3837.705,3875.938333333333,1.0042179899343422,0.994312104482478
111948,80.03999999999999,222.68166666666667,659.5,8.239630184907547,2.782129768449109
111977,184.08666666666667,825.81,1682.7216666666668,9.140920943034079,4.485984862202585
111979,53.04833333333333,104.56166666666667,312.34166666666664,5.887869552923434,1.9710641239121556
112060,46.501666666666665,235.36,687.8916666666667,14.792838966345293,5.061323966882908
112091,92.67,708.2416666666667,1791.1983333333333,19.32878313729722,7.642620769037085
112110,136.56166666666667,443.685,908.8166666666667,6.654991029693545,3.2489717709947885
112141,114.07333333333332,528.3966666666666,1580.8316666666665,13.858029922272221,4.632078779732336
112156,70.81666666666666,615.5033333333333,1330.2916666666667,18.785008237232294,8.691503883266652
112173,147.42000000000002,810.6316666666667,2204.786666666667,14.955817844706733,5.498790304345859
112238,0.0,0.08166666666666668,0.19499999999999998,,
112241,67.82166666666667,275.77333333333337,796.4633333333334,11.743493967021355,4.066153883960387
112259,20.771666666666665,173.665,517.0666666666667,24.892882933483115,8.360667576025035
112324,159.01000000000002,863.4866666666666,1840.3416666666667,11.573747982307191,5.43039221851875
112406,44.37833333333333,117.25500000000001,324.85999999999996,7.320238855297254,2.6421677244901796
112411,164.09833333333333,714.9266666666666,1585.965,9.664723387399832,4.356696696086696
112436,120.66666666666667,596.6683333333333,1332.9199999999998,11.046298342541435,4.9447651933701655
112474,65.015,265.18666666666667,784.1066666666667,12.060396318798226,4.078853597887667
112481,156.06333333333333,680.355,1882.445,12.062058138789807,4.359480125590038
112482,35.766666666666666,128.84,379.6683333333333,10.615144454799626,3.602236719478099
112607,287.68833333333333,1476.3266666666668,3144.6233333333334,10.930659915533592,5.131687648091396
112655,107.77833333333334,433.01666666666665,1295.2066666666665,12.0173194983531,4.017659702785037
112678,160.13500000000002,662.545,1490.8366666666666,9.309873960512483,4.137415305835701
112712,117.45333333333333,698.7116666666666,1865.96,15.88682029742309,5.94884493132024
112770,95.52166666666668,355.35333333333335,681.1516666666666,7.130860363268368,3.720133303090049
112774,7.703333333333333,27.238333333333333,76.65166666666667,9.950454348766769,3.5359151882302036
112775,37.07,681.5016666666667,1600.3783333333333,43.171792105026526,18.384183077061415
112795,56.52166666666667,223.56666666666666,388.4866666666667,6.873234452864684,3.955415327455548
112856,11.84,121.96000000000001,220.55499999999998,18.62795608108108,10.300675675675677
112890,135.185,584.56,1521.0383333333334,11.251531851413496,4.324148389244368
112895,46.125,450.84166666666664,1132.6816666666666,24.556784101174344,9.774345076784101
112969,81.115,213.22166666666666,638.5416666666666,7.872054079598923,2.6286342435636647
112982,62.20333333333333,634.2433333333333,1443.4183333333335,23.204838968972727,10.196291731418466
113002,9.583333333333334,25.845000000000002,76.10333333333332,7.941217391304346,2.6968695652173915
113009,21.425,65.36833333333333,186.94833333333332,8.725709840528976,3.051030727343446
113039,79.84166666666667,218.40666666666667,572.3966666666668,7.169147270639809,2.735497338482413
113051,69.17333333333333,276.575,826.0716666666667,11.942053777949114,3.9982893215111797
113139,39.519999999999996,858.9416666666667,2183.1266666666666,55.241059379217276,21.734353913630233
113159,191.355,717.3916666666667,1933.1699999999998,10.102531943246845,3.7490092585334414
113290,25.36,95.45,219.58166666666665,8.658583070452154,3.763801261829653
113295,119.58500000000001,345.96,907.2516666666667,7.586667781633705,2.89300497554041
113297,42.01166666666666,296.9866666666667,848.0300000000001,20.185583369698897,7.069147459039157
113321,70.265,1555.3066666666666,2553.8283333333334,36.345667591736046,22.134870371688134
113330,101.23666666666666,835.48,2424.5783333333334,23.949606532547495,8.252741101708867
113334,108.70666666666666,1294.9866666666667,2146.8816666666667,19.749310069912916,11.912670182754814
113401,60.94833333333334,265.73333333333335,723.3433333333334,11.868139681150701,4.3599770297246305
113408,84.50166666666668,775.425,1581.3,18.71324037001242,9.176446223940355
113446,38.236666666666665,104.01166666666667,295.5933333333333,7.730625054485223,2.720207479731497
113456,58.43666666666666,296.22,605.7633333333334,10.366151388968117,5.069077633905654
113514,90.46000000000001,628.2566666666667,1880.3516666666667,20.786553909646987,6.945132286830274
113752,10.953333333333335,18.216666666666665,54.04666666666667,4.934266585514302,1.663116250760803
113762,85.33833333333334,353.8316666666667,1001.6816666666667,11.737769271331757,4.146221901060485
113818,57.294999999999995,250.34333333333333,700.0083333333333,12.217616429589553,4.369374872734678
113824,0.0,0.08166666666666668,0.19499999999999998,,
113840,108.84166666666667,340.14000000000004,1003.7916666666666,9.222494449123344,3.1250899624837305
113881,114.24166666666666,480.65833333333336,1438.5316666666665,12.592005252024217,4.207382011817055
113882,93.73666666666666,736.8050000000001,1574.0483333333332,16.792237118167915,7.860371252800399
113901,0.0,0.0,0.0,,
113952,196.46666666666667,756.7333333333333,1773.65,9.02774007465219,3.8517136070580253
114017,119.02166666666668,589.5266666666666,1686.575,14.170319129570245,4.953103776623303
114068,116.48166666666665,608.275,1377.6850000000002,11.827483581107186,5.222066419608236
114086,45.315000000000005,129.70666666666665,358.77666666666664,7.917393063371215,2.8623340321453523
114087,7.36,19.398333333333333,53.440000000000005,7.260869565217392,2.635643115942029
114122,69.51,532.5849999999999,1333.8583333333333,19.189445163765406,7.661991080420082
114136,97.235,1241.9283333333333,2068.5899999999997,21.274129685812717,12.772441336281517
114153,165.92166666666665,6759.198333333334,11071.141666666666,66.72511124727532,40.737285666931186
114194,75.52,198.87833333333336,559.4183333333333,7.407552083333333,2.6334525070621475
114205,54.85,796.2716666666668,2363.3283333333334,43.08711637800061,14.517259191735036
114222,80.06333333333333,222.765,660.5683333333333,8.250572463466423,2.78235979849286
114226,0.4216666666666667,2.3916666666666666,3.225,7.648221343873518,5.67193675889328
114266,13.458333333333334,54.215,152.315,11.317523219814241,4.028359133126935
114296,120.98833333333333,909.4883333333333,2041.4933333333333,16.873472648877993,7.517157301668205
114315,136.56166666666667,433.64000000000004,887.5983333333334,6.499615558294788,3.1754152580641226
114352,140.41666666666666,404.5433333333333,1116.0983333333331,7.94847477744807,2.881020771513353
114354,89.855,563.7716666666668,903.8050000000001,10.058483111679928,6.274238124385585
114355,71.78999999999999,279.84833333333336,677.895,9.442749686585877,3.898152017458328
114362,96.25666666666666,349.085,798.4599999999999,8.295113758354399,3.626605949371472
114375,110.44333333333334,532.7616666666667,1040.0516666666667,9.417061539854526,4.823846316361331
114408,2205.588333333333,3303.741666666667,3353.945,1.5206577534490044,1.4978958750990856
114413,44.83833333333334,176.06,506.34666666666664,11.29271828420622,3.9265509422740954
114454,20.903333333333332,49.735,144.57833333333335,6.916520491149738,2.379285600382714
114464,163.47166666666666,1207.3783333333333,2308.5,14.121713242865736,7.385856876319036
114488,275.28,2063.0916666666667,3977.7083333333335,14.449681536375087,7.494520730407828
114507,50.24333333333333,836.7483333333333,1916.73,38.14894181649307,16.653917601008427
114533,125.00666666666666,345.865,898.7383333333333,7.189523225427978,2.766772438803264
114565,5.198333333333333,13.618333333333334,39.48166666666667,7.595062520038474,2.6197499198461047
114566,28.523333333333333,72.39666666666668,211.10333333333335,7.40107514315765,2.538155895757859
114605,129.43166666666667,494.955,1105.5533333333333,8.541598526893212,3.824064178008988
114611,124.97666666666667,818.435,2112.7633333333333,16.90526231563225,6.548702424452563
114634,156.69166666666666,880.91,2093.0383333333334,13.357687603042068,5.621932670318566
114635,195.28333333333333,5674.343333333333,9756.878333333332,49.96267815993855,29.056977041904926
114670,443.425,,,,
114691,59.41833333333333,546.9599999999999,1149.6833333333334,19.348966368404817,9.205239684721326
114698,137.69833333333332,412.80333333333334,704.145,5.113678451687869,2.997881843159564
114731,138.09666666666666,814.61,2173.153333333333,15.736464795191774,5.898838977527819
114733,1739.9183333333335,3582.24,3602.175,2.0703126870897197,2.0588552527848525
114739,19.323333333333334,62.985,184.83166666666665,9.565206141107469,3.259530791788856
114743,113.74333333333334,744.0400000000001,1898.375,16.68998915687366,6.541394367435454
114756,105.37333333333332,815.2416666666667,1939.605,18.406981526002784,7.736698089333165
114762,302.89500000000004,40.35333333333333,79.055,0.26099803562290563,0.13322548517913246
114779,77.70833333333333,275.95,811.33,10.440707774798929,3.5510991957104556
114808,32.913333333333334,122.24,343.27333333333337,10.429613125379786,3.7139963540611705
114814,82.14333333333335,285.665,840.4083333333333,10.230998660877326,3.477640709329221
114817,54.11333333333334,769.23,1713.0416666666667,31.6565541456203,14.215165701613897
114823,14.638333333333332,49.93833333333334,126.07833333333333,8.612888534669247,3.411476716383924
114831,89.98,794.2783333333333,2355.8316666666665,26.181725568644882,8.827276431799659
114849,96.02333333333333,375.135,924.3533333333332,9.626340819939598,3.9067067032318534
114852,26.14333333333333,96.08166666666666,279.83,10.703684814484253,3.6751880657911515
114868,11.586666666666668,182.6,456.5733333333334,39.40506329113924,15.759493670886075
114894,75.60333333333332,291.02333333333337,551.6733333333334,7.296944579163178,3.849345266963539
114902,42.281666666666666,183.83333333333334,434.0833333333333,10.266466947849738,4.347826086956522
114963,9.03,33.96666666666667,70.31,7.786267995570322,3.7615356220007388
114981,67.82166666666667,275.82,636.9816666666667,9.392008453542378,4.066841962991178
114995,126.58333333333333,,,,
115021,111.92833333333333,588.725,1233.1583333333333,11.017392081242463,5.2598388850008195
115059,70.02,1582.74,2656.1216666666664,37.933757021803295,22.604113110539846
115097,65.31333333333333,239.04,703.9516666666666,10.778069817291007,3.659895886495866
115121,8.08,23.873333333333335,65.315,8.083539603960396,2.9546204620462047
115135,145.75666666666666,882.5116666666667,2192.536666666667,15.042445171175705,6.054691609303177
115183,142.70333333333335,883.0833333333334,1925.9133333333334,13.495923944780547,6.18824601153909
115275,10.18,37.12166666666667,79.155,7.775540275049116,3.6465291421087103
115325,81.115,213.22166666666666,638.5416666666666,7.872054079598923,2.6286342435636647
115327,77.09833333333333,247.60166666666666,686.9166666666666,8.909617587928835,3.2115047882574204
115481,57.318333333333335,189.68666666666667,561.9599999999999,9.804192957459799,3.309354191503591
115492,2.0216666666666665,6.983333333333333,16.62,8.220939818631493,3.4542456718878816
115512,467.335,,,,
115570,2.7116666666666664,5.11,13.558333333333334,5.000000000000001,1.8844499078057777
115580,37.14,346.9583333333333,577.3516666666667,15.545279124035183,9.34190450547478
115582,45.736666666666665,212.13833333333332,348.0133333333333,7.609066394577654,4.638255229210698
115654,106.37833333333333,420.40833333333336,1237.76,11.635452081407555,3.9520109044761624
115680,0.0,39.61333333333334,95.095,,
115748,8.121666666666666,265.375,763.27,93.97947876051714,32.67494356659142
115759,60.11,204.96,428.0683333333333,7.121416292352909,3.4097487938778905
115777,18.751666666666665,40.080000000000005,119.04166666666667,6.348324593369479,2.1374100079992893
115804,110.3,584.2216666666667,1131.6966666666667,10.260169235418557,5.296660622544576
115815,36.995,238.57999999999998,444.84666666666664,12.024507816371582,6.448979591836735
115872,159.49833333333333,696.0066666666667,1814.5149999999999,11.376388468009068,4.363723758868954
115886,69.57333333333332,573.0316666666666,1413.26,20.313242621694137,8.236369298581833
115923,193.21,1195.3233333333333,2386.625,12.352492107033797,6.186653554853958
115946,266.1933333333333,2091.825,4023.188333333333,15.113783215206992,7.858292218688171
115984,26.695,81.79833333333333,244.39,9.15489792095898,3.0641818068302427
115989,47.72666666666667,345.7933333333333,565.2583333333333,11.843658332169298,7.245285654421008
115990,18.955,133.73999999999998,353.05833333333334,18.62613206717665,7.0556581376945395
116114,144.31166666666667,723.8349999999999,1414.1850000000002,9.799519558363265,5.015776040283183
116142,106.69,416.7183333333333,1237.8716666666667,11.60250882619427,3.905879963757928
116164,111.40166666666667,340.0133333333333,862.495,7.742209123142981,3.0521386574108704
116220,100.28666666666666,354.25333333333333,1016.6483333333333,10.13742272153161,3.532407099647677
116223,151.785,81.00333333333333,240.98166666666665,1.5876513928692997,0.5336715310032831
116244,111.03666666666666,339.84666666666664,837.6366666666667,7.543784335504789,3.060670649335054
116317,138.67333333333332,757.6166666666667,2183.5716666666667,15.746154031056202,5.463319071198501
116351,52.32166666666667,265.38,739.7516666666667,14.138534068104352,5.072086133851495
116359,114.07333333333332,679.9050000000001,1474.8683333333333,12.92912453976974,5.960244871719947
116409,34.986666666666665,427.47,994.3333333333334,28.4203506097561,12.218083079268295
116414,41.68,198.06166666666667,371.69166666666666,8.917746321177223,4.7519593730006395
116504,209.29833333333332,852.8316666666667,2009.505,9.601151466407602,4.074717906656368
116543,89.83500000000001,475.40833333333336,896.1083333333333,9.97504684514202,5.292016845698595
116554,111.42333333333333,777.8916666666667,1930.2583333333334,17.323645555987675,6.981407245639752
116586,163.88166666666666,880.135,1624.5333333333333,9.912843616837351,5.370551922627099
116626,93.13333333333334,376.9916666666667,1107.47,11.891231209735146,4.047870436649964
116679,0.0,39.61333333333334,95.095,,
116764,33.75,776.8616666666666,1731.6733333333332,51.30883950617284,23.01812345679012
116846,175.82166666666666,662.1816666666667,1500.8766666666668,8.536357862606998,3.766211976150077
116884,82.855,242.90166666666667,506.555,6.113752941886428,2.931647657554362
116941,180.29,726.715,2174.71,12.062288535137835,4.0308114704087865
116959,82.77666666666667,681.8416666666667,1712.3966666666668,20.68694881810494,8.237123988241454
117001,44.60666666666667,241.69833333333332,572.3,12.829920789119711,5.418435211478104
117020,76.70833333333333,321.87666666666667,779.6933333333333,10.164388919065726,4.196110809342748
117048,153.71833333333333,691.4449999999999,1554.8666666666666,10.115037243443092,4.498129696089167
117061,65.61833333333333,143.26000000000002,425.90833333333336,6.490691117827844,2.183231312387291
117083,149.95833333333334,1414.2283333333332,2352.2483333333334,15.686012781328147,9.430808557932759
117087,4.088333333333334,9.104999999999999,21.209999999999997,5.187933143090093,2.2270688952303295
117110,93.58500000000001,376.15333333333336,1109.53,11.855852967890153,4.019376324553436
117241,139.78166666666667,583.2466666666667,1317.2766666666669,9.423815712599412,4.1725548176322595
117275,110.28333333333333,510.8283333333333,1172.365,10.630482091582289,4.631963125283361
117311,17.958333333333332,66.13833333333334,165.415,9.211044083526682,3.6828770301624134
117371,71.425,594.7366666666666,1477.3733333333332,20.684260879710653,8.326729669816823
117426,12.101666666666667,23.496666666666666,69.03500000000001,5.70458614515907,1.9416058394160585
117440,126.58333333333333,,,,
117453,40.538333333333334,206.96666666666667,540.4216666666666,13.33112691690992,5.1054557414792585
117490,22.763333333333332,136.44,358.815,15.762849611949042,5.993849758383365
117493,44.10666666666667,171.99666666666664,339.50166666666667,7.697286880290205,3.899561668681982
117508,161.54666666666665,639.4616666666666,1257.6666666666667,7.785160118851107,3.9583711620997026
117559,36.74333333333333,326.26500000000004,442.55333333333334,12.044452508391545,8.879569990020867
117683,128.57833333333332,597.0949999999999,1786.7766666666669,13.896405563404931,4.643822831736814
117692,97.67,280.10999999999996,833.4599999999999,8.533428893211834,2.8679225964984125
117696,105.315,404.9216666666667,1190.075,11.300147177515074,3.844862238680783
117723,1.845,5.2316666666666665,9.698333333333332,5.256549232158988,2.8355916892502258
117756,12.671666666666665,40.440000000000005,117.365,9.262001841378405,3.191371826910431
117801,10.853333333333333,45.586666666666666,134.60166666666666,12.401873464373464,4.2002457002457
117824,125.69,437.42833333333334,1299.3216666666667,10.337510276606466,3.4802158750364653
117840,136.01833333333335,628.95,1643.385,12.082084522919704,4.624009018392129
117874,95.055,390.46666666666664,1167.7666666666667,12.28516823593358,4.107797240194273
118024,147.65333333333334,652.9133333333334,1877.8116666666667,12.7177058876648,4.421934260429836
118041,91.20166666666667,2204.55,5617.9400000000005,61.59909358381609,24.17225562398348
118098,90.03500000000001,1091.655,3067.54,34.07052812795024,12.124784805908812
118155,174.375,697.8416666666667,1597.075,9.158853046594983,4.001959378733573
118156,35.98833333333334,116.80333333333333,328.40833333333336,9.12541101282823,3.2455888482378543
118160,24.045,158.52,419.32666666666665,17.43924585845983,6.592638802245789
118196,126.11833333333334,3234.838333333333,3241.2166666666667,25.699805737997384,25.649231541805975
118197,68.94833333333332,852.85,2164.865,31.398365926176606,12.369407043921779
118213,149.15666666666667,653.9766666666667,1370.54,9.188593648736228,4.384495049947483
118241,208.68666666666667,1583.3233333333333,3413.438333333333,16.356762930070598,7.587084305018688
118288,127.83166666666666,723.9150000000001,1268.3433333333335,9.921980729866101,5.663033416341804
118350,10.753333333333334,22.495,58.019999999999996,5.39553626782393,2.091909485430874
118361,47.559999999999995,94.78,255.29,5.367746005046258,1.992851135407906
118373,147.63500000000002,652.865,1877.6666666666667,12.718303022092773,4.42215599282013
118382,119.74666666666667,703.2933333333333,1334.3483333333331,11.143093753479565,5.873176706380136
118393,101.525,541.3183333333333,1049.2066666666667,10.334466059262907,5.33187228104736
118402,75.02166666666668,625.3016666666666,1261.9883333333335,16.821651522893386,8.334947681780818
118437,111.03166666666667,466.39166666666665,1395.4350000000002,12.567901049250215,4.2005283777901194
118456,54.46333333333334,274.5366666666667,574.215,10.54314829548932,5.040761368504804
118458,169.1,81.00333333333333,240.98166666666665,1.425083776857875,0.4790262172284644
118487,81.115,213.22166666666666,638.5416666666666,7.872054079598923,2.6286342435636647
118518,109.43,797.6766666666666,1886.8683333333333,17.242697005696183,7.289378293581893
118526,161.27,597.3083333333333,1718.2416666666666,10.654440792873235,3.7037783427378512
118572,19.858333333333334,64.53,185.34833333333333,9.33352916491817,3.24951741502308
118592,73.94,252.50333333333336,540.0716666666666,7.304188080425569,3.414976106753224
118666,112.33999999999999,2168.135,3395.7683333333334,30.22759776867842,19.299759658180527
118684,33.57666666666667,772.4216666666667,1175.2733333333333,35.002680432840265,23.004715576293062
118686,110.80666666666666,788.13,2359.2316666666666,21.291423500391073,7.112658684796343
118720,11.74,43.18333333333333,127.19833333333332,10.834611016467916,3.678307779670641
118736,262.6333333333333,1477.7466666666667,3148.945,11.989890849092525,5.6266531285696155
118759,107.55,437.64666666666665,868.125,8.071827057182706,4.069239113590578
118803,441.8283333333333,,,,
118809,179.94666666666666,700.4233333333334,1581.625,8.789409825133374,3.892394042679313
118819,284.385,1568.785,3421.36,12.030732985213708,5.516412609666474
118857,64.48666666666666,298.225,692.9483333333334,10.74560632688928,4.624599400392847
118886,28.151666666666664,718.0916666666667,1678.2316666666666,59.61393641584276,25.507962820436923
118918,105.46499999999999,374.04,874.4416666666667,8.291297270816544,3.5465794339354293
118930,1.845,3.2233333333333336,5.403333333333333,2.928635953026197,1.74706413730804
118949,91.37666666666668,257.42333333333335,770.8733333333333,8.436216393681828,2.817167037536935
119057,91.86,629.5433333333333,1870.2083333333333,20.359333043036504,6.853291240293199
119089,0.0,0.0,0.0,,
119096,70.23,346.21666666666664,558.12,7.947031183255019,4.9297546157862255
119125,217.02833333333334,3919.9716666666664,4992.571666666667,23.00423907784698,18.06202723146747
119230,467.8183333333333,,,,
119232,149.29833333333332,586.385,1728.865,11.579935029415378,3.9276058004666274
119262,9.423333333333334,53.975,143.2133333333333,15.19773611602405,5.72780332507959
119302,165.40833333333333,565.9733333333334,1169.4766666666667,7.07024031437352,3.4216736359514335
119313,40.068333333333335,281.905,543.6666666666666,13.568487167755084,7.035605840023292
119332,78.25166666666668,852.49,2511.8566666666666,32.0997209857085,10.894208856041404
119422,185.435,530.4616666666667,1283.88,6.9236120473481275,2.8606340047276224
119450,177.56333333333333,924.4283333333333,1584.2433333333333,8.922131070603916,5.206189340892451
119452,293.205,1485.4983333333332,3172.241666666667,10.81919362448344,5.066415420382781
119502,159.78833333333333,632.0949999999999,1402.145,8.775014863413057,3.9558269794415524
119510,3.54,25.386666666666667,43.135,12.18502824858757,7.171374764595104
119589,72.80166666666668,1085.3383333333334,3060.5716666666663,42.039857146127595,14.908152285890889
119597,42.605000000000004,206.92166666666665,319.35833333333335,7.495794703282087,4.856746078316315
119598,97.35833333333333,587.0116666666667,1140.0566666666666,11.709903278267568,6.029393135324831
119604,145.53833333333333,871.1550000000001,1784.65,12.262405093732466,5.9857425878634505
119609,137.69833333333332,412.6933333333333,703.88,5.111753954901415,2.997082995436885
119721,256.29333333333335,1507.8966666666668,3239.1133333333332,12.6383050671106,5.883479866819269
119749,53.74,323.51500000000004,688.3316666666667,12.808553529338791,6.020003721622628
119789,123.86,631.4916666666667,1748.7516666666668,14.118776575703752,5.098431024274719
119805,82.15833333333333,334.98833333333334,604.4816666666667,7.357521046759307,4.07735064408155
119812,126.58333333333333,,,,
119828,97.82166666666667,606.9433333333333,1383.8016666666667,14.146167345339308,6.204589985177107
119888,4922.591666666666,4958.683333333333,5125.91,1.0413031076109978,1.0073318424745774
119892,21.21333333333333,78.32833333333333,225.43666666666667,10.627121307353868,3.6924104336895036
119895,86.105,261.71666666666664,601.6366666666667,6.987244256043977,3.0395060294601546
119918,125.71000000000001,592.3349999999999,1771.9783333333332,14.095762734335638,4.7119163153289305
120008,23.021666666666665,79.03500000000001,217.97333333333333,9.46818214725259,3.4330702960978794
120039,87.16333333333334,811.23,2406.536666666667,27.60950705571915,9.307009828291712
120044,77.92333333333333,500.7433333333333,1256.3433333333335,16.12281302134577,6.426102579458441
120058,208.42666666666668,1380.9883333333335,2974.7916666666665,14.272605872569088,6.625775652507677
120141,20.451666666666664,66.69666666666667,186.80833333333334,9.13413739711515,3.2611849075055015
120158,34.875,437.69166666666666,646.86,18.54795698924731,12.550298685782556
120159,20.208333333333332,45.690000000000005,103.905,5.141690721649485,2.260948453608248
120183,296.5933333333333,40.35333333333333,79.055,0.26654341522623576,0.13605610375598462
120256,81.7,330.2,804.6616666666666,9.848980008159934,4.041615667074663
120264,71.05666666666666,208.94500000000002,584.1866666666666,8.221419524323311,2.9405404137542814
120291,9.156666666666666,15.895000000000001,44.440000000000005,4.853294503094285,1.7358937022206045
120310,37.690000000000005,220.48166666666665,283.17333333333335,7.513221897939329,5.8498717608561055
120406,106.01666666666667,371.185,1058.3116666666667,9.982502751139759,3.5011947806948593
120439,196.81166666666667,757.6533333333333,1776.4133333333334,9.02595543963349,3.849636285111824
120450,23.813333333333333,71.93833333333333,211.99666666666664,8.902435610302351,3.0209266517357225
120500,233.61666666666667,846.7,2534.3533333333335,10.848341299850182,3.624313333808946
120542,79.555,229.08666666666667,488.72333333333336,6.143213290595605,2.8796011145329223
120565,2.585,9.046666666666665,13.185,5.100580270793037,3.4996776273372014
120593,6.776666666666667,295.3383333333333,856.85,126.44121987211017,43.58165272995572
120633,83.81666666666666,427.445,656.2033333333333,7.829031616623583,5.099761383972957
120668,168.61333333333332,715.4916666666667,2064.5566666666664,12.244326269176023,4.243387237071011
120711,62.285,558.5016666666667,1411.9883333333335,22.669797436514948,8.966872708784887
120719,140.77333333333334,865.9283333333333,1940.2866666666666,13.783055502936161,6.151224190187535
120770,35.593333333333334,136.15,405.2316666666667,11.385044015733284,3.825154523318974
120841,158.82999999999998,917.8866666666667,2002.7733333333333,12.609540598963253,5.779050976935508
120857,78.045,322.77333333333337,923.8449999999999,11.837337433531935,4.13573365793239
120868,78.61,695.8533333333332,1690.805,21.508777509222746,8.851969639146843
120883,7.928333333333333,36.16833333333333,84.51833333333335,10.660290098801768,4.56190876602901
120915,37.50666666666667,234.83666666666667,397.6566666666667,10.602292925702098,6.2611980092428015
120935,160.99833333333333,892.4416666666667,1924.5683333333334,11.953964326752866,5.543173324775619
120937,23.88,226.2133333333333,663.3683333333333,27.77924343941932,9.472920156337242
120973,30.421666666666667,110.83666666666666,208.53,6.854654029474607,3.643346299238481
120997,88.99833333333332,581.2633333333334,1299.905,14.60594767692279,6.531170995711532
121023,338.455,856.2133333333334,2546.0033333333336,7.522427895387374,2.5297700826796277
121033,137.14166666666668,721.3333333333334,1978.26,14.424937716473233,5.259767879929513
121072,108.40166666666667,857.0316666666666,1978.59,18.25239464337879,7.906074629848864
121090,83.47,696.7783333333333,2068.57,24.782197196597583,8.347649854239048
121154,17.584999999999997,310.19166666666666,475.9266666666666,27.064354089659748,17.639560231257704
121185,3.5949999999999998,11.663333333333332,32.708333333333336,9.09828465461289,3.244320815948076
121186,7.795,311.67,889.0483333333334,114.05366688047894,39.98332264271969
121205,81.35,230.68833333333333,690.6633333333334,8.490022536365501,2.8357508707232126
121210,177.79500000000002,700.4233333333334,1581.625,8.895778846424252,3.939499610975187
121221,35.391666666666666,711.675,1651.3483333333331,46.6592418177537,20.108547209795148
121234,44.97,189.845,555.08,12.34334000444741,4.221592172559484
121241,86.55,530.97,718.5133333333334,8.301713845561334,6.134835355285962
121256,77.58833333333334,320.7816666666667,917.8816666666667,11.830150581058147,4.134405945911112
121284,6.126666666666667,10.316666666666666,29.251666666666665,4.774483133841131,1.6838955386289445
121293,158.92999999999998,648.0816666666667,1574.4350000000002,9.906468256465113,4.0777805742570115
121297,160.03833333333333,664.2216666666667,1988.2350000000001,12.423492288305928,4.150391052143758
121345,88.205,837.23,2423.4033333333336,27.47467074806795,9.49186554050224
121378,71.69166666666666,632.1016666666667,1468.8633333333335,20.48862024875044,8.816947576426829
121384,75.70166666666667,313.6433333333333,810.3416666666667,10.704409854472601,4.143149644437595
121504,31.955,146.56166666666667,437.24,13.682991707088094,4.586501851562093
121551,253.19333333333333,1516.0,3263.385,12.888905711050844,5.987519418626083
121578,869.2566666666667,881.3766666666667,938.1733333333334,1.0792822986689778,1.0139429474225103
121594,77.66666666666667,304.56333333333333,910.0233333333333,11.71703862660944,3.921416309012875
121600,68.55333333333333,281.33,822.17,11.993144024117475,4.103812117086454
121611,81.75500000000001,340.13,958.3816666666667,11.722606160683341,4.160357164699406
121642,15.286666666666667,22.665000000000003,65.92333333333333,4.312472743131269,1.4826646314871348
121644,28.813333333333333,122.26166666666667,202.63500000000002,7.032681628875522,4.243232299861176
121664,169.1,81.00333333333333,240.98166666666665,1.425083776857875,0.4790262172284644
121773,20.916666666666668,65.80333333333333,180.71666666666667,8.639840637450199,3.1459760956175296
121779,13.648333333333333,39.18666666666666,112.95166666666667,8.275857858102333,2.8711686408596893
121809,168.60666666666665,900.5266666666666,1512.5333333333333,8.970780119410067,5.340990866316081
121842,248.315,1144.7583333333334,2130.4100000000003,8.579465598131407,4.610105444026069
121872,98.71833333333333,334.665,922.0283333333333,9.339990883152403,3.3900997788320306
121967,34.00833333333333,112.69333333333334,315.6,9.280078412153884,3.313697623131586
121975,11.84,145.99666666666664,277.7083333333333,23.45509572072072,12.330799549549548
122039,132.39666666666668,365.14166666666665,906.1916666666667,6.844520254789899,2.7579370074775293
122068,129.57166666666666,533.39,1553.085,11.986301017454949,4.116563549129825
122168,11.74,35.40333333333333,99.02333333333333,8.434696195343554,3.015616127200454
122188,39.6,661.245,1277.4733333333331,32.259427609427604,16.69810606060606
122200,46.30333333333333,168.89,499.865,10.795443092649919,3.6474695846231375
122212,9.764999999999999,42.25833333333333,121.75333333333333,12.468339307048986,4.327530295272231
122293,167.495,625.9699999999999,1849.6016666666667,11.042727643611252,3.7372458879369526
122318,138.675,399.28,1105.5366666666666,7.972141097289826,2.8792500450694063
122323,40.07833333333333,144.16333333333333,386.89833333333337,9.653553457811785,3.59703913170042
122363,11.431666666666667,41.51833333333333,109.27666666666667,9.559119405161102,3.63187053506342
122377,39.809999999999995,140.15,406.06333333333333,10.20003349242234,3.5204722431549866
122464,70.4,544.0849999999999,1326.97,18.84900568181818,7.728480113636362
122480,148.69166666666666,731.0783333333333,1983.71,13.341097349100489,4.916740458443087
122483,232.53,5829.134999999999,9942.43,42.75762267234335,25.06831376596568
122500,85.64666666666668,793.295,2352.2033333333334,27.464038296878645,9.262415349887132
122516,58.94666666666667,336.6816666666667,721.77,12.244458267360324,5.711631983714091
122542,18.0,57.25333333333333,156.13333333333333,8.674074074074074,3.1807407407407404
122570,28.98166666666667,57.445,168.85166666666666,5.826154465466674,1.9821151302547586
122596,17.02,262.63666666666666,618.5400000000001,36.34195064629848,15.431061496278888
122600,90.03500000000001,1091.3416666666667,3066.79,34.06219803409785,12.12130467781048
122603,4.155,273.705,792.48,190.7292418772563,65.87364620938628
122626,63.85,153.32333333333332,396.51666666666665,6.21012790394153,2.4013051422605063
122649,9.16,18.476666666666667,49.394999999999996,5.3924672489082965,2.017103347889374
122679,5.241666666666666,33.55166666666666,43.42333333333333,8.284260731319556,6.400953895071542
122742,104.75333333333333,400.3233333333334,982.6316666666667,9.38043339909629,3.821580856615542
122758,179.22333333333333,872.4316666666667,1980.1899999999998,11.04872877415515,4.867846448565105
122840,0.0,3872.195,4849.858333333334,,
122841,41.51833333333333,151.51666666666668,427.81166666666667,10.304162819637911,3.6493918349323597
122892,467.8183333333333,,,,
122925,90.53666666666666,635.9933333333333,1882.5449999999998,20.793177718051616,7.024704539597217
122981,83.52833333333334,479.745,1435.0,17.17979926970888,5.743500209509747
123090,31.381666666666668,132.07333333333332,305.905,9.74788889478995,4.208614371448298
123124,190.00166666666667,700.4233333333334,1581.625,8.3242690853589,3.6864062595942144
123157,26.863333333333333,90.83666666666666,266.065,9.904392604541506,3.381436902841543
123163,0.0,0.08166666666666668,0.19499999999999998,,
123182,146.03833333333333,789.1766666666666,2140.4216666666666,14.656574187142645,5.4039008023007655
123232,121.02166666666668,650.9966666666667,1197.0183333333334,9.89094239323537,5.379174527977083
123324,84.75333333333333,349.8833333333333,1004.265,11.849268465350429,4.1282545425941946
123328,138.985,650.0566666666667,1289.0816666666665,9.274969720953099,4.677171397393004
123374,92.81,400.065,1196.5466666666666,12.89243256832956,4.31058075638401
123411,81.115,3242.05,3247.2783333333336,40.03301896484416,39.9685631510818
123414,67.82166666666667,248.82666666666668,580.395,8.55766348020544,3.6688373921804733
123442,34.62166666666667,124.28999999999999,366.19166666666666,10.576950849660616,3.5899484908294417
123448,178.54500000000002,921.6033333333332,2040.5916666666667,11.429004826047587,5.161742604572142
123486,41.02833333333333,139.78333333333333,407.90999999999997,9.942153796157127,3.4069951659422353
123517,112.08666666666666,652.6566666666666,1951.375,17.40951941949682,5.822785939451615
123533,450.26500000000004,,,,
123587,81.08500000000001,296.7683333333333,877.9116666666666,10.827053914616348,3.659965879426938
123594,99.44,314.815,712.0883333333334,7.160984848484849,3.165878921962993
123599,77.055,570.6633333333334,1362.2066666666665,17.67836826509203,7.4059221768001215
123701,137.91333333333333,650.5916666666667,1868.6566666666665,13.549499685793009,4.71739498235607
123718,230.57166666666666,817.3933333333333,1954.35,8.476106488944145,3.5450727539521334
123727,120.18166666666666,676.9166666666666,1976.1183333333333,16.44276026570886,5.63244532582618
123728,148.51666666666668,642.31,1846.115,12.430355740096509,4.324834474245314
123780,152.48999999999998,604.8966666666668,1331.1516666666669,8.729435809998472,3.9667956368723645
123792,55.67833333333333,246.57000000000002,412.925,7.416260065255786,4.428473074505344
123805,19.185,48.24333333333333,120.02,6.255929111284858,2.5146381721831292
123829,145.37333333333333,372.8,1026.2333333333333,7.059295606713748,2.564431807759332
123860,73.69333333333334,266.5466666666667,590.6483333333333,8.014949339605572,3.616971232133164
123862,114.57833333333333,307.595,829.63,7.240723231559195,2.6845825999679986
123873,15.736666666666668,53.84666666666667,158.775,10.089493751323872,3.421732683753442
123891,82.96166666666666,340.92833333333334,1011.1966666666667,12.188721698776545,4.10946822829821
123932,124.645,352.2933333333333,1047.4183333333333,8.403211788144999,2.8263735675986466
123985,57.291666666666664,283.39666666666665,525.59,9.173934545454546,4.94656
123990,49.65,210.05166666666668,618.11,12.449345417925478,4.230647868412219
124010,47.263333333333335,99.68,298.0833333333333,6.306862261090344,2.1090344876225404
124033,183.93666666666667,914.9,1896.7866666666666,10.312172668128522,4.973994672079158
124053,140.56666666666666,548.75,1400.2,9.961109793692199,3.903841593549917
124061,61.07,279.77833333333336,723.4599999999999,11.846405763877517,4.581272856285138
124071,119.90666666666667,495.2116666666667,1482.0666666666666,12.36016902034916,4.129976092516402
124093,346.0833333333333,,,,
124111,35.96,169.52833333333334,424.84833333333336,11.814469781238413,4.714358546533185
124133,107.15833333333333,901.0016666666667,1982.7433333333333,18.502931798740182,8.40813438058947
124138,14.486666666666668,58.86333333333334,169.835,11.723538886332259,4.063276576161988
124147,3864.1266666666666,3845.3066666666664,3898.423333333333,1.008875657975325,0.9951295592449523
124239,117.03,1041.9383333333333,2484.52,21.229770144407418,8.903172975590303
124258,43.044999999999995,196.40666666666667,308.5066666666667,7.167073217950209,4.56282185309947
124289,96.00333333333333,761.36,1996.5633333333333,20.79681261067324,7.9305579667372665
124340,7.623333333333333,288.61333333333334,831.2416666666667,109.0391342369917,37.85920419763883
124438,114.86666666666666,767.9766666666667,1970.4333333333334,17.154091700522347,6.6858096343586775
124517,111.925,331.24666666666667,984.7833333333333,8.798600253145707,2.9595413595413596
124634,13.139999999999999,90.59333333333333,268.92333333333335,20.46600710299341,6.894469812278032
124641,45.86333333333334,917.4483333333334,2612.108333333333,56.954175448797145,20.003961043680498
124643,0.0,0.08166666666666668,0.19499999999999998,,
124662,91.6,741.3566666666667,1587.2133333333334,17.32765647743814,8.093413391557498
124686,40.14333333333333,105.59833333333333,284.02666666666664,7.075313460101303,2.630532259403803
124729,14.668333333333333,62.940000000000005,186.11833333333334,12.688444494943758,4.290876036813999
124743,158.77833333333334,818.1166666666667,2183.6600000000003,13.752883999706091,5.152571194642426
124760,183.86166666666668,917.3533333333332,2030.3716666666667,11.042930826617837,4.989367005991823
124779,221.1,1281.9283333333333,2567.235,11.611194029850747,5.797957183778079
124841,85.72166666666666,345.2683333333333,922.2383333333333,10.758520794042736,4.02778371862423
124950,443.425,,,,
125012,11.821666666666665,33.55166666666666,99.59166666666667,8.42450303115748,2.838150289017341
125041,216.665,1297.7716666666668,2724.665,12.575473657489674,5.989761459703537
125048,152.05166666666668,694.0550000000001,1139.415,7.493604147712948,4.564599752277187
125070,255.725,74.08,220.21166666666667,0.8611268615374589,0.2896861863329749
125091,175.91333333333333,662.3333333333334,1501.3266666666668,8.53446773032175,3.7651116079887825
125140,2.565,9.623333333333333,19.62,7.6491228070175445,3.751786874593892
125255,156.04,639.745,1867.425,11.96760446039477,4.099878236349654
125265,38.32,134.11666666666667,396.31666666666666,10.342292971468337,3.4999130132219904
125306,40.70166666666667,198.8,291.545,7.162974489169158,4.884320871381188
125319,16.8,55.17333333333333,152.845,9.097916666666666,3.284126984126984
125322,141.4,971.1116666666666,2718.023333333333,19.22223008015087,6.867833569071192
125413,16.5,54.065000000000005,156.12333333333333,9.462020202020202,3.276666666666667
125515,66.575,155.77333333333334,412.90999999999997,6.202177994742771,2.3398172487169857
125526,0.0,60.89833333333333,146.17166666666665,,
125591,143.58333333333334,759.1133333333333,2192.3533333333335,15.268856645385954,5.286918165989553
125592,4906.8,4884.6483333333335,4917.320000000001,1.0021439634792533,0.9954855166979159
125657,210.82333333333332,968.3016666666666,2253.695,10.689969484718643,4.592953025439942
125661,22.811666666666667,95.2,275.3016666666666,12.068459121794401,4.173303134361072
125672,39.995,206.095,492.7316666666667,12.31983164562237,5.153019127390924
125721,4927.673333333334,4922.886666666667,5025.6466666666665,1.019882270334478,0.9990286152626459
125722,134.405,561.1949999999999,1290.5633333333333,9.602048534900735,4.175402700792381
125790,200.905,697.4833333333333,2087.2,10.388989821059704,3.4717071916245654
125808,279.3316666666667,1478.7933333333335,2957.9566666666665,10.589406858036144,5.294041133896981
125886,246.13833333333332,1353.5966666666668,2781.5566666666664,11.300786143293404,5.499333030883718
125940,177.71166666666667,924.825,1585.4316666666666,8.921370759751282,5.204075890721862
125969,78.33333333333333,212.44833333333332,538.0783333333334,6.86908510638298,2.7121063829787233
126044,32.336666666666666,119.62333333333332,353.08,10.918874342851252,3.6993093495515925
126054,80.39833333333333,316.35999999999996,945.4266666666666,11.759281908828957,3.934907440038143
126062,79.70333333333333,234.43833333333333,630.4133333333334,7.909497720714317,2.9413868094182596
126075,21.740000000000002,77.10166666666667,205.33666666666667,9.445108862312173,3.546534805274456
126104,70.31166666666667,168.69333333333333,492.42,7.003389669803494,2.3992225093038138
126107,81.38333333333334,226.30666666666667,669.7900000000001,8.230063485562155,2.7807495392176937
126112,0.0,40.35333333333333,79.055,,
126123,123.33833333333334,762.4816666666667,1888.6,15.312352201937758,6.182033160817805
126126,33.656666666666666,175.04333333333335,243.74666666666664,7.242151134000197,5.2008517381400425
126144,125.83666666666666,406.96500000000003,1210.3983333333333,9.618804799872851,3.234073269582263
126151,8.285,25.418333333333333,72.865,8.794809897404948,3.067994367330517
126155,10.061666666666667,43.06666666666667,126.41666666666667,12.564187510352824,4.280271658108332
126159,60.894999999999996,210.44833333333332,539.5733333333334,8.860716533924517,3.455921394750527
126189,118.35333333333332,450.5133333333333,1348.8583333333333,11.396876584239285,3.806511575508365
126193,28.133333333333333,126.50666666666666,332.77666666666664,11.828554502369668,4.4966824644549765
126208,83.92666666666668,250.22,635.16,7.568035586623242,2.9814123441099367
126286,25.451666666666664,112.20833333333333,179.94666666666666,7.070132931700609,4.408683124877219
126377,76.39666666666668,834.285,2108.7933333333335,27.603211309393952,10.920437191849555
126405,89.13333333333334,516.4766666666667,1270.0983333333331,14.24942034405385,5.794427823485415
126435,69.11833333333334,193.50333333333336,572.4416666666667,8.282052518627475,2.7995948976393144
126438,3865.8733333333334,3848.211666666667,3907.1366666666668,1.0106737416814828,0.9954313902335135
126442,126.46166666666666,,,,
126492,64.48833333333333,599.7800000000001,1451.5116666666665,22.508128085183365,9.300597007210609
126510,94.79166666666667,374.075,977.0083333333333,10.306901098901099,3.946285714285714
126531,27.651666666666664,717.5016666666667,2032.245,73.49448496172624,25.947863299379183
126568,115.79833333333333,433.22166666666664,1135.73,9.807826825371695,3.74117359202061
126575,36.74333333333333,296.87833333333333,401.9933333333333,10.940578789803137,8.079787716592579
126587,91.01,382.40999999999997,1123.2416666666666,12.34195875911072,4.201845950994396
126690,22.371666666666666,904.9483333333334,2283.7816666666668,102.083662370558,40.450644416300385
126740,115.94666666666667,492.47,937.83,8.088460211591537,4.247383854645814
126790,116.53500000000001,291.62833333333333,801.205,6.875230617411078,2.5024956736888773
126801,59.44666666666667,624.2099999999999,1481.65,24.92402153190535,10.500336436021081
126807,55.56666666666667,183.91333333333333,460.17,8.281403719256149,3.3097780443911216
126897,12.25,56.20666666666667,165.62666666666667,13.520544217687075,4.588299319727891
126955,43.269999999999996,629.1883333333334,971.5316666666666,22.452777135813882,14.540982975117482
126960,85.13833333333334,195.36499999999998,582.0183333333333,6.836149012391598,2.2946772899007493
126961,268.195,1445.25,3054.4716666666664,11.38899556914434,5.388802923246145
126982,49.05,843.2766666666666,1924.68,39.23914373088685,17.192184845395854
126984,4.251666666666667,24.476666666666667,63.51166666666666,14.938063504508035,5.756958055664445
127081,64.80666666666667,293.08,856.145,13.210755066351197,4.522374241333195
127083,121.60666666666665,553.8116666666666,1434.7083333333333,11.797941450578367,4.554122580998849
127135,70.14333333333335,219.96666666666667,658.6483333333333,9.390034690871072,3.135959701563465
127141,91.40833333333333,379.2416666666667,1090.8133333333333,11.933412343878201,4.148874099735619
127145,21.868333333333332,66.69333333333333,198.56666666666666,9.080100602088256,3.049767548205167
127204,18.490000000000002,1582.74,2656.1216666666664,143.65179376239405,85.59978366684693
127266,43.72166666666667,259.13666666666666,497.52000000000004,11.379255136659932,5.9269622231540415
127321,28.295,143.8383333333333,254.56666666666666,8.996878129233668,5.083524768804852
127325,115.79833333333333,433.22166666666664,1135.73,9.807826825371695,3.74117359202061
127376,19.065,204.55666666666667,598.7800000000001,31.407290847102022,10.729434391118104
127390,151.43833333333333,1164.0183333333334,2178.476666666667,14.385239316333383,7.686418013933065
127412,1.2666666666666666,2.2733333333333334,6.161666666666666,4.864473684210526,1.7947368421052634
127436,83.56,253.72666666666666,745.31,8.919459071325992,3.036460826551779
127457,5.05,18.636666666666667,52.434999999999995,10.383168316831682,3.6904290429042907
127472,153.90166666666667,627.495,1537.875,9.992581843384846,4.077246293629049
127536,126.51666666666667,1593.5616666666667,3427.565,27.09180608615466,12.59566592016862
127569,29.453333333333333,70.825,196.71833333333333,6.678983703033047,2.4046514259846083
127666,23.005,95.83166666666666,284.635,12.372745055422735,4.1656886184162865
127690,2205.588333333333,2191.0183333333334,2224.85,1.0087331195833613,0.9933940528339756
127695,81.25833333333334,413.35499999999996,895.69,11.022746384986155,5.086924418008408
127742,110.17666666666668,835.48,2424.5783333333334,22.006277796266602,7.58309381901794
127772,260.3483333333333,1518.71,3271.52,12.565934101108132,5.833377078145306
127796,97.37833333333333,1538.5449999999998,2548.5933333333332,26.17207797764732,15.799664538655072
127801,62.13166666666667,145.99666666666664,414.35499999999996,6.668982537085221,2.3497947906327954
127817,157.03333333333333,580.2366666666666,1431.2833333333333,9.114519210358734,3.694990447887921
127832,111.47666666666667,538.7233333333334,1611.2316666666666,14.45353287683521,4.832610710761594
127846,89.18833333333333,354.435,1059.68,11.881374619251398,3.9740063162222263
127860,65.60833333333333,283.49666666666667,792.9416666666667,12.085990092721962,4.321046615013337
127946,12.773333333333333,58.615,85.35333333333332,6.6821503131524,4.588856993736952
127952,47.775,411.18333333333334,1116.9066666666665,23.378475492761204,8.60666317809175
127971,209.54,1239.5266666666669,2519.1933333333336,12.022493716394644,5.915465623110943
128016,441.8283333333333,,,,
128020,126.58333333333333,416.845,1216.2633333333333,9.60840026333114,3.2930480579328507
128023,82.43333333333334,1211.3233333333333,2355.8033333333337,28.578285483218767,14.694581479983825
128055,88.76166666666667,630.5966666666667,1473.38,16.599282723397863,7.104380644797867
128160,92.845,1327.49,2638.483333333333,28.418152117328162,14.297915881307556
128221,65.32166666666667,252.88500000000002,555.8583333333333,8.509555277728165,3.8713800933840226
128225,142.90166666666667,565.3216666666667,1486.9033333333332,10.405080416603491,3.9560187075028286
128238,7.921666666666667,30.904999999999998,90.42833333333333,11.415316642120764,3.9013254786450657
128290,165.80833333333334,687.425,2026.4,12.22133990048751,4.145901392169673
128352,26.07,96.705,231.42999999999998,8.877253548139624,3.7094361334867663
128379,283.34166666666664,1982.6716666666666,3880.9100000000003,13.696926560983503,6.997458898267698
128380,1.995,4.216666666666667,10.091666666666667,5.058479532163743,2.1136173767752715
128545,68.06666666666666,232.21,651.8666666666667,9.576885406464251,3.411508325171401
128548,126.58333333333333,,,,
128590,11.375,46.49666666666667,116.31333333333333,10.225347985347986,4.0876190476190475
128655,34.913333333333334,1582.74,2656.1216666666664,76.07757303799885,45.333396983005535
128688,107.76,299.28499999999997,784.4083333333333,7.279216159366493,2.777329250185597
128734,193.65833333333333,766.98,2295.211666666667,11.8518610955721,3.9604802272042687
128742,65.02833333333334,531.1633333333333,1128.4433333333334,17.35310249378476,8.1681830996745
128756,16.571666666666665,948.3366666666666,2353.685,142.03067484662577,57.226390425424924
128777,163.46666666666667,5565.691666666667,9627.494999999999,58.89576876019575,34.04786908646003
128808,71.99499999999999,881.4683333333334,2615.6816666666664,36.33143505336019,12.243465981433898
128809,47.72666666666667,204.4,545.9783333333334,11.439691297667272,4.282721050426037
128851,70.825,423.435,907.77,12.817084362866218,5.9786092481468405
128855,123.28999999999999,451.63,1329.3266666666668,10.782112634168763,3.6631519182415446
128891,0.0,39.61333333333334,95.095,,
128933,47.415,745.1966666666667,1841.13,38.83011705156596,15.716475095785443
129012,87.74499999999999,1295.6333333333334,2128.8533333333335,24.261819286948928,14.765893593177202
129033,173.88833333333332,597.035,1445.29,8.311598439611629,3.4334390844699185
129051,47.42166666666667,174.215,430.99833333333333,9.08863740203142,3.6737426633395422
129076,15.285,49.03,113.375,7.417402682368335,3.2077199869152766
129089,103.45,495.05833333333334,1157.3316666666665,11.1873529885613,4.785484130820042
129185,86.92333333333333,356.04,1044.0233333333333,12.01085247536143,4.096023315565441
129188,94.04666666666667,884.3133333333334,2462.425,26.18301197986815,9.402920535904162
129247,243.50833333333333,1400.6066666666666,2922.7466666666664,12.002655624379726,5.751781253208309
129263,144.61666666666667,586.395,1276.3533333333332,8.825769275095078,4.054823095539933
129305,183.81166666666667,905.9316666666667,2002.9416666666666,10.896705867418644,4.9285863247708255
129311,79.55,179.47166666666666,534.1283333333333,6.714372512046931,2.2560863188770166
129329,71.07666666666667,545.8766666666667,1332.2433333333333,18.743750879332175,7.680110678609951
129374,61.958333333333336,369.5733333333334,587.625,9.484196368527236,5.964868863483525
129434,84.60833333333333,197.75333333333336,589.1916666666667,6.963754555303852,2.3372796217866645
129458,6.816666666666666,40.644999999999996,69.33500000000001,10.171393643031786,5.962591687041565
129463,213.64333333333335,845.5949999999999,2031.2016666666668,9.50744231039271,3.957975129889379
129474,103.725,390.56666666666666,1045.945,10.083827428295974,3.765405318550655
129484,220.17166666666665,837.13,2505.2316666666666,11.378537959016828,3.802169519238776
129489,263.7583333333333,1882.8183333333334,3676.4649999999997,13.938763388202585,7.138422166756185
129534,201.04333333333335,1040.225,2065.153333333333,10.272180127004127,5.174133271434019
129546,106.15,496.32166666666666,900.6783333333333,8.484958392212278,4.675663369445752
129561,4.538333333333333,17.638333333333332,33.42333333333333,7.364671318398825,3.886522218141755
129583,129.32666666666668,519.825,1497.5066666666667,11.579256662714572,4.019472653229548
129592,57.223333333333336,242.15833333333333,563.6166666666667,9.849420399603892,4.23181103279548
129600,149.05166666666668,,,,
129629,31.975,135.66833333333335,401.995,12.5721657544957,4.242950221527235
129635,126.58333333333333,,,,
129654,81.365,491.51500000000004,1230.425,15.122288453266147,6.040865236895472
129661,43.99,451.04,1099.425,24.992611957263012,10.253239372584678
129703,93.89166666666667,275.77333333333337,796.4633333333334,8.482790449986688,2.9371438714830926
129801,29.038333333333334,77.99666666666667,162.50333333333336,5.5961659874878045,2.6859897836193536
129840,80.38166666666666,779.0949999999999,2309.5033333333336,28.731717431420936,9.692446453378672
129850,16.986666666666668,185.98333333333332,545.18,32.094583987441126,10.948783359497643
129935,104.58,362.00166666666667,968.8383333333334,9.264088098425448,3.4614808440109646
129938,93.31666666666666,543.7466666666667,1316.1433333333334,14.104054295409897,5.826897660296482
130012,93.58500000000001,1102.325,3093.17,33.0519848266282,11.778864134209542
130131,444.1166666666667,,,,
130137,5.6,21.375,47.858333333333334,8.546130952380953,3.816964285714286
130259,75.685,616.7733333333333,1406.4283333333333,18.58265618462487,8.149214947920107
130293,2.835,9.858333333333333,26.321666666666665,9.284538506760729,3.4773662551440325
130305,21.685,144.035,376.4266666666666,17.358850203673814,6.6421489508877105
130321,80.27833333333334,206.23166666666665,493.68,6.149604501006913,2.5689580002906554
130390,74.83833333333334,698.89,2091.508333333333,27.947019130124932,9.338663340979444
130419,86.34833333333333,722.955,2163.7166666666667,25.05800150552993,8.372541450327164
130457,76.64833333333333,216.68166666666667,625.4016666666666,8.15936419578595,2.8269586205396946
130504,126.58333333333333,,,,
130512,4.261666666666667,14.776666666666667,42.97666666666667,10.0844739929605,3.467344544387955
130599,74.74333333333334,228.465,483.9216666666667,6.4744458814609995,3.0566605717343798
130613,42.98166666666667,167.85333333333335,486.76,11.324828415215789,3.9052309124045137
130682,226.48833333333332,1265.6666666666667,2518.2683333333334,11.118755197103605,5.5882201437895995
130697,8.675,14.476666666666667,42.04,4.846109510086455,1.6687800192122957
130742,47.61833333333333,136.345,401.42,8.429946449196738,2.86328794931924
130763,80.93666666666667,382.40999999999997,1123.2416666666666,13.8780322062518,4.724805403401836
130766,208.36499999999998,1068.84,1903.5,9.135411417464546,5.129652292851486
130776,24.891666666666666,179.775,365.3883333333333,14.679142952795447,7.222296618680951
130840,116.45666666666666,318.52333333333337,946.4516666666666,8.127071585997653,2.735123221799239
130900,44.16166666666666,193.12166666666664,452.325,10.242480280786506,4.373061101256746
131014,48.655,204.81666666666666,340.22999999999996,6.992703730346315,4.209570787517555
131035,46.125,450.84166666666664,1132.6816666666666,24.556784101174344,9.774345076784101
131041,19.991666666666667,127.12666666666668,263.5366666666667,13.182325969153815,6.358982909545644
131045,0.0,0.0,0.0,,
131073,34.19166666666667,269.96833333333336,565.5983333333334,16.541993663173287,7.895734828174507
131131,253.435,1383.0483333333332,2818.025,11.119320535837591,5.457211250748054
131181,266.93666666666667,1896.6383333333333,3704.9083333333333,13.879353404677763,7.105199735268041
131199,67.47166666666666,148.21666666666667,440.72166666666664,6.531951683422671,2.196724551046118
131208,99.01666666666667,400.81333333333333,1178.9566666666665,11.906648712337988,4.047938057566066
131413,95.95666666666666,398.96500000000003,1149.9833333333333,11.984402681766076,4.157762184319311
131424,80.67666666666668,1081.8616666666667,3044.045,37.73141759286039,13.409845886873526
131454,71.90333333333334,264.92,673.88,9.372027258819712,3.684391080617496
131456,143.82000000000002,581.9666666666667,1217.9366666666667,8.468479117415287,4.0464933018124505
131499,26.916666666666668,112.97166666666666,328.6166666666667,12.208668730650155,4.197089783281734
131537,73.655,233.07833333333335,401.37666666666667,5.449415065734392,3.1644604349105063
131550,20.16,49.276666666666664,134.86333333333334,6.689649470899472,2.4442791005291005
131568,116.045,806.4633333333334,2337.545,20.143435736136844,6.949574159449639
131577,443.425,,,,
131662,70.81,291.35166666666663,829.5816666666667,11.71560043308384,4.114555382949677
131684,20.648333333333333,946.9783333333332,2349.525,113.7876341916216,45.86221648236338
131695,117.88333333333334,752.6333333333333,2176.0683333333336,18.459507988123853,6.384561006644987
131720,69.02166666666668,265.13166666666666,671.9050000000001,9.734696834327385,3.8412817231304173
131743,164.73,,,,
131776,76.93666666666667,466.325,1395.3083333333334,18.13580434123305,6.061154196092024
131795,85.2,432.56666666666666,1294.0566666666666,15.188458528951486,5.077073552425665
131838,157.82166666666666,765.6066666666667,1464.1333333333334,9.277137697612286,4.851087197575323
131849,173.87166666666664,714.5783333333333,2138.5216666666665,12.299425821726754,4.109803207346415
131964,43.41833333333333,758.685,1677.13,38.6272312003378,17.473839775824345
131977,48.35,171.83666666666667,424.69666666666666,8.78379869010686,3.554015856601172
131992,25.220000000000002,97.42833333333333,276.22166666666664,10.952484800422942,3.8631377213851437
132032,101.26166666666667,294.72166666666664,853.9033333333333,8.432641506328489,2.9104959099363032
132042,90.89833333333333,765.85,2010.0316666666665,22.112965034195714,8.425346999394929
132045,72.86666666666666,1100.6399999999999,3088.8866666666668,42.39094236047576,15.104849039341262
132065,5.253333333333333,199.45499999999998,410.5466666666667,78.1497461928934,37.96732233502538
132144,143.48333333333332,669.1183333333333,1415.9533333333334,9.868416773144386,4.663387152979441
132146,151.56,,,,
132156,180.42833333333334,619.3633333333333,1497.595,8.300220770943218,3.432738760542043
132177,135.575,504.52333333333337,1497.12,11.042743868707358,3.721359641035098
132211,73.24333333333334,305.14666666666665,841.8066666666667,11.493287216128886,4.166203977608883
132293,212.52666666666667,979.6433333333333,2240.086666666667,10.540261614228804,4.609507826468835
132366,34.84,163.61166666666668,468.14000000000004,13.436854190585533,4.6960868733256795
132367,67.56833333333333,172.66833333333335,505.44,7.48042722182482,2.5554623714264575
132401,81.57833333333333,614.6883333333334,1700.72,20.84769240198582,7.534945961958854
132436,12.221666666666666,32.76,64.32333333333334,5.263057411700532,2.6804854766125734
132636,39.34666666666667,231.49333333333334,312.0,7.929515418502202,5.883429345984411
132647,2.6766666666666667,4.165,12.473333333333333,4.660024906600249,1.5560398505603985
132655,166.735,760.6933333333333,1465.9633333333334,8.792175208164652,4.562289461320858
132659,97.74333333333334,280.10999999999996,833.4599999999999,8.52702656617672,2.8657708965658353
132701,39.39,756.4733333333334,1758.5733333333333,44.645172209528646,19.204705085893206
132742,23.298333333333336,68.085,153.54333333333335,6.59031404249231,2.9223120394878026
132842,78.135,682.5300000000001,1097.275,14.043322454725795,8.735265885966596
132872,28.466666666666665,99.37833333333333,267.20666666666665,9.386651053864169,3.491042154566745
132881,52.24333333333333,147.11333333333332,429.15333333333336,8.21450902826517,2.8159254769348556
132905,28.28166666666667,103.355,304.1166666666667,10.753138075313807,3.654487595026224
132911,15.748333333333333,213.12,629.8366666666666,39.9938617843158,13.532860620171448
132923,115.78999999999999,2206.0033333333336,5598.626666666666,48.35155597777586,19.051760370786198
132932,142.55499999999998,818.895,2181.26,15.301181999929856,5.744414436533269
132979,49.236666666666665,661.1133333333333,1277.3916666666667,25.943910364904205,13.427256109945164
132995,69.03999999999999,329.0066666666667,615.1233333333333,8.909665894167633,4.765449980687525
133118,40.75,221.87666666666667,541.7083333333334,13.293456032719837,5.444826175869121
133120,109.21499999999999,726.6016666666667,2056.4983333333334,18.829815806742054,6.652947549939722
133145,133.22333333333333,799.4699999999999,1860.695,13.966735056421548,6.000975805039157
133166,148.56833333333333,586.5949999999999,1229.9416666666666,8.278625997015963,3.9483178335446087
133191,104.655,779.5933333333334,1672.2866666666666,15.979042249932316,7.44917427101747
133209,169.1,81.00333333333333,240.98166666666665,1.425083776857875,0.4790262172284644
133217,81.115,3242.05,3247.2783333333336,40.03301896484416,39.9685631510818
133224,173.94,947.7283333333332,2062.575,11.857968264918936,5.448593384692039
133244,166.03,866.3616666666666,1586.4766666666667,9.555361480856874,5.218103154048465
133302,11.215,45.309999999999995,128.18666666666667,11.429930153068806,4.040124832813197
133342,173.215,,,,
133346,125.49666666666667,343.5683333333333,1019.675,8.125116204945682,2.7376689951924353
133353,26.39,71.43666666666667,213.90333333333334,8.105469243400277,2.706959706959707
133363,258.3616666666667,1558.0633333333333,3387.8416666666667,13.112787629743835,6.0305514879013264
133375,69.73333333333333,273.245,815.975,11.701362332695984,3.9184273422562144
133406,15.133333333333333,49.04333333333333,140.83666666666667,9.306387665198239,3.240748898678414
133428,54.90333333333333,267.34333333333336,573.645,10.448272721753385,4.869346123489771
133430,222.24166666666667,1285.88,2657.3733333333334,11.957133750796805,5.785953729048709
133459,226.095,5802.341666666666,9910.278333333332,43.83236397679441,25.663290504728835
133501,83.46499999999999,635.535,1902.01,22.788114778649735,7.614389264961361
133505,2.835,6.761666666666667,13.426666666666668,4.736037624926515,2.3850676072898294
133521,82.59333333333333,510.7916666666667,1074.5449999999998,13.010069416417789,6.184417628541448
210012,36.516666666666666,140.23,415.10999999999996,11.367685988133271,3.8401643085349155
210045,82.32833333333333,476.54833333333335,1425.4033333333332,17.313642528898516,5.788387958782923
210046,5.04,11.085,32.765,6.500992063492063,2.199404761904762
210096,89.28666666666666,774.42,1673.1899999999998,18.739528111700142,8.673411483610842
210169,77.73333333333333,559.8016666666666,1214.3533333333332,15.622041166380788,7.201565180102915
210197,51.47166666666667,251.7866666666667,614.3783333333333,11.936243240617815,4.891752744228216
210213,28.346666666666668,300.055,854.9166666666666,30.159336782690495,10.585195202257761
210228,,3583.086666666667,3602.851666666667,,
210300,11.65,50.413333333333334,108.77666666666667,9.337052932761088,4.327324749642346
210310,43.56333333333334,257.8516666666667,604.5883333333334,13.878376310352742,5.919006810008416
210348,145.06333333333333,892.7683333333333,1937.8600000000001,13.358716882281303,6.154334888209747
210365,8.296666666666667,26.388333333333332,72.605,8.751104861390116,3.1805946163117715
210480,48.208333333333336,192.88,572.225,11.869835782195333,4.000968020743302
210501,129.12,601.3066666666667,1798.02,13.925185873605948,4.656959933911607
210539,18.735,59.43,170.51000000000002,9.101147584734456,3.1721377101681347
210611,36.55333333333333,887.3333333333334,2471.395,67.61066022250594,24.275031916833854
210663,64.66,518.4716666666667,1551.5733333333333,23.995875863491083,8.01842973502423
210670,78.34333333333333,258.1383333333333,615.6333333333333,7.858145768625282,3.2949623452325234
210671,9.104999999999999,21.378333333333334,62.49166666666667,6.863444993593265,2.3479773018488013
210714,90.68666666666667,460.4566666666667,1357.21,14.965926633830772,5.07744615158421
210834,74.77833333333334,547.465,1177.2316666666666,15.74295138966278,7.321171462321974
210874,50.52166666666667,434.97,1016.83,20.126612344538646,8.60957345033484
210927,90.12833333333333,472.56166666666667,966.73,10.726149749431366,5.243208757882279
210942,32.95666666666667,291.795,395.89500000000004,12.012592292909881,8.85389905937089
210989,140.90333333333334,709.525,1396.9433333333334,9.914196494050294,5.035544463107095
211093,130.80166666666668,767.1133333333333,2219.515,16.968552898153693,5.864706107210662
211134,84.78666666666666,266.4133333333333,665.83,7.8530036169209,3.1421607170938826
211246,82.65,254.41,705.9716666666667,8.541701956039525,3.0781609195402297
211301,54.53333333333333,145.84,407.7433333333333,7.476955990220048,2.6743276283618584
211394,3865.701666666667,3860.9083333333333,3930.115,1.0166627792022231,0.9987600353708964
211396,41.63333333333333,197.45,299.97166666666664,7.205084067253803,4.742594075260208
211397,138.05666666666667,583.8583333333333,1747.915,12.660851824130187,4.229120892387184
211420,80.95166666666667,499.87,1087.6516666666666,13.435815610137736,6.174919190463445
211472,104.02166666666668,433.98499999999996,1255.05,12.06527486260875,4.172063512409273
211523,30.275,99.10333333333332,284.5866666666667,9.400055050922104,3.2734379300853287
211564,56.288333333333334,228.46166666666667,640.9583333333334,11.387054747875522,4.05877476090368
211572,56.57833333333333,135.22,404.53499999999997,7.149998527115797,2.389960821280231
211761,134.82666666666668,6928.025,11274.053333333333,83.61886867088607,51.38467909414556
211813,199.75166666666667,695.91,1568.2466666666667,7.850981635530784,3.4838758124671467
211815,98.985,661.895,1901.0066666666667,19.204997390176963,6.686821235540738
211842,103.65666666666667,560.4583333333334,1073.2433333333333,10.35382834357012,5.406872045534939
211851,123.07666666666667,396.67333333333335,1135.3133333333333,9.224440050916773,3.2229775478698914
211861,137.89333333333335,886.3349999999999,1955.895,14.184115741636045,6.427685650744536
211866,127.66499999999999,592.1533333333333,1016.8683333333333,7.965130093082156,4.6383373151085525
211919,23.043333333333333,96.83833333333334,289.39666666666665,12.558802256617966,4.20244466946333
211937,0.0,0.0,0.0,,
211958,75.08999999999999,346.26500000000004,1013.1483333333333,13.492453500244153,4.611333066986284
212021,15.175,65.83333333333333,197.395,13.007907742998352,4.3382756727073035
212090,110.76,826.12,1742.0166666666667,15.72785000601902,7.458649331888768
212148,10.99,255.01166666666668,735.1433333333333,66.89202305125872,23.20397330906885
212179,89.49499999999999,268.14,786.0133333333334,8.782762537944393,2.996145036035533
212374,79.63666666666667,,,,
212431,131.51333333333335,,,,
212447,161.16666666666666,875.66,1862.1283333333333,11.554053774560497,5.433257497414685
212506,136.72166666666666,729.5266666666666,1901.9033333333332,13.910767617909865,5.33585264466739
212562,114.79833333333333,607.0216666666668,1769.1716666666666,15.411126758518561,5.2877219471827415
212567,149.48166666666665,781.5583333333333,1804.665,12.07281829432818,5.22845610944486
212575,4927.673333333334,5019.736666666667,5252.8116666666665,1.0659821200268955,1.0186829213516586
212592,24.186666666666667,99.82666666666667,282.87833333333333,11.695631201764057,4.127342888643881
212628,95.41000000000001,738.5400000000001,1482.2933333333335,15.536037452398421,7.740698040037731
212637,17.09,40.54833333333333,105.71833333333333,6.1859762044080355,2.3726350692412717
212661,70.36166666666666,281.25333333333333,831.4833333333333,11.817277400099487,3.9972522917308195
212672,83.69166666666666,437.5133333333333,1308.8866666666665,15.63939062033257,5.227680971821169
212682,152.33666666666667,1047.64,2216.4649999999997,14.549780092339333,6.877136167698738
212706,273.05,1459.3266666666668,3064.5466666666666,11.223390099493377,5.344540072025881
212764,1746.3316666666665,1783.655,1914.0816666666665,1.0960584997695169,1.021372419710269
212797,90.66166666666666,736.0216666666668,2062.7,22.751622332113904,8.118333731639614
212806,92.67333333333333,303.81,910.17,9.821271850945974,3.278289331702755
213016,3.9516666666666667,23.011666666666667,47.14666666666667,11.930830873049347,5.823281315900464
213019,142.82833333333335,884.625,1962.8600000000001,13.742791462945027,6.1936240475162485
213048,81.115,3583.086666666667,3602.851666666667,44.41658961556638,44.1729232160102
213051,131.27666666666667,780.5816666666667,2073.245,15.792943655892135,5.9460807962826605
213121,89.84166666666667,887.6883333333334,2269.351666666667,25.259456451164088,9.880586216491977
213172,31.71833333333333,109.17,292.845,9.232673007198782,3.4418580211234304
213295,91.05666666666666,697.1033333333332,1510.1533333333332,16.58476406633232,7.655708899220265
213338,0.0,3.4633333333333334,8.311666666666666,,
213513,260.56333333333333,1484.6666666666667,3172.633333333333,12.176054446135936,5.69791093656053
213516,84.19166666666666,429.4183333333333,735.1683333333333,8.732079580322676,5.100485004454122
213548,138.84,653.0766666666666,1876.1116666666667,13.512760491693076,4.703807740324594
213552,224.01166666666668,1082.4216666666666,2216.351666666667,9.893911775428364,4.831987917295973
213557,273.31333333333333,1103.3716666666667,2581.2200000000003,9.444178842354319,4.037021001536698
213558,93.58500000000001,1102.325,3093.17,33.0519848266282,11.778864134209542
213573,24.466666666666665,91.945,148.76333333333332,6.08024523160763,3.7579700272479566
213591,16.433333333333334,85.97166666666666,219.94166666666666,13.383874239350913,5.2315415821501015
213625,158.82999999999998,1070.25,2185.415,13.759459799785935,6.738336586287226
213727,8.33,17.78166666666667,39.005,4.682472989195679,2.134653861544618
213732,93.2,307.975,847.4633333333334,9.092954220314736,3.304452789699571
213740,37.65833333333333,233.83166666666665,297.425,7.8979862801504765,6.209294091613189
213792,212.56333333333333,979.8916666666667,2239.788333333333,10.537039941037179,4.609880976650096
213797,169.07166666666666,,,,
213895,133.705,557.7916666666666,1621.445,12.127033394413072,4.171808583573289
213933,62.30333333333333,276.18666666666667,542.66,8.709967363971966,4.432935637472581
214000,175.30666666666667,925.8116666666666,2025.2133333333334,11.552403407362336,5.281097885609978
214011,396.6766666666666,1853.9566666666665,4094.241666666667,10.321357444770301,4.673722511197197
214033,126.16000000000001,435.11333333333334,1039.275,8.237753646163602,3.448900866624392
214057,27.154999999999998,193.32333333333332,556.9433333333333,20.509789480144846,7.119253667219051
214077,73.39,1173.6416666666667,2310.6066666666666,31.483944224917106,15.991847208974884
214082,59.18666666666666,1528.6566666666665,2441.9983333333334,41.259264473980636,25.827720207253886
214089,162.84,897.1916666666667,2157.766666666667,13.250839269630722,5.509651600753296
214148,62.07333333333334,285.3333333333333,835.9566666666667,13.467243045859735,4.596713564601009
214174,138.95499999999998,,,,
214276,45.95333333333333,410.955,945.1533333333333,20.567677353837226,8.942876831568258
214330,5.295,17.041666666666668,49.75,9.395656279508971,3.2184450739691535
214594,170.93333333333334,704.1550000000001,2108.115,12.332966068642744,4.119471528861155
214649,83.59833333333333,468.0833333333333,1044.0433333333333,12.48880559819773,5.599194561295081
214737,118.27,396.82166666666666,1134.0416666666667,9.588582621684846,3.355218285843127
214764,35.080000000000005,162.69,449.0316666666667,12.800218548080576,4.637685290763967
214773,31.825,165.765,335.78333333333336,10.550929562712753,5.208641005498821
214794,33.84166666666667,108.70166666666667,285.3333333333333,8.431420832307312,3.212065993597636
214803,215.245,1355.9883333333335,2899.82,13.47218286139051,6.299743702912186
214909,74.28166666666667,800.9816666666667,2009.425,27.051425878974175,10.783033049877718
214925,137.21,337.4566666666667,920.3583333333333,6.70766222092656,2.4594174379904286
215000,49.440000000000005,195.82666666666668,581.9116666666666,11.77005798274002,3.960895361380798
215050,271.00166666666667,1395.135,2903.99,10.71576435569277,5.1480679700616845
215094,66.35666666666667,273.415,802.5550000000001,12.094564725975788,4.120384789270106
215130,63.29833333333333,819.3033333333333,2064.3816666666667,32.613523262855786,12.943521419731956
215179,116.77333333333333,852.6216666666667,2465.6516666666666,21.114852135190684,7.301510047956155
215244,80.865,516.69,1020.7933333333333,12.62342587439972,6.389538119087369
215256,4928.67,5019.736666666667,5252.8116666666665,1.0657665590649539,1.0184769251474874
215268,110.925,338.11333333333334,836.0550000000001,7.53711967545639,3.048125610397416
215325,16.54,101.96000000000001,302.6383333333333,18.297359935509874,6.164449818621525
215384,260.12333333333333,1614.4933333333333,3558.82,13.681279393108397,6.2066455655650525
215407,139.79500000000002,387.10499999999996,1069.1166666666666,7.6477461044147965,2.7690904538788934
215485,177.00833333333333,721.25,2158.3016666666667,12.193220658161104,4.074666917753402
215551,73.01166666666667,274.3333333333333,746.61,10.225899970324377,3.75739037140183
215589,110.24666666666667,861.1433333333333,1637.3833333333334,14.851998548708956,7.811060047166959
215600,95.43833333333333,338.64500000000004,996.9783333333332,10.44630913504357,3.548312173654891
215605,82.65833333333333,785.4666666666667,2329.273333333333,28.179534227240648,9.502570823671741
215638,82.74166666666666,3242.05,3247.2783333333336,39.24598650417968,39.182797864840374
215651,21.220000000000002,186.215,236.79166666666666,11.15889098334904,8.77544769085768
215684,148.91666666666666,718.815,2074.5883333333336,13.931203133743708,4.826961387800784
215739,63.934999999999995,361.6616666666667,876.9733333333334,13.716639295117439,5.656708636375487
215839,91.68833333333333,305.4583333333333,839.9116666666666,9.160507516405213,3.3314852852962025
216003,119.94833333333332,782.9766666666667,1840.9716666666668,15.348038738901474,6.527616056913394
216043,147.23,651.7916666666666,1874.4466666666667,12.731417962824606,4.427030270098938
216054,81.16333333333334,604.935,1550.2166666666667,19.099963037496405,7.45330403712678
216154,54.97166666666667,179.54166666666666,537.3866666666667,9.775702634690598,3.26607646363278
216218,63.51833333333333,586.6833333333333,1454.3100000000002,22.89590931751988,9.236440922568287
216281,120.51333333333334,748.7983333333334,1852.9399999999998,15.375394147258946,6.213406538695581
216285,115.01333333333334,,,,
216351,21.478333333333335,36.711666666666666,108.50666666666666,5.051912780321254,1.7092418716536042
216358,3865.8733333333334,3313.9933333333333,3366.2283333333335,0.8707549479979513,0.8572431240202731
216395,151.785,81.00333333333333,240.98166666666665,1.5876513928692997,0.5336715310032831
216437,17.526666666666664,58.288333333333334,167.31,9.546025104602512,3.3256941802966913
216573,11.245000000000001,28.131666666666668,82.92333333333333,7.374240403142137,2.501704461242033
216616,257.2583333333333,1416.8883333333333,2971.8933333333334,11.552175180590199,5.507647954390852
216621,137.69833333333332,81.00333333333333,240.98166666666665,1.7500695965819,0.5882666214793207
216643,83.935,480.82666666666665,1438.2533333333333,17.135322968169813,5.728559798256587
216671,214.84666666666666,695.91,1568.2466666666667,7.299376299376299,3.239100754026127
216715,32.55833333333333,158.94166666666666,457.185,14.04202713079089,4.881750703864858
216764,60.995,1473.6316666666667,2342.463333333333,38.404186135475584,24.159876492608685
216768,2.43,295.475,842.1533333333333,346.5651577503429,121.59465020576131
216781,90.44166666666666,605.8966666666668,1628.7483333333332,18.0088270524279,6.699308946834978
216803,315.755,1530.4966666666667,3074.663333333333,9.737496898967025,4.847101919737349
216848,26.89333333333333,110.68166666666666,230.80333333333334,8.582176499752109,4.115580069410015
216929,443.425,,,,
216983,48.65333333333333,260.0516666666667,749.8483333333334,15.41206494930118,5.344991778569471
217030,2211.211666666667,2191.0183333333334,2224.85,1.006167809956381,0.9908677519941931
217060,5.301666666666667,22.995,65.49666666666667,12.353976736875197,4.3373153096510535
217097,58.663333333333334,1267.7666666666667,2437.463333333333,41.550031251775664,21.610886982214897
217201,102.71666666666667,695.1616666666666,1940.6133333333335,18.892876845692033,6.767759208177835
217204,32.885,133.45,374.7316666666667,11.395215650499216,4.058081192032842
217216,94.76166666666667,766.8633333333333,1907.0383333333334,20.12457568988867,8.092547971226058
217236,89.93166666666666,378.64666666666665,1115.365,12.402361051909784,4.210381956670806
217244,101.6,632.3533333333332,1030.3166666666666,10.140912073490814,6.223950131233595
217283,69.72,157.75833333333333,469.44,6.733218588640275,2.262741441958309
217292,185.44166666666666,695.8666666666667,1971.1816666666666,10.629658922392487,3.752482811306341
217301,6.23,18.483333333333334,46.87,7.5232744783306575,2.966827180310326
217355,2205.233333333333,2190.3799999999997,2223.3283333333334,1.008205480901492,0.9932645071572168
217382,140.32166666666666,972.91,2723.4166666666665,19.408383119736794,6.933426769446391
217397,129.87,356.1666666666667,789.6466666666668,6.080285413618747,2.7424860758194094
217475,64.28333333333333,528.5666666666667,1091.8283333333334,16.984625356494686,8.22245268343272
217533,30.528333333333332,120.94,299.4066666666667,9.807501228367093,3.9615657585849213
217536,40.748333333333335,93.855,260.975,6.404556423575607,2.303284387909526
217575,177.74333333333334,705.2433333333333,1538.02,8.653039026311347,3.967762503985147
217606,142.01166666666668,838.4216666666667,2087.2283333333335,14.697583531869446,5.903892872651308
217678,6.135000000000001,19.555,50.348333333333336,8.206737299646834,3.187449062754686
217683,104.56,418.8233333333334,917.615,8.775965952563121,4.005578933945422
217732,94.71000000000001,766.9483333333334,1907.2949999999998,20.13826417484954,8.0978601344455
217756,2211.211666666667,2197.411666666667,2239.9216666666666,1.0129838316398172,0.9937590777906833
217763,168.185,458.3816666666667,1315.1066666666666,7.81940521845983,2.7254610498359946
217790,63.065000000000005,1194.1699999999998,2335.4583333333335,37.032558999973574,18.93554269404582
217811,62.708333333333336,281.93833333333333,407.315,6.495388704318937,4.4960265780730895
217863,0.0,0.08166666666666668,0.19499999999999998,,
217868,19.188333333333333,293.315,566.8016666666666,29.538869104490576,15.286111352384262
217892,71.39166666666667,283.4533333333333,719.7883333333334,10.082245827010624,3.9703980389868097
217906,49.495,109.28666666666666,264.9433333333333,5.35293127251911,2.2080344815974677
217958,190.14833333333334,700.4233333333334,1581.625,8.317848346466356,3.6835628325254848
217992,0.0,0.08166666666666668,0.19499999999999998,,
218015,8.67,25.845000000000002,76.10333333333332,8.777777777777777,2.9809688581314884
218065,27.636666666666667,164.87666666666667,435.725,15.766192256663853,5.9658666023398865
218173,95.64166666666667,506.9866666666667,1445.7333333333333,15.116145334146553,5.300897447068049
218232,101.48666666666666,534.1,1520.575,14.983002693293043,5.262760296919136
218279,125.45833333333333,589.565,1524.7616666666665,12.153530388575223,4.6992892726668885
218290,19.28666666666667,715.3233333333334,1285.715,66.66341168337365,37.089007950224676
218324,162.38666666666668,557.1066666666667,1646.0,10.136300188849658,3.430741440183923
218366,443.425,,,,
218367,160.34666666666666,,,,
218383,53.66,1595.1583333333333,2600.7149999999997,48.466548639582555,29.727140017393467
218391,147.63500000000002,652.865,1877.6666666666667,12.718303022092773,4.42215599282013
218406,112.78166666666667,471.34833333333336,912.5283333333333,8.091105232824484,4.179299235986937
218439,80.04166666666667,470.4583333333333,1407.1283333333333,17.57994794377928,5.877667881311816
218459,111.35,541.8216666666666,1600.1533333333332,14.370483460559797,4.865933243526418
218516,3865.8733333333334,3247.89,3286.9,0.8502347895516494,0.8401439260813856
218685,210.53166666666667,774.4933333333333,2232.05,10.601968033312488,3.678749831775109
218832,137.51833333333335,508.56333333333333,1314.3916666666667,9.557937729514851,3.6981493376640686
218856,134.61333333333334,283.575,819.9383333333334,6.091063292393027,2.106589243264659
218956,181.35666666666665,1614.4933333333333,3558.82,19.623320528608453,8.90231036447516
219040,20.368333333333332,300.055,854.9166666666666,41.97283364700107,14.731445871859915
219050,59.66,192.02833333333334,574.8466666666667,9.635378254553583,3.218711587886915
219074,50.86333333333334,218.98166666666665,502.63,9.881971295628809,4.3052952355986625
219139,186.11833333333334,1194.7366666666667,2184.04,11.734684922674642,6.419231492509246
219145,158.84833333333333,538.655,1136.6833333333334,7.155777523633655,3.39100189908613
219152,20.65666666666667,79.22833333333332,140.49333333333334,6.801355494594158,3.835484912054219
219170,203.22833333333335,962.7083333333334,2545.7716666666665,12.526657208230478,4.737077343218219
219190,101.92,837.6833333333333,2424.4883333333332,23.78815083725798,8.21902799581371
219274,116.02833333333334,335.57,985.245,8.49141732622779,2.8921384144677305
219291,98.77666666666667,319.1066666666667,637.1166666666667,6.450072554246955,3.230587520669524
219308,42.61333333333334,202.20666666666665,479.81666666666666,11.259777847309135,4.745150187734668
219387,53.785,353.9583333333333,473.94,8.81175048805429,6.580986024604134
219409,127.54833333333333,406.9066666666667,1050.8216666666667,8.23861542683166,3.19021547387265
219412,26.141666666666666,149.11499999999998,376.62666666666667,14.40714058017214,5.70411220911699
219417,96.59166666666667,346.77166666666665,985.775,10.205590544387887,3.590078509188163
219428,0.0,0.08166666666666668,0.19499999999999998,,
219446,147.515,673.935,1938.48,13.140900925329628,4.5685862454665624
219468,140.24833333333333,146.96833333333333,172.61,1.2307454634041999,1.047915007902649
219483,61.105000000000004,1472.8966666666668,2341.5816666666665,38.32062297138804,24.104355890134467
219591,200.87333333333333,697.1916666666667,1872.2866666666666,9.320732800106203,3.4708024957684778
219612,63.611666666666665,534.7533333333333,741.9366666666666,11.663531322870542,8.406529200618335
219628,59.18666666666666,1510.8783333333333,2399.35,40.53869114665466,25.527342870015772
219655,88.97333333333333,204.97833333333335,610.67,6.863517158699236,2.3038176232579053
219698,21.83833333333333,92.97666666666667,277.65333333333336,12.71403495382737,4.257498282835993
219726,67.575,248.05833333333334,670.3316666666667,9.919817486743126,3.670859538784067
219727,148.95166666666668,688.1966666666667,1981.7,13.304315717626523,4.6202683197010215
219776,117.29166666666667,602.0733333333334,1754.32,14.956902309058613,5.133129662522203
219831,443.425,,,,
219848,55.885,120.61833333333334,360.1716666666667,6.4448719095762135,2.1583310965971787
219919,76.11999999999999,313.84000000000003,634.6583333333333,8.337602907689613,4.122963741460852
219969,67.94833333333334,239.2,521.8483333333334,7.680075547597439,3.520321813142338
220049,122.75166666666668,653.8766666666667,1205.6566666666665,9.821916878250123,5.326825161912262
220054,144.65333333333334,539.48,1238.4616666666666,8.561584016960088,3.7294681537468892
220066,68.91166666666666,155.475,464.64000000000004,6.74254480373425,2.2561491764819697
220106,27.188333333333333,196.49166666666667,566.7466666666667,20.84521547232269,7.227058174462086
220162,47.43333333333333,271.8483333333333,681.2433333333333,14.362122276879832,5.731166549543218
220168,4.715,24.17,63.265,13.417815482502652,5.126193001060446
220180,123.58166666666666,559.08,1450.5133333333333,11.737285735478563,4.523972002319654
220188,159.75666666666666,902.4883333333333,1994.6766666666667,12.485717862582678,5.649143489056273
220219,2.5,6.6016666666666675,14.611666666666668,5.844666666666667,2.640666666666667
220316,66.63000000000001,1573.645,2628.8483333333334,39.45442493371354,23.617664715593573
220321,164.97666666666666,717.0550000000001,1727.1850000000002,10.469268381387268,4.346402521568708
220322,296.5933333333333,40.35333333333333,79.055,0.26654341522623576,0.13605610375598462
220410,84.07166666666667,332.8683333333333,880.0983333333334,10.468429712745078,3.959340245425529
220480,170.765,,,,
220510,65.82333333333334,281.39500000000004,822.325,12.49291031549096,4.275003798045273
220726,117.235,384.06333333333333,1131.7033333333334,9.653288977978704,3.2760125673504783
220769,207.65333333333334,792.48,2371.976666666667,11.422771927571596,3.8163606010016693
220773,143.67166666666665,759.1133333333333,2192.3533333333335,15.259468927995547,5.283667621776505
220797,91.88000000000001,348.09000000000003,1040.3966666666668,11.3234291104339,3.7885285154549413
220800,71.4,565.9716666666667,1694.0716666666667,23.726493930905693,7.926774042950513
220819,102.33666666666666,828.37,1978.99,19.33803459170711,8.094557180547866
220884,22.926666666666666,79.685,211.01666666666668,9.20398371619657,3.4756469904041873
220886,49.855000000000004,444.1383333333333,1122.6883333333333,22.51907197539531,8.90860161133955
220911,78.70666666666666,249.935,705.0433333333333,8.957860409961036,3.175525156699983
220938,22.616666666666667,78.03999999999999,227.66833333333335,10.066396462785557,3.450552689756816
220963,150.38166666666666,818.5316666666666,2228.4783333333335,14.818816566735752,5.443028294672445
221087,443.425,,,,
221099,165.40333333333334,592.295,1707.1883333333333,10.321365953930794,3.5809133229882506
221105,37.781666666666666,152.62166666666664,381.9866666666667,10.110370991221492,4.0395694560854025
221164,123.73333333333333,813.5133333333334,2317.0333333333333,18.72602370689655,6.574730603448277
221240,92.88000000000001,269.1483333333333,805.1666666666666,8.66889175997703,2.897807206431237
221243,257.22166666666664,1416.8283333333334,2971.713333333333,11.553122144972235,5.508199801727434
221310,113.32,900.9933333333333,1982.3616666666667,17.493484527591484,7.950876573714555
221311,126.63833333333334,,,,
221330,40.81666666666667,202.15,524.9583333333334,12.861371988566761,4.952633728052266
221383,107.58999999999999,411.115,1007.52,9.364439074263409,3.821126498745237
221458,5.258333333333334,12.185,34.16,6.496354992076069,2.3172741679873217
221463,137.275,416.81333333333333,990.5616666666666,7.215892672858616,3.036338250470467
221529,174.38833333333332,588.88,1740.9466666666667,9.983160188468267,3.3768314011831833
221552,147.515,673.935,1938.48,13.140900925329628,4.5685862454665624
221558,86.135,885.0216666666668,2550.075,29.60556103790561,10.274820533658405
221577,154.67999999999998,850.5983333333334,2020.07,13.059671580036206,5.499084130678391
221604,88.05833333333334,360.05333333333334,1068.6699999999998,12.135932620422066,4.088804769565629
221644,91.385,278.37,656.6166666666667,7.185168973755721,3.0461235432510803
221650,51.57333333333334,178.93333333333334,508.2933333333333,9.855739400206824,3.4694932781799377
221720,105.95666666666666,319.0316666666667,739.6266666666667,6.980463711580206,3.0109636014723002
221781,79.28333333333333,570.1716666666667,1685.05,21.253521126760564,7.191570317426951
221836,,3583.086666666667,3602.851666666667,,
221897,93.71499999999999,373.81,1117.8016666666667,11.927670774867064,3.988795817105053
221903,91.855,358.935,1063.7983333333334,11.581278464246186,3.9076261499101843
221965,137.95166666666668,779.4133333333334,2047.7983333333332,14.844317454180809,5.649901535561972
222058,113.44833333333332,1302.905,2170.605,19.132982708722032,11.484567130411788
222081,69.11833333333334,254.41,740.2883333333334,10.710448265052687,3.6807889850739066
222141,14.633333333333333,39.155,94.28500000000001,6.443166287015946,2.6757403189066062
222191,151.42999999999998,840.9783333333332,2090.295,13.803704682031304,5.553578110898325
222251,73.38166666666666,254.60333333333335,604.3033333333333,8.235072338685866,3.469576869790366
222308,128.795,494.6983333333334,997.8833333333333,7.747842178138386,3.8409746755179426
222330,85.66666666666667,880.7266666666667,2248.476666666667,26.246809338521402,10.280856031128405
222334,443.425,,,,
222368,149.86833333333334,573.7966666666667,1618.4833333333333,10.799368334426886,3.8286718341655455
222420,81.115,213.22166666666666,638.5416666666666,7.872054079598923,2.6286342435636647
222633,1739.9183333333335,3582.24,3602.175,2.0703126870897197,2.0588552527848525
222641,80.32,1202.5083333333334,2345.2283333333335,29.198559926958836,14.971468293492698
222648,134.14666666666668,726.2900000000001,2085.57,15.546938674088063,5.414148692972866
222672,5.131666666666666,14.341666666666667,39.18,7.63494641117246,2.794738551477753
222709,0.0,39.61333333333334,95.095,,
222760,59.82166666666667,190.48666666666668,446.2883333333333,7.460312595770762,3.184242052767949
222808,146.665,737.365,2002.8133333333333,13.65570063296174,5.027545767565541
222825,66.92166666666667,208.59166666666667,622.315,9.299155729335293,3.116952656090454
222851,47.67833333333333,1552.4183333333335,2498.575,52.40483098542315,32.56024749187262
222869,97.66499999999999,751.1883333333334,1618.155,16.56842266932883,7.691479376781175
222924,138.86666666666667,785.5083333333333,2040.4850000000001,14.69384301488238,5.656565050408065
222936,174.45833333333334,608.6016666666667,1752.325,10.044375447814664,3.4885216145211366
222945,56.681666666666665,233.84166666666667,676.5033333333333,11.935134817254257,4.125525596165721
222987,126.58333333333333,,,,
223077,20.698333333333334,374.1716666666667,567.3466666666667,27.410258474917466,18.077381431677267
223086,139.01833333333335,917.8916666666667,1968.0166666666667,14.156526117658341,6.6026663149944245
223116,40.755,116.39833333333333,319.72166666666664,7.844967897599475,2.8560503823661714
223206,80.26,260.475,670.6216666666667,8.355615084309328,3.245389982556691
223230,267.7966666666667,1538.4483333333333,3330.1433333333334,12.435342735159761,5.744837501089134
223249,3859.483333333333,3837.6766666666667,3874.6966666666663,1.0039418056821077,0.9943498482093891
223263,128.18333333333334,861.5949999999999,2452.6033333333335,19.133558704979848,6.721583669223767
223388,,3583.086666666667,3602.851666666667,,
223405,89.10333333333332,206.47666666666666,589.4483333333334,6.615334256107142,2.317272081104336
223410,159.745,796.3716666666667,1641.6516666666669,10.276701409538118,4.985268187841038
223422,81.115,3242.05,3247.2783333333336,40.03301896484416,39.9685631510818
223448,122.65833333333333,470.6816666666667,1362.4866666666667,11.10798287927169,3.8373394931720908
223478,126.58333333333333,,,,
223600,126.58333333333333,416.845,1216.2633333333333,9.60840026333114,3.2930480579328507
223602,118.11833333333334,373.8833333333333,1104.6233333333332,9.351836435213274,3.165328554697972
223636,120.985,853.2916666666666,2436.3,20.13720709178824,7.052871568100729
223690,2205.588333333333,3214.8700000000003,3247.435,1.4723667834659384,1.45760201548642
223760,192.31666666666666,,,,
223788,74.15333333333334,228.8,676.3199999999999,9.120560999730287,3.0854985165872515
223789,74.32333333333332,486.3383333333333,984.3816666666667,13.244584473247524,6.543548459434005
223824,22.348333333333336,101.19833333333332,284.7683333333333,12.742262659407858,4.5282273100156605
223859,66.77333333333334,213.43166666666667,561.94,8.415634984025559,3.196360822683706
223860,127.52333333333333,,,,
223915,180.82833333333335,731.5400000000001,1445.4433333333334,7.993456040259177,4.045494345465773
223987,128.205,581.625,1692.9783333333332,13.205244205244203,4.536679536679536
223995,143.20499999999998,759.1133333333333,2192.3533333333335,15.309195442431017,5.300885676710544
224071,74.13000000000001,194.17000000000002,445.56333333333333,6.010567021898466,2.6193174153514094
224075,160.69500000000002,882.8766666666667,2140.5866666666666,13.320804422456618,5.494114108507835
224105,114.68833333333333,782.1183333333333,2264.5283333333336,19.745062706174707,6.819510848240885
224147,59.65833333333333,248.43333333333334,444.0433333333333,7.443106579131163,4.164268752619081
224150,33.55,122.37666666666668,360.34166666666664,10.740437158469945,3.6475906607054154
224162,103.45833333333333,737.8466666666667,1592.49,15.392573499798631,7.131824405960532
224188,92.79833333333333,400.77666666666664,1179.9266666666667,12.714955369169706,4.318791644964888
224237,124.88666666666667,472.56333333333333,967.86,7.74990658196765,3.7839374366091922
224242,133.86666666666667,524.5416666666666,1141.0583333333334,8.523842131474103,3.918388944223107
224244,255.71833333333333,1849.5716666666667,3636.786666666667,14.221845650487841,7.232847338543059
224296,110.23166666666665,807.8383333333334,1809.3916666666667,16.414445334825142,7.328550477025659
224339,134.565,447.28499999999997,929.12,6.904618585813547,3.323932671942927
224397,28.366666666666667,152.905,454.345,16.0168625146886,5.390305522914218
224452,39.306666666666665,144.25833333333333,405.835,10.324838873812755,3.6700729308005426
224476,45.63166666666667,344.19,531.4983333333333,11.647576609810438,7.542788268380876
224534,266.0516666666667,1190.6,2449.3799999999997,9.206407276782077,4.475070631644229
224535,302.99666666666667,40.35333333333333,79.055,0.2609104610611778,0.1331807830669204
224536,146.76666666666668,593.3416666666667,1198.2216666666668,8.164126731773791,4.042754939813763
224539,91.89,541.0516666666666,1480.8916666666667,16.1159175826169,5.888036420357674
224563,75.87833333333333,258.7683333333333,624.8050000000001,8.23430052496321,3.4103059722801854
224648,238.73666666666668,1295.335,2609.83,10.931835634799848,5.425789921950265
224839,116.44,767.255,1795.635,15.421118172449331,6.589273445551357
224842,124.16833333333334,464.97666666666663,1124.355,9.055086508905921,3.744728258681091
224905,120.69333333333334,437.4933333333333,1299.535,10.76724756959788,3.624834290764471
224942,4916.708333333333,5025.0650000000005,5253.995,1.0686000966093507,1.0220384573012096
225027,443.425,,,,
225033,2211.211666666667,2191.0183333333334,2224.85,1.006167809956381,0.9908677519941931
225040,126.58333333333333,,,,
225044,20.351666666666667,58.085,172.88666666666668,8.494963557448203,2.8540660060601097
225102,2205.233333333333,2190.3799999999997,2223.3283333333334,1.008205480901492,0.9932645071572168
225123,7.778333333333333,3872.195,4849.858333333334,623.5086779515749,497.8180844225413
225130,58.980000000000004,204.67999999999998,441.26,7.481519159036961,3.4703289250593414
225175,39.623333333333335,188.89333333333335,450.02666666666664,11.357617565407587,4.767224699251283
225211,158.82999999999998,917.8866666666667,2002.7733333333333,12.609540598963253,5.779050976935508
225245,153.41666666666666,824.6216666666667,2198.436666666667,14.329842476914722,5.375046170559479
225286,126.52333333333333,3243.705,3248.436666666667,25.674605474616015,25.63720789314224
225399,85.66666666666667,361.4216666666667,1025.615,11.97215953307393,4.218929961089494
225422,168.505,671.01,1904.4316666666666,11.301929715240894,3.9821370285748197
225423,18.861666666666668,192.05499999999998,567.1733333333334,30.0701599363789,10.182292126888749
225428,58.92333333333333,167.71666666666667,497.96666666666664,8.451094642756123,2.8463540193471744
225466,9.623333333333333,54.111666666666665,159.83333333333334,16.608936612400417,5.6229650155871145
225482,46.84166666666667,188.235,465.00166666666667,9.927094822985234,4.018537626756805
225565,69.74,376.15333333333336,1109.53,15.909521078290796,5.3936526144728045
225787,153.58666666666667,878.7516666666667,1862.445,12.126345602916919,5.721536157652574
225845,105.42833333333333,349.11333333333334,991.8033333333333,9.407369935343125,3.3113805586733487
225860,17.733333333333334,58.39,164.84,9.29548872180451,3.2926691729323307
225883,126.76333333333334,702.1,1332.9166666666667,10.51500170922191,5.538667858739383
225884,106.2,591.1116666666666,1631.23,15.359981167608286,5.566023226616446
225891,126.58333333333333,,,,
225951,3865.8733333333334,3224.295,3258.57,0.8429065618635547,0.8340405186581384
225965,174.32000000000002,,,,
226025,53.901666666666664,241.985,672.4266666666666,12.475062614019356,4.48937880708698
226042,2205.9316666666664,2194.045,2228.0899999999997,1.0100448865520917,0.9946114982407284
226078,143.37,701.5816666666667,2012.7366666666667,14.038757527144218,4.893503987352073
226114,72.87666666666668,358.09833333333336,829.4883333333333,11.38208388601747,4.913758404610529
226153,0.0,0.08166666666666668,0.19499999999999998,,
226209,40.66833333333333,93.64166666666667,260.3366666666667,6.401458956600141,2.302569566821032
226212,2205.233333333333,2194.045,2228.0899999999997,1.010364738425261,0.9949264628081685
226239,7.3,14.94,35.598333333333336,4.876484018264841,2.0465753424657533
226242,38.335,189.15333333333334,270.01666666666665,7.04360679970436,4.934220251293422
226275,1739.9183333333335,1755.32,1829.65,1.0515723439126932,1.0088519480320435
226295,83.37166666666667,382.53,1123.9833333333333,13.481598464706234,4.588249405273574
226372,116.11666666666666,567.8416666666667,1697.215,14.616463327113536,4.890268408210134
226373,157.84833333333333,870.0183333333333,2066.898333333333,13.094204352279085,5.511735949065031
226376,18.866666666666667,78.75333333333333,235.15166666666667,12.46386925795053,4.174204946996467
226420,125.095,782.95,1948.6183333333333,15.577108064537619,6.258843279107879
226437,89.4,363.79,1079.0783333333334,12.070227442207308,4.06923937360179
226454,25.186666666666667,105.03833333333334,247.75666666666666,9.836818422445738,4.170394388565379
226463,93.17666666666668,277.8233333333334,814.4566666666667,8.74099381103996,2.9816835402282407
226566,217.48333333333332,1302.1066666666666,2738.2066666666665,12.590420721894398,5.987156103916009
226569,81.325,780.5699999999999,2313.69,28.44992314786351,9.598155548724254
226577,116.88000000000001,773.3433333333334,1986.535,16.99636379192334,6.616558293406342
226681,98.195,668.505,1923.4516666666668,19.58808153843543,6.807933194154489
226684,0.0,0.08166666666666668,0.19499999999999998,,
226728,186.685,626.5416666666666,1618.6,8.670219889118032,3.356143593039969
226745,116.59166666666667,441.40333333333336,839.7416666666667,7.202415838753485,3.7858909298834966
226751,31.918333333333333,156.64833333333334,461.9183333333333,14.471881363897445,4.907785494230066
226763,117.61166666666666,797.2199999999999,2268.1549999999997,19.285119106664588,6.778409171425737
226770,45.665,131.30333333333334,361.93666666666667,7.9259097047337495,2.8753604146136724
226778,193.00333333333336,5410.658333333334,9431.81,48.86863784736014,28.034014956563787
226783,198.63,690.7066666666667,1862.0516666666667,9.374473476648376,3.477353202772324
226795,112.86333333333333,766.7916666666666,1888.9316666666666,16.736451165125963,6.793983874302254
226813,6.861666666666666,24.553333333333335,55.10166666666667,8.03036191401506,3.578333738158854
226874,444.1166666666667,,,,
226914,57.22666666666667,217.57166666666666,628.255,10.978360904007456,3.8019280055917988
226918,31.645,121.37833333333333,217.575,6.87549375888766,3.8356243745720757
226940,41.01166666666666,215.49333333333334,519.3133333333333,12.662575689844353,5.25443979355468
226955,94.91333333333334,2188.2766666666666,5569.113333333333,58.67577439067218,23.05552433799255
226990,5.746666666666667,25.386666666666667,43.135,7.506090487238978,4.417633410672853
226999,100.35666666666665,275.77333333333337,796.4633333333334,7.936327100009966,2.7479323745308406
227028,128.15666666666667,370.625,1019.7166666666667,7.956797669519078,2.8919681639659793
227037,147.99833333333333,482.93333333333334,1035.6716666666666,6.997860336265048,3.2630998096825414
227105,4.0216666666666665,14.143333333333334,37.443333333333335,9.310401989225031,3.5167840861997517
227124,143.57999999999998,506.90333333333336,1495.4266666666667,10.415285322932629,3.5304592097320895
227146,92.82333333333332,295.93333333333334,607.5683333333333,6.545426796423313,3.1881351671634293
227205,335.655,863.9333333333333,2561.423333333333,7.631119254393152,2.5738729747309987
227254,118.19,759.6633333333334,1772.8466666666668,14.999971796824324,6.427475533745101
227302,73.935,365.165,837.9633333333334,11.33378417979757,4.939000473388788
227352,116.01666666666667,335.54833333333335,985.205,8.491926447349519,2.8922424938945555
227372,128.78333333333333,578.4416666666667,1298.3083333333334,10.081338164876408,4.491587938397826
227378,138.75833333333333,538.8166666666667,1158.1783333333333,8.346729926130562,3.8831301423337945
227399,130.47166666666666,580.1516666666666,1705.3916666666667,13.07097326367155,4.446572052680659
227506,9.28,18.16,45.535,4.906788793103448,1.9568965517241381
227547,4909.201666666666,4915.546666666666,4981.581666666667,1.0147437414297846,1.001292470839624
227567,24.21833333333333,58.37833333333333,170.88166666666666,7.055880531277958,2.410501686050513
227598,168.12333333333333,703.9183333333333,1711.4183333333335,10.17954081329183,4.18691635109146
227618,140.75333333333336,607.2316666666667,1757.8116666666667,12.488597072893477,4.314154786150712
227715,245.685,1396.9916666666666,2911.515,11.850601379815616,5.686108906390975
227730,173.75333333333336,539.3466666666667,1009.01,5.807140390592026,3.104093926255611
227750,90.20333333333333,336.6633333333333,664.4183333333333,7.365784708621263,3.7322715346809057
227837,6.97,26.41166666666667,77.28500000000001,11.088235294117649,3.78933524629364
227864,17.666666666666668,22.884999999999998,66.58166666666666,3.76877358490566,1.295377358490566
227909,193.45833333333334,1605.5649999999998,3532.016666666667,18.257247469308638,8.299280637518844
228021,92.45333333333333,305.575,900.2533333333333,9.737381021055668,3.305180992212287
228057,76.39666666666668,834.285,2108.7933333333335,27.603211309393952,10.920437191849555
228074,137.69833333333332,81.00333333333333,240.98166666666665,1.7500695965819,0.5882666214793207
228087,51.03666666666666,1594.15,2598.476666666667,50.913918098099415,31.23538632355823
228128,158.82999999999998,917.8866666666667,2002.7733333333333,12.609540598963253,5.779050976935508
228134,184.34333333333333,1171.6766666666667,2315.685,12.561804965372584,6.355948140245556
228136,55.016666666666666,223.15333333333334,571.2766666666666,10.383701908512572,4.056104210845199
228145,,3583.086666666667,3602.851666666667,,
228152,89.56,371.255,1066.8466666666668,11.912088730087838,4.145321572130415
228174,29.891666666666666,124.78999999999999,371.59166666666664,12.431279620853081,4.174742124337887
228201,112.35,561.545,1678.3433333333335,14.938525441329181,4.9981753449043165
228211,133.74333333333334,779.0383333333334,2255.1299999999997,16.86162550158263,5.824876006280687
228214,166.32166666666666,804.9516666666666,2322.413333333333,13.96338420530498,4.839728237451524
228220,140.29666666666665,,,,
228291,75.18,473.82166666666666,1417.7933333333335,18.858650350270462,6.30249623126718
228323,82.00833333333334,235.30166666666668,627.7416666666667,7.654608271517121,2.8692409307997155
228342,12.854999999999999,55.18,118.36666666666666,9.207830934785427,4.292493193309997
228397,60.32833333333333,229.985,615.3349999999999,10.199767936569328,3.8122220073486757
228410,1.5416666666666667,3.615,7.9399999999999995,5.15027027027027,2.344864864864865
228424,55.80833333333333,1257.3983333333333,2412.5816666666665,43.229774525907125,22.53065551739585
228445,126.58333333333333,416.845,1216.2633333333333,9.60840026333114,3.2930480579328507
228459,103.60833333333333,365.88666666666666,682.7733333333333,6.589946111155795,3.5314405211935975
228489,121.67666666666668,1168.6183333333333,2032.465,16.70381886420294,9.604292797852231
228544,105.61666666666666,575.8466666666667,1090.6716666666666,10.326700331387093,5.452232917784441
228555,2211.211666666667,2197.411666666667,2239.9216666666666,1.0129838316398172,0.9937590777906833
228565,107.77833333333334,763.63,2141.735,19.871665609971082,7.085190282524317
228571,26.971666666666668,107.12666666666668,273.615,10.14453438793796,3.9718222826422793
228574,90.18833333333333,302.9566666666667,832.4016666666666,9.229593628148503,3.359155840555874
228608,151.48166666666665,614.2816666666666,1250.6933333333334,8.256400664546867,4.055155189296835
228618,53.22166666666667,157.83166666666665,401.6316666666667,7.546394012463596,2.9655528763348253
228647,116.88666666666667,761.4050000000001,1648.7766666666669,14.105771972851196,6.514044943820226
228741,21.790000000000003,75.13833333333334,217.02666666666667,9.959920452807097,3.448294324613737
228768,111.03333333333333,3579.4883333333332,3599.851666666667,32.42135995196638,32.237961573101174
228809,42.49166666666667,180.74833333333333,449.1983333333334,10.571445381447344,4.253736026671897
229048,38.925,81.22,242.72333333333333,6.235666880753587,2.086576750160565
229064,30.21833333333333,54.41833333333333,159.66833333333335,5.2838232860846075,1.800838343169158
229080,217.02833333333334,3912.4566666666665,4970.026666666667,22.900358632129446,18.027400416228296
229082,107.12333333333332,237.75666666666666,682.5,6.371160967109563,2.2194666583688587
229091,198.35333333333335,1249.3283333333334,2526.548333333333,12.737614694316537,6.298499310993849
229098,115.30166666666668,578.4716666666667,1298.3983333333333,11.260880877697632,5.017027796649369
229102,71.51833333333335,308.2033333333333,866.5916666666667,12.117056232667613,4.3094311481904395
229112,71.97833333333332,236.31833333333333,635.1233333333333,8.823812721420799,3.2831870701831574
229164,52.65333333333333,1529.24,2409.1966666666663,45.75582425930615,29.043555330463413
229330,148.56,484.42833333333334,1040.1616666666666,7.001626727697002,3.260826153293843
229393,68.60666666666665,368.75333333333333,1087.325,15.848678456904095,5.374890681177729
229399,1743.3966666666668,1775.4383333333333,1888.8416666666667,1.0834262235215164,1.0183788734252484
229400,23.52,155.54,397.0433333333333,16.88109410430839,6.613095238095238
229423,94.50666666666666,2204.55,5617.9400000000005,59.444906884875856,23.326925790067722
229492,75.025,368.9533333333333,663.06,8.837854048650449,4.917738531600577
229499,162.45333333333335,1419.2583333333334,2795.82,17.20998850952068,8.736406352593566
229507,33.44166666666667,137.24833333333333,408.32,12.209917767256416,4.104111637179168
229564,54.22166666666667,230.12166666666664,496.4483333333334,9.155903236713492,4.244090615682537
229577,147.515,673.935,1938.48,13.140900925329628,4.5685862454665624
229622,,3583.086666666667,3602.851666666667,,
229640,134.43166666666667,641.3166666666667,1840.8216666666667,13.693363418837327,4.770577368923493
229652,231.64833333333334,1611.9399999999998,3632.455,15.680902805257968,6.95856506630021
229655,16.666666666666668,90.37166666666667,140.32000000000002,8.4192,5.4223
229670,20.101666666666667,70.25333333333333,187.92000000000002,9.34847856728298,3.494900920321698
229707,61.775,721.8066666666667,1727.1433333333334,27.958613246998517,11.684446243086471
229745,32.27166666666667,122.51166666666667,315.0,9.760884160512317,3.796260909982957
229763,123.38000000000001,503.0133333333333,1462.005,11.849610958015885,4.076943859080347
229769,93.26333333333334,314.96,602.9566666666667,6.465098824118089,3.3771042567640013
229843,93.44666666666667,323.06,858.3333333333334,9.185275023186131,3.4571591638724404
229853,167.38166666666666,573.7966666666667,1618.4833333333333,9.66941819593942,3.4280735644086873
229871,51.980000000000004,214.38500000000002,476.65333333333336,9.169937155316147,4.124374759522894
229966,59.098333333333336,235.16833333333335,693.4333333333333,11.733551425590116,3.9792718350771312
230000,252.12,1167.4033333333332,2379.758333333333,9.438990692262943,4.630347982442222
230012,0.0,60.89833333333333,146.17166666666665,,
230083,102.38666666666667,530.09,1586.0149999999999,15.490444719364499,5.177334288318792
230145,15.685,60.09,178.39,11.373286579534586,3.831048772712783
230198,140.53333333333333,992.8533333333332,2092.5533333333333,14.890085388994308,7.064895635673624
230227,46.669999999999995,156.14666666666665,427.0566666666667,9.150560674237555,3.3457610170702092
230322,34.38,148.13666666666668,387.875,11.28199534613147,4.308803567965872
230387,95.55,552.87,1518.125,15.888278388278389,5.7861852433281005
230389,80.37166666666667,244.18833333333333,715.13,8.897787362876635,3.0382390145781057
230393,14.076666666666666,313.925,487.0833333333333,34.6021785460573,22.301089273028655
230401,121.83666666666666,407.83,1167.285,9.580736505157178,3.347350277694181
230426,17.509999999999998,140.61166666666668,365.005,20.845516847515707,8.030363601751382
230457,3.14,10.488333333333333,29.925,9.530254777070063,3.3402335456475583
230546,141.30499999999998,608.7083333333334,1753.3916666666667,12.408560678437896,4.307762169302809
230566,269.0866666666667,1448.5266666666669,3064.3033333333337,11.387793276020117,5.383123157347075
230592,178.565,1172.1566666666665,2534.2799999999997,14.192478929241451,6.564313648624683
230607,129.155,381.915,1118.8166666666666,8.662588878995521,2.9570283767566106
230749,65.01666666666667,205.415,612.7766666666666,9.424916688028711,3.1594206613688796
230821,58.53666666666666,352.6616666666667,849.9766666666667,14.520414554979787,6.024628438016059
230846,117.94833333333332,543.0716666666666,1228.8666666666666,10.418686147889613,4.604318274950897
230925,211.345,1046.5483333333334,2916.161666666667,13.79811051440378,4.951848084096304
230932,39.67333333333333,318.22833333333335,477.4866666666667,12.035456225844397,8.021214921861873
231033,4909.201666666666,4915.546666666666,4981.581666666667,1.0147437414297846,1.001292470839624
231048,33.24333333333333,874.0300000000001,2220.45,66.79384337711822,26.291888097864238
231080,104.30833333333334,427.22166666666664,1277.8283333333334,12.250491331788767,4.09575776943357
231092,117.59833333333333,802.3349999999999,2325.1716666666666,19.772148131351067,6.822673223826868
231101,89.85,777.1216666666667,1681.3300000000002,18.71263216471898,8.649100352439252
231187,46.09,598.7866666666666,1792.5483333333332,38.892348304042805,12.991682939176972
231199,0.0,60.89833333333333,146.17166666666665,,
231244,58.62,182.265,491.06666666666666,8.377118162174456,3.109263050153531
231251,6.873333333333333,35.17666666666666,57.07166666666667,8.303346265761398,5.117846750727448
231273,90.185,272.025,681.77,7.559682874092143,3.016299828131064
231300,90.86666666666666,668.505,1923.4516666666668,21.1678466617755,7.3569882611885555
231364,117.46000000000001,837.5133333333334,1580.7466666666667,13.457744480390486,7.130200351892843
231379,12.835,32.473333333333336,51.36333333333334,4.001817945721335,2.5300610310349305
231403,68.52666666666667,281.455,799.895,11.67275513182216,4.107233193890456
231406,161.74166666666667,573.73,1615.9683333333335,9.991045391313309,3.54719975269205
231436,3865.8733333333334,3313.9933333333333,3366.2283333333335,0.8707549479979513,0.8572431240202731
231551,91.83833333333334,719.125,1263.4283333333333,13.757091265448341,7.830335916374788
231613,0.0,0.08166666666666668,0.19499999999999998,,
231648,139.98666666666668,984.62,2312.991666666667,16.52294266120583,7.033669873321268
231686,93.71499999999999,373.81,1117.8016666666667,11.927670774867064,3.988795817105053
231738,12.443333333333333,31.35,61.35666666666667,4.930886686311278,2.5194213769086526
231762,172.03333333333333,661.3716666666667,1488.0216666666668,8.649612478201899,3.8444390621972486
231768,156.88333333333333,605.3166666666667,1385.9833333333333,8.834484223945609,3.8583873366620636
231807,7.888333333333334,267.79833333333335,771.685,97.82611451510668,33.94865835622227
231831,26.81,61.18,165.81333333333333,6.184756931493224,2.2819843342036554
231989,185.61666666666667,756.795,2264.588333333333,12.200350184071112,4.077193139983837
232027,103.59666666666666,308.9583333333333,924.6983333333334,8.925946780784454,2.98231925094115
232071,122.09666666666666,915.9916666666667,2000.3233333333333,16.3831117420623,7.50218406180895
232093,43.18,88.84833333333333,265.6633333333333,6.15246255982708,2.057626987802995
232141,213.515,1971.4216666666666,3857.75,18.067817249373583,9.233176435691481
232177,2211.211666666667,2197.411666666667,2239.9216666666666,1.0129838316398172,0.9937590777906833
232209,138.84,653.0766666666666,1876.1116666666667,13.512760491693076,4.703807740324594
232272,82.74166666666666,3242.05,3247.2783333333336,39.24598650417968,39.182797864840374
232308,45.92666666666666,302.4066666666667,669.8316666666667,14.584809115982003,6.584555087821165
232309,141.16333333333333,840.4933333333333,1969.575,13.952454603414486,5.954048501735579
232346,44.141666666666666,684.1466666666668,1278.3783333333333,28.96080800453087,15.498886161978481
232369,94.12333333333332,987.89,2086.9983333333334,22.173017671848996,10.495697134964765
232389,14.668333333333333,85.28666666666666,151.54833333333332,10.331666856039085,5.814339279627315
232468,144.61833333333334,668.4833333333333,1922.3283333333334,13.292424888499614,4.622396883751484
232491,19.775,319.68,493.22666666666663,24.941930046354827,16.165865992414666
232498,139.085,506.1383333333333,1042.2866666666666,7.493882637715545,3.639057650597356
232510,58.36666666666667,237.48,667.9966666666667,11.444831524842947,4.068760708166762
232543,83.45666666666666,196.22333333333333,537.9966666666667,6.446419299436834,2.35120022366897
232576,9.725,29.483333333333334,75.39,7.752185089974294,3.031705227077978
232640,57.568333333333335,1604.5600000000002,2623.2783333333336,45.56807851538751,27.8722677397875
232690,55.31666666666667,224.24333333333334,628.3050000000001,11.358330822536908,4.053811388972582
232694,41.915,143.12,379.6816666666667,9.058372102270468,3.4145294047477037
232738,122.34666666666666,982.2533333333333,2079.865,16.999768417611158,8.028443766346992
232744,204.2133333333333,,,,
232745,83.52666666666667,785.59,1963.2350000000001,23.50429004709075,9.405259797270332
232769,106.86,645.4833333333333,1710.8833333333334,16.010512196643585,6.040457920019964
232807,209.97,1198.5683333333334,2519.4,11.99885697956851,5.70828372307155
232842,1.6483333333333334,7.15,21.428333333333335,13.0,4.3377148634984835
232917,20.883333333333333,71.51,210.20833333333334,10.065841979249802,3.4242617717478057
232936,251.32999999999998,1352.6316666666667,2765.6366666666668,11.00400535816125,5.381894985344633
232944,259.92333333333335,1180.405,2418.7799999999997,9.30574400143632,4.541358349256832
233003,124.25500000000001,359.705,1002.7166666666667,8.06982951725618,2.894893565651281
233017,0.0,0.08166666666666668,0.19499999999999998,,
233020,172.98999999999998,683.6233333333333,1687.0733333333333,9.752432703239108,3.9518083896949734
233023,138.12333333333333,6928.025,11274.053333333333,81.62309047469653,50.158252286603755
233066,90.44166666666666,782.855,2061.045,22.788666728093617,8.655910808071502
233171,183.675,694.2133333333334,2018.5216666666668,10.989637493761625,3.779574429472347
233196,53.57,917.49,2612.233333333333,48.76298923526849,17.12693671831249
233228,138.84,653.0766666666666,1876.1116666666667,13.512760491693076,4.703807740324594
233258,121.17833333333333,746.7166666666667,1734.03,14.309736339004498,6.16213019379152
233341,52.276666666666664,1263.4416666666666,2426.9716666666664,46.425524453229606,24.16836702161576
233363,56.13166666666667,211.38500000000002,622.6383333333334,11.09246117758841,3.765877846729416
233392,11.501666666666667,55.68,163.875,14.247935081872193,4.841037530792638
233402,34.833333333333336,78.18833333333333,214.29833333333332,6.152105263157894,2.2446411483253588
233420,7.035,24.243333333333332,70.65666666666667,10.043591565979625,3.4461028192371472
233437,169.04666666666665,818.3733333333333,1528.8666666666666,9.044050952399733,4.841108963994164
233453,119.57833333333333,725.1233333333333,1969.8183333333334,16.47303720016168,6.064002676070079
233480,5.495,23.271666666666665,67.70666666666666,12.321504397937519,4.235062177737337
233516,0.0,0.0,0.0,,
233525,31.136666666666667,122.93333333333334,362.75,11.650251579060058,3.9481854191200085
233606,61.059999999999995,190.47166666666666,498.15999999999997,8.158532590894202,3.1194180587400373
233715,108.76833333333335,725.125,1771.6433333333334,16.288227272030767,6.666692205145492
233746,126.58333333333333,,,,
233772,104.315,310.81,816.235,7.824713607822461,2.9795331448018025
233883,64.83333333333333,284.2583333333333,758.9133333333334,11.705604113110542,4.384447300771209
233959,3859.6583333333333,3837.705,3875.938333333333,1.0042179899343422,0.994312104482478
233964,23.285,71.71666666666667,193.90666666666667,8.327535609476774,3.07995132775034
234017,80.10333333333332,369.3616666666667,1089.11,13.59631309558487,4.611064874537057
234061,39.730000000000004,239.04,703.9516666666666,17.718390804597696,6.016612131890258
234187,144.255,,,,
234246,36.40833333333333,99.47,243.57999999999998,6.690226596475166,2.7320668345159076
234254,58.080000000000005,244.335,702.7133333333334,12.099058769513315,4.206869834710743
234295,216.52833333333334,752.4133333333334,2253.0316666666668,10.405251044897897,3.4748955102103656
234349,21.465,213.94,412.88,19.235033775914278,9.966922897740508
234378,121.655,628.9433333333333,1724.3283333333334,14.173920786924773,5.169893003438685
234389,112.87833333333333,2117.6666666666665,3298.9533333333334,29.225744533199464,18.760612458842115
234521,31.990000000000002,296.90166666666664,847.86,26.503907471084712,9.28107742002709
234595,50.73166666666667,200.19166666666666,356.1716666666667,7.020697131968856,3.9460888991096947
234596,36.61,140.165,289.9583333333333,7.920194846581079,3.828598743512701
234634,67.06,818.7166666666667,2062.0866666666666,30.74987573317427,12.208718560493091
234666,12.2,49.080000000000005,131.74333333333334,10.798633879781422,4.022950819672132
234677,82.05666666666666,331.95,983.575,11.986533696226187,4.045375147255962
234700,126.52333333333333,3234.838333333333,3241.2166666666667,25.617540901546487,25.567128592881417
234781,1.66,3.1483333333333334,8.108333333333333,4.884538152610442,1.8965863453815262
234797,92.86666666666666,586.3633333333333,1616.2716666666668,17.40421751615219,6.314034458004308
234798,120.09666666666666,408.8333333333333,1170.8233333333333,9.74900774376197,3.404202170473785
234826,81.35,280.10999999999996,833.4599999999999,10.245359557467731,3.4432698217578364
234931,104.79333333333334,,,,
234947,122.36833333333334,632.8383333333334,1816.4633333333334,14.844227128478227,5.171585786083001
234965,6.886666666666667,20.745,55.376666666666665,8.041142303969021,3.0123426911907067
234967,119.945,752.0566666666667,1750.0316666666665,14.590284435922019,6.27001264468437
235096,114.94666666666667,645.2099999999999,1853.5716666666667,16.125492982252638,5.613124927502609
235135,41.27333333333333,628.9666666666667,1855.1716666666666,44.94843320949766,15.239056695202715
235156,35.385,209.59166666666667,582.5483333333334,16.46314351655598,5.9231783712495885
235161,65.31333333333333,239.04,703.9516666666666,10.778069817291007,3.659895886495866
235171,68.82333333333332,296.50333333333333,831.4916666666667,12.081537269336952,4.308180365186226
235209,3865.8733333333334,3313.9933333333333,3366.2283333333335,0.8707549479979513,0.8572431240202731
235240,0.0,0.08166666666666668,0.19499999999999998,,
235244,179.94666666666666,818.1383333333334,2183.726666666667,12.13541049199763,4.546560091879076
235362,71.075,238.72666666666666,642.34,9.03749560323602,3.358799390315394
235397,443.425,,,,
235424,141.67833333333334,504.005,1264.405,8.9244768077923,3.5573893914618795
235427,99.91333333333334,756.7266666666667,1563.0666666666666,15.64422499499566,7.573830653232801
235429,129.3,837.5133333333334,1580.7466666666667,12.22541892240268,6.477287960814643
235430,66.95,171.72,501.90333333333336,7.496689071446353,2.5648991784914115
235437,62.519999999999996,255.47833333333335,721.9883333333333,11.548117935593945,4.086345702708467
235453,47.663333333333334,261.7,754.795,15.835967550178333,5.490593747814533
235515,0.0,39.69166666666667,95.28333333333333,,
235527,131.65666666666667,1037.48,2470.923333333333,18.767931741651264,7.880193432412589
235553,116.00666666666666,574.9699999999999,1251.5683333333334,10.788762140106892,4.95635308315614
235578,190.13833333333332,655.265,1819.5283333333332,9.569497646450392,3.4462540431089645
235579,103.875,1365.8866666666665,2715.836666666667,26.145238668271162,13.149330124348173
235661,40.785,173.25166666666667,503.8283333333333,12.35327530546361,4.247926116627846
235682,162.74833333333333,6884.416666666667,11263.3,69.20685311677538,42.30099642597467
235692,66.75666666666667,215.92999999999998,606.9283333333333,9.091651270784439,3.2345833125280863
235734,107.18,1292.4416666666666,2139.22,19.959134166822164,12.058608571250854
235777,38.605000000000004,147.995,407.76,10.562362388291671,3.8335707809869186
235803,17.791666666666668,66.425,173.11666666666667,9.730210772833724,3.7334894613583134
235818,33.84166666666667,108.70166666666667,285.3333333333333,8.431420832307312,3.212065993597636
235843,40.013333333333335,153.67000000000002,401.6433333333333,10.037737420859713,3.8404698433855384
235850,93.89166666666667,271.27833333333336,786.09,8.372308511582498,2.889269548238218
235877,0.0,0.0,0.0,,
235929,57.91,1180.5433333333335,3190.991666666667,55.1026017383296,20.38582858458528
235950,41.09666666666667,161.78166666666667,460.00333333333333,11.193203017276339,3.9366128639792355
235953,175.84333333333333,692.5833333333334,1522.825,8.660123594866644,3.938638560840142
235960,55.0,291.3433333333333,738.2966666666667,13.423575757575758,5.297151515151515
236000,119.42166666666667,481.3566666666667,1004.4183333333333,8.410687619499532,4.0307314418098334
236042,159.85166666666666,791.035,1488.5383333333334,9.311997581090804,4.948556474231319
236070,42.335,182.68333333333334,490.43666666666667,11.584662021180268,4.315184441557419
236089,113.19,390.4066666666667,1115.5483333333332,9.85553788615013,3.4491268368819394
236149,126.58333333333333,,,,
236164,63.15,293.23833333333334,751.6583333333333,11.902744787542886,4.643520717867512
236170,114.1,273.3566666666667,790.0816666666667,6.924466841951506,2.39576394975168
236197,112.00666666666666,760.7583333333333,2137.585,19.084444378310817,6.792080828522112
236258,260.0133333333333,,,,
236368,160.05499999999998,706.1283333333333,1953.9383333333333,12.207918111482513,4.411785532056689
236392,140.54166666666666,675.1383333333334,1505.9583333333333,10.715386895938334,4.803830418025497
236393,10.753333333333334,22.571666666666665,58.019999999999996,5.39553626782393,2.0990390576565403
236408,119.76833333333335,670.1683333333333,1203.8583333333333,10.051557868663112,5.595538609259542
236423,85.69,319.87333333333333,957.89,11.178550589333645,3.7329132142996073
236445,0.0,7.6483333333333325,18.353333333333335,,
236513,53.269999999999996,921.6316666666667,2624.6716666666666,49.27110318503223,17.30113885238721
236553,201.77,1156.5449999999998,2469.038333333333,12.23689514463663,5.731996828071566
236571,14.108333333333333,63.401666666666664,183.06,12.975310100413468,4.4939161252215
236656,152.09166666666667,579.5016666666667,1224.3300000000002,8.04994794805764,3.810213139006082
236667,170.815,719.1583333333333,2075.56,12.150923513742939,4.210159139029554
236718,133.88,,,,
236758,148.11833333333334,700.4683333333334,1580.5816666666665,10.671073803602974,4.729112983988028
236761,6.175,290.8283333333333,830.2916666666666,134.46018893387316,47.09770580296896
236790,31.241666666666667,134.65833333333333,347.775,11.131768471592423,4.310216057615364
236812,141.98166666666665,849.86,1908.895,13.444658347908769,5.985702379415184
236841,84.33999999999999,357.14500000000004,1052.5016666666666,12.479270413406056,4.2345861987194695
236876,0.0,0.08166666666666668,0.19499999999999998,,
236907,190.74166666666667,933.025,1951.1633333333334,10.229350342959501,4.891563633186246
236956,20.725,156.74666666666664,413.05,19.930036188178526,7.5631684760755915
236998,125.92666666666668,773.7516666666667,1829.8383333333334,14.530983641272698,6.144462385515379
237050,82.73833333333333,753.005,1844.4383333333333,22.29242793545918,9.101041435851984
237061,63.67833333333333,1190.0833333333333,2330.555,36.59886931714084,18.688983694087472
237166,142.27666666666667,580.6666666666666,1208.4383333333333,8.493580582433287,4.08125014642832
237201,259.3383333333333,1296.8716666666667,2612.45,10.073520433410668,5.00069407402171
237213,24.998333333333335,99.6,205.15,8.20654710314021,3.984265617707847
237215,186.19666666666666,920.9216666666667,1914.8466666666668,10.284000787697597,4.945962154710969
237241,159.86166666666668,655.6716666666667,1913.8166666666666,11.97170470302449,4.1014940000208515
237297,126.52333333333333,3242.05,3247.2783333333336,25.665450378059386,25.62412730194694
237326,246.99333333333334,,,,
237329,11.828333333333335,24.05666666666667,54.3,4.590672114978159,2.0338171058193604
237387,71.96000000000001,568.8383333333334,907.5033333333333,12.611219195849545,7.904924031869557
237399,118.25666666666666,827.4583333333334,1901.1333333333334,16.076331144121546,6.997138991459256
237485,261.2033333333333,1872.7183333333335,3676.211666666667,14.074137645001981,7.169580531131559
237519,13.821666666666665,91.555,142.05499999999998,10.277704087784878,6.624020258048958
237537,0.0,0.08166666666666668,0.19499999999999998,,
237594,147.515,673.935,1938.48,13.140900925329628,4.5685862454665624
237627,16.38,292.97333333333336,661.5416666666666,40.38715913715914,17.88603988603989
237632,88.185,341.92333333333335,1021.91,11.58825197028973,3.877341195592599
237665,158.82999999999998,917.8866666666667,2002.7733333333333,12.609540598963253,5.779050976935508
237731,103.01166666666667,546.5233333333333,1159.9183333333335,11.260067629880112,5.305450838901742
237746,126.45166666666667,589.2333333333333,1715.7949999999998,13.568781220756282,4.659751420173716
237749,83.35166666666667,369.3616666666667,1089.11,13.066445382015955,4.431365099678071
237750,215.30499999999998,1091.16,1970.0033333333333,9.149826215523715,5.067973340145376
237757,43.255,225.56166666666667,501.85499999999996,11.602242515316147,5.214695796247062
237761,285.76166666666666,1977.1683333333335,3906.7166666666667,13.671241185836683,6.918941775488899
237771,121.54333333333334,302.7916666666667,777.23,6.394674053149768,2.4912239804733565
237795,114.145,714.8833333333333,1260.0216666666668,11.038781082541213,6.262940412049002
237810,23.508333333333333,224.50666666666666,651.2483333333333,27.702871322226162,9.550088621056362
237814,3.4483333333333333,6.203333333333333,15.368333333333334,4.456742387626873,1.7989366843885934
237999,142.52333333333334,902.4883333333333,1994.6766666666667,13.99543934326543,6.332214608134341
238048,107.02333333333333,841.7099999999999,2019.0116666666665,18.86515401625814,7.864733547201545
238071,260.12333333333333,1614.4933333333333,3558.82,13.681279393108397,6.2066455655650525
238104,150.38166666666666,818.5316666666666,2228.4783333333335,14.818816566735752,5.443028294672445
238108,185.13833333333332,921.6033333333332,2040.5916666666667,11.021983561841147,4.977917413105516
238143,99.00833333333334,275.77333333333337,796.4633333333334,8.044407036444744,2.785354768117162
238163,88.015,322.35499999999996,721.245,8.194569107538488,3.6625007101062312
238167,187.085,,,,
238229,72.70166666666667,314.42,786.1183333333333,10.812934137227481,4.3247976891864015
238301,66.24666666666667,1572.625,2625.7966666666666,39.63666096407366,23.738930260642043
238373,53.47,207.88333333333333,578.8933333333333,10.826507075618727,3.8878498846705316
238397,61.108333333333334,143.67166666666665,409.4533333333333,6.700450020455475,2.3510977771716894
238442,0.0,39.69166666666667,95.28333333333333,,
238506,81.845,308.4933333333333,829.2766666666666,10.132282566640194,3.7692386014213852
238540,158.82999999999998,917.8866666666667,2002.7733333333333,12.609540598963253,5.779050976935508
238657,86.66666666666667,453.3666666666667,869.2783333333333,10.030134615384615,5.231153846153846
238678,110.03,585.4966666666667,1135.5583333333334,10.320442909509529,5.321245720864007
238761,216.36499999999998,,,,
238821,32.41833333333333,103.33666666666666,304.46,9.391599403629634,3.1875996092745877
238839,62.730000000000004,256.39166666666665,724.7266666666667,11.553111217386684,4.08722567617833
239005,33.47666666666667,78.74166666666666,220.175,6.5769690331574235,2.3521358159912373
239048,5.348333333333333,24.259999999999998,54.39666666666667,10.170769710190092,4.53599252103459
239093,45.78333333333333,276.45166666666665,349.62,7.636403349108118,6.038259919912632
239179,15.658333333333333,79.78999999999999,223.70499999999998,14.286641830761042,5.095689196381053
239197,185.17333333333332,755.175,2259.733333333333,12.203341013824884,4.078206005184332
239202,153.33666666666667,854.775,1924.77,12.552574944022956,5.574498380469989
239215,59.20333333333333,757.9616666666666,2248.61,37.98113844941163,12.802685659591237
239291,144.65833333333333,608.0266666666666,1820.43,12.58434241603779,4.203191428077655
239309,54.75833333333333,163.74833333333333,460.19666666666666,8.404139400395678,2.990381981433572
239313,182.32000000000002,,,,
239403,243.76833333333335,1153.4883333333335,2338.0299999999997,9.591196559575005,4.731903925174859
239431,117.43666666666667,837.3516666666667,1580.3583333333333,13.457111634639947,7.130240413272403
239444,42.49166666666667,185.88500000000002,457.5083333333333,10.76701313983134,4.374622474995097
239446,197.60333333333335,759.7683333333333,1782.7666666666667,9.021946323442586,3.8449165837283443
239463,240.31166666666667,1121.0283333333332,2304.68,9.590379160395875,4.664893506349393
239464,18.191666666666666,71.69166666666666,208.65,11.469537333944114,3.940907008703619
239511,48.16166666666666,239.25666666666666,439.55,9.126552929369831,4.967782122711701
239519,0.0,39.61333333333334,95.095,,
239567,203.63,1668.975,3628.1549999999997,17.817389382703922,8.196115503609487
239579,90.615,277.90333333333336,698.425,7.707609115488606,3.066857952141846
239734,258.465,917.8866666666667,2002.7733333333333,7.74872161930371,3.5512996601732025
239772,144.65833333333333,608.0266666666666,1820.43,12.58434241603779,4.203191428077655
239795,65.02,269.1516666666667,795.0533333333333,12.227827335178919,4.13952117297242
239827,0.0,60.89833333333333,146.17166666666665,,
239878,73.96833333333333,245.58666666666667,644.4416666666667,8.712399450215182,3.3201595277258287
239898,81.03833333333334,351.9616666666667,1036.905,12.795240935359807,4.343150360940296
239937,183.81166666666667,905.9633333333334,2003.0166666666667,10.897113893749943,4.928758602555152
239964,188.41833333333335,775.1933333333333,1291.9983333333332,6.857073356272831,4.114213938841761
240000,66.86833333333333,208.50333333333336,622.0483333333334,9.302584681338951,3.1181176939757242
240012,136.40666666666667,677.5116666666667,1947.8633333333335,14.27982503298959,4.966851571281951
240050,296.5933333333333,40.35333333333333,79.055,0.26654341522623576,0.13605610375598462
240065,260.12333333333333,1614.4933333333333,3558.82,13.681279393108397,6.2066455655650525
240067,89.03166666666667,209.44,592.4983333333333,6.654916789906213,2.352421423089163
240125,66.27666666666667,267.2916666666667,798.2116666666666,12.04363023688578,4.032967861992657
240132,66.94166666666666,210.68666666666667,487.89166666666665,7.288310718287066,3.1473173160712067
240144,43.36,550.7099999999999,877.5300000000001,20.238238007380076,12.700876383763836
240158,100.82666666666667,668.505,1923.4516666666668,19.076814996032798,6.630240015868818
240169,3.828333333333333,10.718333333333334,28.641666666666666,7.4814976055724856,2.7997387897257293
240188,115.435,522.43,1563.7183333333335,13.546310333376649,4.525750422315588
240369,104.12833333333333,321.07,839.8566666666667,8.06559213790675,3.0834066936632682
240373,153.85666666666665,7051.541666666667,11427.281666666668,74.27225556253657,45.831888987585856
240390,32.105,142.38,421.97166666666664,13.143487514924987,4.434823236256035
240426,158.82999999999998,1070.25,2185.415,13.759459799785935,6.738336586287226
240445,152.025,951.0833333333334,2148.6566666666668,14.133574521734364,6.256098229457875
240461,36.375,82.21499999999999,226.0366666666667,6.214066437571593,2.26020618556701
240520,86.11,298.02666666666664,721.5699999999999,8.379630704912321,3.4609994967677
240572,187.155,767.9183333333333,1613.2433333333333,8.61982492230148,4.1031141745255715
240651,118.86166666666666,745.5666666666667,2155.4583333333335,18.13417558225949,6.272557735182356
240732,267.69,1475.655,3142.5333333333333,11.739449861157807,5.512551832343382
240749,143.29500000000002,506.1433333333333,1493.1566666666665,10.420158879700383,3.5321772101841185
240789,123.33833333333334,763.73,1891.595,15.336635001283732,6.192154372120049
240812,71.40333333333334,280.625,829.4866666666666,11.616917977685446,3.9301386489893093
240852,79.015,390.175,834.5583333333333,10.562024088253285,4.937986458267417
240861,169.10333333333335,1419.2583333333334,2795.82,16.533204549486506,8.392846582957166
240870,116.02833333333334,1569.6383333333333,2642.461666666667,22.77427927086775,13.528060674835169
240873,96.21833333333333,384.4916666666667,1149.8483333333331,11.950407926417347,3.9960333269820376
240889,114.70333333333333,1038.5366666666666,2214.9649999999997,19.31038040161576,9.054110604167272
240909,124.25500000000001,359.705,1002.7166666666667,8.06982951725618,2.894893565651281
241000,74.70666666666666,300.095,888.0016666666667,11.886511690165984,4.016977512047118
241012,72.05333333333333,475.65166666666664,624.2683333333333,8.663975758697262,6.601383234641007
241023,164.99666666666664,630.49,1407.0366666666666,8.527667225600519,3.821228711691146
241026,2.915,10.896666666666667,31.668333333333333,10.863922241280731,3.7381360777587194
241078,117.86,396.1333333333333,1131.98,9.604445952825387,3.3610498331353584
241087,112.75666666666666,838.9133333333334,2433.5,21.58187246873799,7.440033109646142
241088,160.66833333333335,,,,
241173,20.773333333333333,70.74333333333334,202.70333333333335,9.757862644415919,3.405487804878049
241273,160.74666666666664,688.1783333333333,1983.35,12.338358493696086,4.28113594890511
241276,63.281666666666666,218.73333333333332,652.1116666666666,10.304906634359607,3.4565039900971843
241315,302.89500000000004,40.35333333333333,79.055,0.26099803562290563,0.13322548517913246
241348,126.68,610.0416666666666,1209.5449999999998,9.548034417429742,4.815611514577412
241503,50.151666666666664,1579.75,2564.5833333333335,51.13655245754545,31.499451663288028
241530,195.04833333333332,618.8216666666667,1839.4116666666666,9.430542856898718,3.1726580591135534
241543,105.62333333333332,411.335,988.1033333333332,9.354972070565216,3.894357307413135
241562,61.96666666666667,235.63500000000002,688.09,11.104195804195804,3.8026089295320067
241585,106.47833333333332,285.22833333333335,850.62,7.988667491038866,2.6787452846431985
241609,141.42666666666668,698.6583333333333,1451.3233333333333,10.262020363910624,4.940074950504384
241616,268.43666666666667,1433.66,3122.585,11.632483143137426,5.340775601942109
241667,56.84,284.915,593.0166666666667,10.433087027914613,5.012579169598874
241673,85.10333333333332,345.175,1023.245,12.023559594218794,4.055951588265247
241675,147.68833333333333,901.3883333333334,1854.76,12.558608782007155,6.1033144121065765
241758,12.853333333333333,35.608333333333334,106.675,8.299403526970954,2.7703578838174274
241788,184.47333333333333,1368.79,2723.4733333333334,14.763506920602797,7.41998843554624
241856,131.15333333333334,700.1866666666666,1921.3283333333334,14.649481522899405,5.338687541300259
241865,103.33,926.5216666666668,2013.3666666666666,19.484822091035195,8.966627955740508
241900,3865.8733333333334,3303.741666666667,3353.945,0.867577571950107,0.8545912868329881
241901,88.66666666666667,367.365,1055.1933333333334,11.900676691729323,4.1432142857142855
241906,43.41166666666666,219.35833333333332,371.12666666666667,8.549007563251047,5.0529811494605905
241956,145.29333333333335,6894.3133333333335,11233.288333333334,77.31454758190327,47.450995686886294
241960,173.5366666666667,661.4116666666666,1817.4533333333334,10.473022031847256,3.811365513532202
241974,80.39833333333333,281.39500000000004,822.325,10.228134911586062,3.5000103650573196
241977,126.58333333333333,416.845,1216.2633333333333,9.60840026333114,3.2930480579328507
242069,44.55,312.95166666666665,685.3333333333334,15.383464272353162,7.024728769173214
242173,28.435,137.32000000000002,369.96666666666664,13.010960670535137,4.829259715139793
242186,49.151666666666664,917.4233333333334,2612.0350000000003,53.1423485131057,18.665152080295687
242209,10.615,112.67833333333333,197.76833333333335,18.631025278693674,10.61501020568378
242214,441.8283333333333,,,,
242240,124.43666666666667,480.2066666666667,940.7633333333334,7.560177868259625,3.85904476172618
242250,126.13333333333334,663.9083333333333,1907.1766666666667,15.120322410147992,5.263543868921776
242295,84.14166666666667,244.225,700.995,8.331128057838962,2.902545310488264
242337,89.635,350.7966666666667,1039.3833333333334,11.595730834309515,3.913612614120228
242340,60.626666666666665,247.25833333333333,697.3199999999999,11.501869364416098,4.0783758522102485
242472,99.85333333333332,225.57833333333335,646.7666666666667,6.477166510882628,2.259096675123515
242580,139.32333333333332,733.06,2107.1233333333334,15.123980189965788,5.261573797162476
242584,37.001666666666665,147.79833333333332,379.35499999999996,10.252376019098238,3.994369622989955
242607,177.1,5749.321666666667,9846.663333333334,55.59945416901939,32.4637022397892
242630,128.275,508.5066666666667,1086.9433333333334,8.473539920743194,3.9641915156239853
242757,50.05,125.02833333333334,334.685,6.687012987012987,2.498068598068598
242811,158.82999999999998,917.8866666666667,2002.7733333333333,12.609540598963253,5.779050976935508
242816,64.18666666666667,262.68666666666667,743.6066666666667,11.585064395513086,4.092542584129622
242846,215.35,1260.8183333333334,2582.733333333333,11.993189381626808,5.854740345174522
242888,121.82833333333333,,,,
242896,119.16833333333334,454.85999999999996,1086.4666666666667,9.11707528566034,3.8169536090404326
242965,98.815,265.93333333333334,773.2633333333334,7.82536389549495,2.6912243417834674
243090,7.430000000000001,28.148333333333333,81.62666666666668,10.98609241812472,3.788470165993719
243091,137.11166666666668,806.1616666666666,2190.8416666666667,15.978521156721406,5.879599353325148
243092,70.50333333333333,197.30333333333334,584.3366666666666,8.28807148598175,2.7984965249869984
243115,172.37666666666667,822.4816666666667,1555.3333333333333,9.022876259354513,4.771421112679597
243158,46.825,181.12333333333333,450.09833333333336,9.612350952126713,3.8680904075458264
243186,25.675,103.68833333333333,218.44333333333333,8.50801687763713,4.038493995456021
243223,16.845000000000002,69.35833333333333,197.765,11.740279014544372,4.117443356089838
243225,137.73999999999998,751.15,1982.5033333333333,14.393083587435267,5.453390445767388
243227,176.47,610.8383333333334,1759.0383333333334,9.967917115279274,3.46142876031809
243289,148.49666666666664,484.26166666666666,1039.6633333333334,7.001257042806799,3.261094525129633
243328,126.58333333333333,416.845,1216.2633333333333,9.60840026333114,3.2930480579328507
243354,166.63166666666666,,,,
243361,32.10666666666667,115.23,331.77666666666664,10.333575581395348,3.588974252491694
243372,46.00333333333333,275.02666666666664,638.0883333333334,13.870480399971019,5.9784073617853775
243392,133.61499999999998,426.87833333333333,859.1766666666666,6.430241115643204,3.194838403871821
243437,46.041666666666664,107.96833333333333,303.37,6.589031674208146,2.3450135746606335
243441,48.79833333333333,887.1716666666667,2633.5733333333333,53.9685098534786,18.18036818197343
243466,52.638333333333335,210.90166666666667,574.6966666666667,10.917835544438464,4.006617484089542
243479,69.62166666666667,234.8,659.6366666666667,9.474588849256696,3.372513345941158
243501,59.08166666666667,181.5883333333333,516.9783333333334,8.750232728708848,3.073514062455922
243567,89.91666666666667,283.12166666666667,686.5783333333333,7.6357182576459675,3.1487117701575533
243592,7.9783333333333335,56.44166666666667,82.78333333333333,10.376018383120952,7.074368080217256
243596,26.673333333333336,948.3366666666666,2353.685,88.24112721819544,35.55373656585853
243649,0.0,16.113333333333333,46.79333333333333,,
243676,225.81,1266.8366666666666,2521.6549999999997,11.167153801868826,5.610188506561563
243693,124.27,1328.03,2639.561666666667,21.240538075695397,10.686650036211475
243746,2204.5433333333335,2190.3799999999997,2223.3283333333334,1.008521039126773,0.993575389007247
243756,50.19833333333334,105.41333333333334,314.5416666666667,6.265978286131678,2.0999369168963113
243765,50.79833333333333,229.19833333333332,430.1,8.466813215656682,4.511926244299354
243777,213.37166666666664,1253.32,2559.735,11.996602173047032,5.8738820368215094
243940,112.125,556.045,1663.8916666666667,14.839613526570048,4.959152731326644
243948,190.33166666666665,868.985,2417.4566666666665,12.701284599690014,4.565635425879386
243955,78.125,291.47333333333336,499.475,6.39328,3.7308586666666668
243986,65.13833333333334,686.52,2013.305,30.90814420592073,10.53941611442315
244025,50.14666666666667,312.0883333333333,862.0416666666666,17.190408136134007,6.223511034299388
244027,107.37333333333332,,,,
244052,248.27833333333334,1528.145,3299.786666666667,13.290675115965282,6.154967207502333
244058,66.29166666666667,585.3416666666667,1294.095,19.52123192960402,8.829792583280955
244061,108.29166666666667,418.045,1239.7050000000002,11.447833782223933,3.8603616775682954
244083,84.92333333333333,849.6683333333333,2397.3,28.228990854496214,10.005122267142912
244101,127.24666666666667,702.0316666666666,1332.835,10.474419762141771,5.5170927856656355
244172,94.12333333333332,987.89,2086.9983333333334,22.173017671848996,10.495697134964765
244214,103.33,926.5216666666668,2013.3666666666666,19.484822091035195,8.966627955740508
244246,28.191666666666666,148.73333333333332,441.43333333333334,15.658291457286433,5.275790718297369
244316,33.33166666666667,276.61333333333334,817.0733333333334,24.513425671283564,8.298814940747036
244352,99.48666666666666,1261.5066666666667,2089.9649999999997,21.007488440662062,12.680158145145079
244440,146.85333333333335,491.45,1175.1699999999998,8.00233793353913,3.346536226620664
244693,93.58500000000001,1102.325,3093.17,33.0519848266282,11.778864134209542
244696,145.02833333333334,697.5183333333333,1868.6983333333333,12.885056942896215,4.809531470862015
244710,67.62333333333333,231.47333333333333,649.6550000000001,9.606965051510821,3.422980233647163
244740,126.26666666666667,856.1,2439.42,19.31958817317846,6.7800950369588175
244773,228.79666666666665,,,,
244809,90.61166666666666,280.10999999999996,833.4599999999999,9.198153291518752,3.0913237809700735
244840,265.675,1482.7066666666665,3163.8233333333333,11.908622690630782,5.580903986700542
244873,81.2,365.295,674.9566666666667,8.31227422003284,4.498706896551724
244899,50.190000000000005,298.0383333333333,684.12,13.630603705917512,5.938201500963006
244928,108.08500000000001,320.8383333333333,959.91,8.881065827820695,2.9683890764984344
244940,0.0,0.08166666666666668,0.19499999999999998,,
244957,86.925,344.62333333333333,1030.23,11.851941328731666,3.9646055028281086
244958,166.19500000000002,541.1783333333334,1612.1033333333332,9.700071201500243,3.2562852873632377
245020,141.69833333333332,1152.8016666666667,2732.866666666667,19.286512426634047,8.135604982415696
245027,11.84,122.37833333333333,221.56333333333333,18.71311936936937,10.336007882882884
245030,138.49166666666667,985.505,2315.1466666666665,16.716866237439074,7.115987724893194
245046,128.98666666666665,552.4,1572.8416666666667,12.193831403762665,4.282613189993798
245060,94.12333333333332,987.89,2086.9983333333334,22.173017671848996,10.495697134964765
245062,58.36666666666667,237.48,667.9966666666667,11.444831524842947,4.068760708166762
245076,113.83500000000001,718.64,1763.7033333333334,15.493506683650311,6.312996881451222
245108,84.71000000000001,353.2033333333333,1057.305,12.481466178727423,4.169558887183724
245130,0.0,158.49333333333334,240.59166666666667,,
245167,134.85833333333332,591.5116666666667,1722.0166666666667,12.769078662794291,4.386170672928382
245199,85.11999999999999,259.74666666666667,577.8633333333333,6.788807957393485,3.051535087719299
245230,223.73166666666665,1291.5883333333334,2596.2200000000003,11.604168684212489,5.772934840098631
245244,158.005,738.625,2133.885,13.505173886902314,4.67469383880257
245267,75.42833333333333,682.7666666666667,1675.5083333333334,22.21324877919438,9.051859380869258
245272,0.0,60.89833333333333,146.17166666666665,,
245357,62.919999999999995,1180.5433333333335,3190.991666666667,50.71506145369782,18.762608603517698
245390,10.770000000000001,357.0933333333333,974.1433333333333,90.44970597338283,33.15629835964097
245396,146.07666666666668,822.1416666666667,1826.885,12.506343700796384,5.628151883714031
245429,69.185,215.82000000000002,597.7733333333333,8.640215846402159,3.1194623111946234
245518,155.56833333333333,6828.21,11153.96,71.6981390814326,43.892030297511276
245599,114.96833333333333,435.50166666666667,1135.8233333333333,9.879445064583,3.788014090836607
245681,134.63333333333333,709.1416666666667,1932.0766666666668,14.350656102995792,5.267207229512255
245732,250.255,1358.3333333333333,2813.023333333333,11.240627892882593,5.427796980413311
245769,209.65833333333333,,,,
245812,4927.673333333334,5019.736666666667,5252.8116666666665,1.0659821200268955,1.0186829213516586
245882,102.805,293.05333333333334,744.85,7.245270171684257,2.8505747126436782
245915,191.17166666666665,1189.88,2370.3,12.398803867379234,6.224144093877232
245983,100.37333333333332,1267.43,2097.07,20.892700584484594,12.627158607863977
245991,55.35666666666667,147.25166666666667,411.85833333333335,7.44008550611188,2.660052989703137
246020,70.98,341.95,630.6550000000001,8.884967596506058,4.817554240631163
246038,133.27833333333334,960.935,1619.285,12.149649230307503,7.209986619480535
246074,119.94166666666666,295.73333333333335,850.4,7.090113249496283,2.465643020912944
246088,96.02666666666667,563.815,1614.1716666666666,16.809618855873367,5.87144196056651
246098,22.241666666666667,86.73666666666666,213.95666666666665,9.619632821281378,3.899737729486699
246110,269.12166666666667,1442.965,3044.911666666667,11.31425687266602,5.361757073938057
246156,65.01666666666667,205.415,612.7766666666666,9.424916688028711,3.1594206613688796
246157,31.296666666666667,60.40833333333333,180.315,5.761476195547981,1.9301842581744595
246228,10.665,57.52333333333333,107.61166666666666,10.090170339115488,5.393655258634162
246235,14.110000000000001,47.3,132.62166666666667,9.399125915426412,3.3522324592487593
246244,125.11333333333333,422.0866666666667,853.5833333333334,6.822480950604786,3.3736345713220017
246305,208.49166666666667,,,,
246437,78.66333333333334,382.53,1123.9833333333333,14.28852917496504,4.8628755455739645
246457,177.71166666666667,924.825,1585.4316666666666,8.921370759751282,5.204075890721862
246494,2.1016666666666666,15.785,33.7,16.03489294210944,7.510705789056305
246549,142.12666666666667,,,,
246598,57.705000000000005,274.39166666666665,749.31,12.985183259682868,4.7550761054790165
246605,40.735,119.18166666666666,352.55333333333334,8.654801358373225,2.925780450881715
246621,73.04666666666667,633.7566666666667,1463.9,20.040613306562015,8.676051839007027
246665,52.656666666666666,1153.1866666666667,3158.1683333333335,59.976609482813195,21.900107615370008
246681,52.13,433.075,912.2433333333333,17.499392544280322,8.307596393631306
246742,27.365000000000002,92.725,250.45499999999998,9.152384432669468,3.388452402704184
246756,65.74833333333333,1101.2216666666668,3095.8333333333335,47.08611118152552,16.749043068265358
246958,107.92,581.0300000000001,1306.075,12.10225166790215,5.38389547813195
250005,47.833333333333336,1588.4083333333333,2585.3633333333332,54.04940766550522,33.207142857142856
250011,0.0,0.08166666666666668,0.19499999999999998,,
250016,218.72833333333335,1330.5316666666665,2347.0266666666666,10.730327575302695,6.083032986124339
250023,2211.135,2197.2200000000003,2239.6916666666666,1.0129149358436578,0.9937068519108965
250147,151.77833333333334,493.14166666666665,1066.6866666666667,7.027924495151922,3.249091328362634
250163,213.01833333333335,1716.6100000000001,3730.2066666666665,17.511200131444085,8.05850826611168
250171,78.84166666666667,245.7133333333333,691.0066666666667,8.76448578374379,3.116541591797907
250187,33.795,772.4216666666667,1175.2733333333333,34.77654485377521,22.856093110420673
250244,64.54166666666667,224.43333333333334,558.2199999999999,8.648986442866363,3.4773402194964493
250251,126.12666666666668,,,,
250275,83.80166666666668,245.40833333333333,663.2900000000001,7.914997712853761,2.928442155088403
250282,126.58333333333333,,,,
250283,81.115,3242.05,3247.2783333333336,40.03301896484416,39.9685631510818
250290,127.82333333333332,1062.8066666666666,1832.7949999999998,14.3385010561452,8.314653036743422
250295,99.66000000000001,721.7733333333333,1513.7633333333333,15.189276874707337,7.242357348317612
250303,56.57833333333333,135.22,404.53499999999997,7.149998527115797,2.389960821280231
250304,124.56833333333334,,,,
250340,1739.9183333333335,3582.24,3602.175,2.0703126870897197,2.0588552527848525
250389,215.96,841.7283333333332,2027.3899999999999,9.387803296906833,3.89761221213805
250400,0.0,39.61333333333334,95.095,,
250442,4909.201666666666,4897.015,4937.1033333333335,1.0056835446089165,0.9975175868717285
250482,88.685,199.45499999999998,410.5466666666667,4.629268384356618,2.2490274567288715
250524,173.73333333333332,1411.3183333333334,2774.7183333333332,15.97113392171911,8.123474673829625
250531,23.775,98.96499999999999,275.37333333333333,11.582474588152822,4.162565720294427
250546,81.115,3583.086666666667,3602.851666666667,44.41658961556638,44.1729232160102
250559,22.084999999999997,60.22666666666667,180.51833333333335,8.17379820390914,2.7270394687193424
250564,126.58333333333333,,,,
250566,99.69666666666667,357.80833333333334,654.36,6.563509311578454,3.5889698752883747
250601,36.980000000000004,86.49333333333334,218.9633333333333,5.921128537948439,2.3389219397872725
250611,85.22,1412.6633333333334,2121.733333333333,24.897128999452395,16.576664319799736
250634,44.16,204.04500000000002,475.32166666666666,10.763624698067634,4.6205842391304355
250647,135.21,461.845,1106.3,8.182087123733451,3.415760668589601
250674,234.70833333333334,1553.3266666666668,3375.3333333333335,14.380969288123557,6.6181146813420915
250693,29.9,702.8916666666667,2003.0233333333333,66.9907469342252,23.508082497212932
250702,2211.211666666667,2197.411666666667,2239.9216666666666,1.0129838316398172,0.9937590777906833
250706,50.37833333333333,359.76666666666665,872.2883333333334,17.314751712045524,7.141297515466305
250734,0.0,0.0,0.0,,
250763,126.58333333333333,,,,
250767,136.52333333333334,687.5666666666667,1300.325,9.524562345874942,5.036257538393926
250786,206.935,1386.4566666666665,2991.2,14.454780486626234,6.699962145923437
250790,30.476666666666667,163.45833333333334,488.43,16.026358963141202,5.363392759488133
250791,134.43666666666667,449.10166666666663,921.8066666666667,6.856809898093278,3.340618878778111
250792,81.115,3242.05,3247.2783333333336,40.03301896484416,39.9685631510818
250803,69.985,276.12333333333333,773.8683333333333,11.057631397204164,3.94546450429854
310009,41.80833333333333,315.1383333333333,871.5166666666667,20.84552521427148,7.53769184771776
310024,28.826666666666664,277.125,818.6116666666666,28.397722016651247,9.613494449583719
310026,14.248333333333333,55.865,156.13666666666668,10.958240729909932,3.9208094513978247
310039,12.221666666666666,51.98833333333334,152.17999999999998,12.451656893495159,4.253784262921043
310055,76.35166666666667,1079.425,3042.836666666667,39.852917421579974,14.13754338477658
310056,16.616666666666667,45.468333333333334,129.95833333333334,7.820962888665998,2.736308926780341
310073,148.63,428.97166666666664,1283.345,8.634495054834153,2.8861714772701785
310080,97.62166666666667,1538.9116666666666,2550.075,26.122018677547672,15.764038038003857
310085,90.98166666666665,1008.84,2112.14,23.21500668632875,11.088387770429941
310101,126.77,1227.9816666666666,2370.6433333333334,18.700349714706427,9.686689805684836
310134,24.834999999999997,214.47666666666666,579.1283333333333,23.319038990671768,8.636064693644723
310143,25.408333333333335,744.4716666666667,2086.2,82.10692030173826,29.30029517874713
310153,167.83333333333334,1419.2583333333334,2795.82,16.658311817279046,8.45635551142006
310156,68.645,1422.6566666666665,2281.288333333333,33.23313181343627,20.724840362250223
310174,24.65666666666667,245.28833333333333,461.405,18.713194538326345,9.948154657293497
310179,18.67,114.775,321.3883333333333,17.214158186038205,6.147562935190145
310183,156.84,450.85,1348.9783333333332,8.600984017682563,2.8745855649069116
310204,209.66,960.5633333333334,2262.98,10.793570542783554,4.581528824445929
310227,49.46,1612.5516666666667,2643.0916666666667,53.43897425529047,32.60314732443726
310246,57.294999999999995,185.505,525.4883333333333,9.171626378101639,3.2377170782790823
310259,295.92333333333335,1983.2350000000001,3921.2783333333336,13.25099406377778,6.701854083828018
310265,112.40666666666667,1563.6,2624.3683333333333,23.3470879544511,13.910206986536979
310266,65.32,1179.1233333333332,2317.4033333333336,35.47769953051644,18.051490100020413
310268,87.03999999999999,345.1166666666667,1031.7083333333333,11.853266697303921,3.9650352328431375
310289,46.605000000000004,119.31333333333333,316.85499999999996,6.798734041411865,2.5600972713943424
310298,110.92,1561.07,2616.5899999999997,23.5898846015146,14.07383699963938
310302,25.821666666666665,300.055,854.9166666666666,33.10850061318015,11.620280126508746
310308,17.81,68.31333333333333,187.43666666666667,10.52423731985776,3.835672842972113
310330,84.205,378.64666666666665,1115.365,13.245828632504008,4.496724264196504
310352,231.10833333333332,1568.6916666666666,3420.9466666666663,14.80235098979555,6.787689755886489
310363,20.083333333333332,194.21166666666667,559.6066666666667,27.86423236514523,9.670290456431536
310378,26.638333333333332,948.3366666666666,2353.685,88.35706688356379,35.60045047863355
310390,13.286666666666667,25.361666666666668,70.03999999999999,5.271450075263421,1.9088058203712996
310445,71.935,661.7816666666666,1031.6216666666667,14.341025462802067,9.199717337411087
310491,73.565,167.92833333333334,488.6816666666667,6.642855524592764,2.282720496612973
310495,155.38166666666666,614.8050000000001,1361.2283333333332,8.760546611033048,3.9567409282519392
310541,207.41666666666666,718.2233333333334,1909.0716666666667,9.204041783848936,3.462707914825231
310542,79.445,398.4533333333333,698.4300000000001,8.791365095348985,5.0154614303396485
310545,28.273333333333333,106.03999999999999,295.85999999999996,10.46427729309125,3.75053053525112
310561,78.03666666666666,374.92,1104.1866666666667,14.149587800606554,4.804408184186921
310570,69.11,365.64000000000004,869.0766666666666,12.575266483383976,5.2906959918969765
310579,126.975,1227.4266666666667,2368.9783333333335,18.657045350134542,9.666679792610095
310585,121.865,1075.425,1865.0416666666667,15.304161708994927,8.824724079924506
310590,166.65833333333333,606.15,1813.2583333333334,10.880094004700236,3.6370818540927043
310604,74.53999999999999,372.97,1099.9766666666667,14.756864323405779,5.0036222162597275
310639,223.52833333333334,1325.6083333333333,2808.701666666667,12.565304920330757,5.930381681666008
310655,64.67333333333333,1183.4366666666667,2322.576666666667,35.91243170807134,18.298680548397073
310664,248.24166666666667,1918.3566666666666,3757.1533333333336,15.135063278391353,7.727778710262177
310675,14.973333333333333,79.53666666666666,210.73666666666668,14.074131789848622,5.311887800534283
310685,67.29333333333334,167.10333333333335,471.555,7.007454923717059,2.4832078462452944
310697,51.31666666666667,1536.1683333333335,2515.3683333333333,49.016596297499184,29.935076323481653
310741,55.01,669.6483333333333,1962.6983333333333,35.67893716294007,12.173210931345816
310758,53.36833333333333,324.6983333333334,691.8349999999999,12.963399019393522,6.084101058680242
310780,2.8866666666666663,10.701666666666666,26.040000000000003,9.02078521939954,3.7072748267898388
310809,5.276666666666667,19.05,50.125,9.499368288060642,3.6102337334175614
310824,28.60666666666667,129.63500000000002,325.12666666666667,11.365415986949428,4.5316359822885115
310841,11.153333333333334,47.54333333333333,138.84333333333333,12.448595337716675,4.26270173341303
310849,53.505,320.7,681.9883333333333,12.746254244151636,5.993832352116624
310943,170.19166666666666,81.00333333333333,240.98166666666665,1.4159428095774371,0.4759535817460706
311007,67.82166666666667,275.82,636.9816666666667,9.392008453542378,4.066841962991178
311015,0.0,0.0,0.0,,
311016,0.0,39.61333333333334,95.095,,
311031,2211.211666666667,2197.411666666667,2239.9216666666666,1.0129838316398172,0.9937590777906833
311040,126.92,,,,
311043,2205.233333333333,2194.045,2228.0899999999997,1.010364738425261,0.9949264628081685
311055,10.753333333333334,22.495,58.019999999999996,5.39553626782393,2.091909485430874
311057,3865.8733333333334,3313.9933333333333,3366.2283333333335,0.8707549479979513,0.8572431240202731
311060,3859.6583333333333,3837.705,3875.938333333333,1.0042179899343422,0.994312104482478
311067,0.0,0.0,0.0,,
311080,2205.233333333333,2194.045,2228.0899999999997,1.010364738425261,0.9949264628081685
311085,0.0,0.08166666666666668,0.19499999999999998,,
311097,1743.3966666666668,,,,
311100,81.115,213.22166666666666,638.5416666666666,7.872054079598923,2.6286342435636647
311113,0.0,0.0,0.0,,
311145,2204.5433333333335,2191.0183333333334,2224.85,1.0092112803407507,0.9938649425504601
311146,56.57833333333333,257.63166666666666,594.285,10.503755854714703,4.553539340737031
311150,0.0,60.89833333333333,146.17166666666665,,
311168,2205.233333333333,2190.3799999999997,2223.3283333333334,1.008205480901492,0.9932645071572168
311171,126.58333333333333,416.845,1216.2633333333333,9.60840026333114,3.2930480579328507
311185,126.58333333333333,,,,
311195,10.698333333333332,60.89833333333333,146.17166666666665,13.663031624863686,5.692319675961988
311196,4927.673333333334,5019.736666666667,5252.8116666666665,1.0659821200268955,1.0186829213516586
311213,98.87166666666667,291.39666666666665,873.015,8.829779343593547,2.947221145255634
311219,33.84166666666667,108.70166666666667,285.3333333333333,8.431420832307312,3.212065993597636
311220,1739.9183333333335,3583.086666666667,3602.851666666667,2.070701594231913,2.0593418656622773
311234,0.0,0.0,0.0,,
311243,2206.6366666666668,2191.1766666666667,2226.391666666667,1.0089525386296794,0.9929938624543234
311256,0.0,54.483333333333334,130.77666666666667,,
311257,126.58333333333333,,,,
311259,101.22333333333333,296.55833333333334,881.525,8.708713405999934,2.929742812921922
311268,33.84166666666667,108.70166666666667,285.3333333333333,8.431420832307312,3.212065993597636
311275,3865.8733333333334,3848.211666666667,3907.1366666666668,1.0106737416814828,0.9954313902335135
311282,0.0,0.0,0.0,,
311299,2211.211666666667,2197.411666666667,2239.9216666666666,1.0129838316398172,0.9937590777906833
311301,0.0,39.61333333333334,95.095,,
311308,3.9633333333333334,12.0,28.683333333333334,7.23717409587889,3.027754415475189
311310,56.57833333333333,135.22,404.53499999999997,7.149998527115797,2.389960821280231
311314,10.753333333333334,22.571666666666665,58.019999999999996,5.39553626782393,2.0990390576565403
311315,4927.673333333334,5019.736666666667,5252.8116666666665,1.0659821200268955,1.0186829213516586
311325,2204.5433333333335,2191.0183333333334,2224.85,1.0092112803407507,0.9938649425504601
311331,81.115,213.22166666666666,638.5416666666666,7.872054079598923,2.6286342435636647
311335,126.52333333333333,3234.838333333333,3241.2166666666667,25.617540901546487,25.567128592881417
311336,4927.673333333334,4922.886666666667,5025.6466666666665,1.019882270334478,0.9990286152626459
311339,0.0,39.61333333333334,95.095,,
311366,1739.9183333333335,3583.086666666667,3602.851666666667,2.070701594231913,2.0593418656622773
311367,4927.673333333334,5019.736666666667,5252.8116666666665,1.0659821200268955,1.0186829213516586
311368,98.87166666666667,275.77333333333337,796.4633333333334,8.05552652428232,2.789204861520827
311394,67.82166666666667,257.63166666666666,594.285,8.76246528887032,3.798663160740176
311397,54.91166666666666,132.44333333333333,396.2033333333333,7.215285154945822,2.4119343187543634
311400,3865.8733333333334,3848.211666666667,3907.1366666666668,1.0106737416814828,0.9954313902335135
311403,0.0,7.6483333333333325,18.353333333333335,,
311405,3.205,5.866666666666666,13.221666666666666,4.12532501300052,1.830473218928757
311411,137.37666666666667,1815.7566666666667,1978.145,14.399424938732924,13.217358600441608
311413,67.82166666666667,275.82,636.9816666666667,9.392008453542378,4.066841962991178
311415,2205.233333333333,2194.045,2228.0899999999997,1.010364738425261,0.9949264628081685
311430,2205.5716666666663,3303.741666666667,3353.945,1.5206692444815897,1.497907194128809
311443,33.84166666666667,9.126666666666667,21.91,0.6474267421817286,0.26968726914553065
311445,10.753333333333334,22.495,58.019999999999996,5.39553626782393,2.091909485430874
311462,2205.233333333333,2190.3799999999997,2223.3283333333334,1.008205480901492,0.9932645071572168
311466,2205.588333333333,3303.741666666667,3353.945,1.5206577534490044,1.4978958750990856
311469,0.0,39.69166666666667,95.28333333333333,,
311478,2204.5433333333335,2190.3799999999997,2223.3283333333334,1.008521039126773,0.993575389007247
311485,10.698333333333332,60.89833333333333,146.17166666666665,13.663031624863686,5.692319675961988
311501,0.0,0.0,0.0,,
311504,101.055,296.24,883.0333333333333,8.73814589415005,2.93147296026916
311506,0.0,0.08166666666666668,0.19499999999999998,,
311513,54.544999999999995,131.83333333333334,394.37,7.230176918140986,2.416964585815993
311521,10.753333333333334,22.571666666666665,58.019999999999996,5.39553626782393,2.0990390576565403
510008,24.491666666666667,58.79333333333333,145.2866666666667,5.932085743450154,2.400544402858115
510015,86.90666666666667,343.6766666666666,1026.8133333333333,11.815127339674746,3.954548941393065
510022,126.52333333333333,3243.565,3248.436666666667,25.674605474616015,25.636101377874965
510047,30.384999999999998,128.28333333333333,379.0433333333333,12.474685974439142,4.221929680215019
510158,104.22666666666667,402.02333333333337,1181.3683333333333,11.33460726621466,3.8572022515031343
510204,420.495,,,,
510216,168.35166666666666,74.08,220.21166666666667,1.3080456583936404,0.4400312837215749
510224,183.52666666666667,850.1633333333334,2294.0183333333334,12.49964582803589,4.632369501253224
510305,129.335,353.64833333333337,914.9133333333334,7.073981005399415,2.7343590933106534
510354,0.0,153.24666666666664,321.7816666666667,,
510398,3.205,145.99666666666664,277.7083333333333,86.64846593863754,45.55278211128444
510497,137.37666666666667,1813.5800000000002,1972.9199999999998,14.361390823283914,13.201514085361417
510514,34.888333333333335,107.22333333333333,317.27166666666665,9.093918692972817,3.073329193140018
510518,19.11,112.27666666666667,313.9,16.425954997383567,5.875283446712019
510531,89.885,695.98,1754.74,19.522055960393836,7.743004950770429
510532,47.32333333333334,593.435,1776.4983333333332,37.53958582799182,12.54000845248996
510553,36.69166666666667,158.185,471.10333333333335,12.839518510106744,4.311196911196911
510589,138.54500000000002,839.8483333333334,1880.2166666666667,13.571162197601259,6.061917307252758
510596,88.76333333333334,462.9166666666667,1357.5783333333334,15.294359532840136,5.215178940253107
510609,174.11,659.31,1492.27,8.570846016885875,3.7867440124059497
510695,14.405,169.7866666666667,497.5833333333333,34.542404257780866,11.786648154575959
510715,28.563333333333333,119.38666666666667,338.065,11.835628428054616,4.179717586649551
510762,251.66833333333335,1360.5583333333334,2819.5433333333335,11.203409248945372,5.406156250620857
510955,271.6166666666667,1467.6366666666665,3118.4466666666663,11.481057863410442,5.4033380376756455
510963,30.976666666666667,67.23666666666666,171.94333333333333,5.550737113956742,2.1705584848810933
510964,76.53666666666666,689.0300000000001,2041.9916666666666,26.679913766822004,9.002613126605986
510974,164.23999999999998,842.4333333333333,2271.0316666666668,13.827518671862318,5.129282351031012
510981,89.91666666666667,348.35,667.4083333333333,7.422520852641334,3.8741427247451345
511006,97.01333333333334,406.3933333333333,1216.05,12.534874931280923,4.189046179219351
511182,64.33666666666666,291.5816666666667,851.6550000000001,13.237474742241337,4.532122687943631
511214,21.711666666666666,33.215,90.00833333333334,4.145620634067706,1.5298226759806557
511226,4922.591666666666,4960.04,5128.836666666667,1.0418976453798898,1.0076074425565125
511299,86.97333333333333,264.80333333333334,793.0883333333334,9.118752874444274,3.0446497010577955
511309,23.84333333333333,74.95,166.34666666666666,6.976653152523418,3.143436320424997
511314,0.0,142.96,270.61833333333334,,
511345,137.69833333333332,199.45499999999998,410.5466666666667,2.9814933610912746,1.448492477517278
511358,168.755,,,,
511601,0.0,60.89833333333333,146.17166666666665,,
511725,90.58999999999999,525.24,1425.8216666666667,15.739283217426502,5.797990948228282
511792,5.253333333333333,199.45499999999998,410.5466666666667,78.1497461928934,37.96732233502538
511802,126.92,,,,
511853,152.45666666666665,776.4833333333333,2084.371666666667,13.671895839254873,5.093141220456086
511953,0.0,0.0,0.0,,
511961,85.06666666666666,345.78499999999997,964.59,11.339224137931035,4.064870689655172
511962,65.25833333333334,287.295,839.73,12.86778189247861,4.402426254629038
512033,0.0,60.89833333333333,146.17166666666665,,
512139,66.93,256.8933333333333,669.1866666666666,9.998306688580106,3.838238956123312
512211,24.36,302.455,453.1066666666667,18.600437876299946,12.416050903119869
512297,35.57833333333333,182.62333333333333,252.355,7.092940460017801,5.132992926406521
512446,1743.6633333333334,3583.086666666667,3602.851666666667,2.0662541889776125,2.0549188585717046
512459,87.49,310.14666666666665,884.4466666666667,10.109117232445614,3.54493846915838
512575,16.25,357.94,547.5849999999999,33.69753846153846,22.027076923076923
512581,11.84,145.99666666666664,277.7083333333333,23.45509572072072,12.330799549549548
512585,0.0,158.49333333333334,240.59166666666667,,
512606,24.091666666666665,61.684999999999995,183.60666666666665,7.621169145624352,2.5604289173296437
512616,57.32,864.4599999999999,2565.476666666667,44.757094673179814,15.08129797627355
512621,76.865,300.565,563.3933333333333,7.329647216982155,3.910297274442204
512652,119.01333333333334,432.98833333333334,1286.0266666666669,10.805736051982972,3.638149787138696
512726,167.495,647.0516666666666,1900.2116666666666,11.344885916992546,3.8631103416022365
512727,30.168333333333333,456.43666666666667,702.9699999999999,23.30158554775979,15.12966134467709
512791,0.0,39.61333333333334,95.095,,
512800,21.311666666666667,330.2366666666667,430.2183333333333,20.186986783451943,15.495581449910064
512820,22.065,302.07666666666665,445.51,20.190799909358713,13.69030893572022
512861,136.97166666666666,557.8833333333333,1622.3583333333333,11.844481218743535,4.072983463733376
512901,2211.211666666667,2197.411666666667,2239.9216666666666,1.0129838316398172,0.9937590777906833
512947,7.001666666666667,38.345,114.74,16.387526779338252,5.476553201618662
512994,150.58666666666667,1021.9983333333333,2424.883333333333,16.102908624048165,6.786778377899769
513068,152.815,850.1633333333334,2294.0183333333334,15.011735322666842,5.563350020176903
513072,95.99166666666666,280.10999999999996,833.4599999999999,8.68262870040802,2.918065804323292
513122,165.45499999999998,5574.401666666667,9641.005000000001,58.269650358103426,33.691346086045556
513158,24.779999999999998,169.89,320.59833333333336,12.9377858488028,6.8559322033898304
513176,105.43666666666667,586.9283333333333,1139.805,10.810328475229996,5.5666434826594156
513243,54.52833333333333,242.245,603.5766666666666,11.069046672983465,4.442552801295963
513246,30.795,74.41000000000001,207.47833333333335,6.7374032581046706,2.4163013476213675
513320,185.38,867.7333333333333,1457.65,7.863038083935701,4.68083576077966
513407,1734.4866666666667,1752.055,1819.6333333333334,1.0490904129175587,1.0101288373505322
513451,47.14833333333333,682.8216666666667,1244.7833333333333,26.40142811693591,14.482413659019407
513472,21.203333333333333,62.93833333333334,186.66333333333333,8.803490017292878,2.9683225907876123
513523,204.47333333333333,703.87,2106.8733333333334,10.30390270939976,3.4423559714388183
513570,8.835,36.66,107.79666666666667,12.201094133182417,4.149405772495755
513653,296.5933333333333,40.35333333333333,79.055,0.26654341522623576,0.13605610375598462
513663,100.35666666666665,3303.741666666667,3353.945,33.42025110439433,32.920001992892026
513699,35.48166666666667,120.32666666666667,335.42,9.4533327070318,3.391234910047442
513734,0.0,60.89833333333333,146.17166666666665,,
513736,137.69833333333332,1816.0783333333334,1978.9183333333335,14.371403672278776,13.188818552633172
513805,2205.9316666666664,54.29666666666667,130.32833333333332,0.05908085699239701,0.024613938630616394
513857,103.99333333333334,515.5516666666666,1462.495,14.06335342009103,4.957545355471503
513865,2205.588333333333,3214.8700000000003,3247.435,1.4723667834659384,1.45760201548642
513897,99.66833333333334,659.435,1488.48,14.934332201802645,6.616294041905653
513924,33.98166666666667,167.70499999999998,283.07166666666666,8.330128991122663,4.935161116288194
513946,0.055,9.126666666666667,21.91,398.3636363636364,165.93939393939394
513966,159.73333333333332,850.1633333333334,2294.0183333333334,14.361550500834726,5.322391485809684
514165,142.69333333333333,823.0616666666666,1387.3149999999998,9.722353298448887,5.768045692393945
514268,126.58333333333333,,,,
514322,156.41333333333333,1058.9883333333335,2171.9016666666666,13.885655528087973,6.770447958400819
514334,88.63666666666667,199.45499999999998,410.5466666666667,4.631792711819789,2.250253845285999
514364,90.86999999999999,617.7366666666666,1673.6633333333334,18.418216499761566,6.798026484721763
514390,9.415,31.173333333333336,92.06166666666667,9.778190830235442,3.3110285006195794
514410,3865.8733333333334,3313.9933333333333,3366.2283333333335,0.8707549479979513,0.8572431240202731
514414,12.520000000000001,333.84166666666664,535.3033333333334,42.75585729499468,26.66466986155484
514525,114.35833333333333,324.315,784.0033333333333,6.85567295780806,2.8359542374116447
514537,11.913333333333332,44.62833333333333,132.31666666666666,11.106603245663123,3.746082820369334
514575,118.72333333333333,445.22,1276.695,10.753530617401802,3.7500631720807482
514588,130.605,780.5816666666667,2073.245,15.874162551204012,5.976659903270677
514610,236.04333333333335,2163.4466666666667,4223.236666666667,17.891785406634373,9.165463968480363
514721,2204.5433333333335,2190.3799999999997,2223.3283333333334,1.008521039126773,0.993575389007247
514757,3860.7233333333334,3860.9083333333333,3930.115,1.0179737475792532,1.0000479184815971
514796,137.69833333333332,81.00333333333333,240.98166666666665,1.7500695965819,0.5882666214793207
514864,3.205,122.37833333333333,221.56333333333333,69.13052522100884,38.183567342693706
514953,1739.9183333333335,3582.24,3602.175,2.0703126870897197,2.0588552527848525
514969,157.20333333333335,1190.6633333333334,2258.3216666666663,14.365609295816455,7.574033629481987
515025,0.0,0.08166666666666668,0.19499999999999998,,
515065,127.40666666666667,410.7116666666667,1226.0783333333334,9.623345193867406,3.2236277536497306
515121,3.7016666666666667,7.366666666666666,19.923333333333336,5.382260243133724,1.990094552003602
515127,119.64666666666668,554.3933333333333,1223.2083333333333,10.223505321223602,4.633587786259541
515129,1743.3966666666668,,,,
515132,120.96833333333333,381.48833333333334,1127.4333333333334,9.320069990768934,3.153621471183919
515202,24.828333333333333,87.41166666666666,185.91833333333335,7.488151976908103,3.5206417399476404
515229,113.53500000000001,559.7233333333334,1238.6833333333334,10.910145182836423,4.929962860204635
515247,77.79833333333333,687.8716666666667,2058.4416666666666,26.458685918721482,8.84172754343495
515253,58.156666666666666,249.24333333333334,684.7983333333334,11.775061615177396,4.285722473777727
515268,14.353333333333333,50.72833333333333,141.13166666666666,9.832675336739433,3.534254528564793
515284,182.025,,,,
515378,209.535,4022.2066666666665,5136.636666666667,24.514456614249013,19.195870220567766
515479,81.03,615.245,1702.91,21.015796618536346,7.592805133901024
515491,131.4,683.7083333333334,1907.1416666666667,14.514015728056822,5.203259766615931
515512,5.358333333333333,8.925,25.975,4.847589424572318,1.6656298600311044
515575,172.225,906.0550000000001,1965.7683333333334,11.413954613635266,5.260879663231239
515613,204.55,634.6483333333333,1886.8866666666665,9.224574268719953,3.102656237268801
515647,86.58166666666666,358.36333333333334,950.17,10.97426321969624,4.139020962867428
515748,2204.5433333333335,2191.0183333333334,2224.85,1.0092112803407507,0.9938649425504601
515777,1743.6633333333334,,,,
515802,56.57833333333333,135.22,404.53499999999997,7.149998527115797,2.389960821280231
515834,126.58333333333333,,,,
515843,176.94166666666666,,,,
515881,48.294999999999995,171.515,412.96666666666664,8.550919694930462,3.551402836732581
515918,80.46333333333334,307.90166666666664,515.8416666666667,6.410891089108911,3.8266083930568784
515921,1724.905,1730.2616666666665,1754.9066666666665,1.0173932284193428,1.0031054850363739
515955,162.75666666666666,,,,
516011,112.18666666666667,443.705,959.6949999999999,8.554447943903018,3.9550600190159257
516073,110.30333333333333,510.9166666666667,1172.4716666666668,10.629521622193348,4.631924088120638
516083,8.353333333333333,23.136666666666667,69.03500000000001,8.264365522745413,2.76975259377494
516107,134.965,819.925,2189.086666666667,16.219661887649888,6.075093542770348
516203,154.80333333333334,604.925,1787.2566666666667,11.545337094377812,3.9077000925905985
516222,2204.5433333333335,2190.3799999999997,2223.3283333333334,1.008521039126773,0.993575389007247
516233,94.56,392.9133333333333,1131.8283333333334,11.969419768753525,4.155174844895656
516235,79.55333333333333,294.2116666666667,870.2433333333333,10.939118411128803,3.6982946451018193
516244,185.99333333333334,850.1633333333334,2294.0183333333334,12.333873973977562,4.570934442094699
516273,5.9350000000000005,64.07833333333333,102.19666666666667,17.21932041561359,10.796686324066272
516280,91.93666666666667,348.045,751.9266666666666,8.178746238352488,3.785703926616149
516328,144.57666666666668,672.9566666666667,1851.9883333333335,12.80973186083508,4.654669955963387
516396,126.58333333333333,,,,
516441,168.35666666666665,873.0300000000001,2362.8166666666666,14.034589264854377,5.185598035915815
516454,219.09166666666667,834.25,2496.5966666666664,11.395215092617244,3.807766916435282
516516,81.115,213.22166666666666,638.5416666666666,7.872054079598923,2.6286342435636647
516576,14.976666666666667,44.53,130.28333333333333,8.69908746939684,2.9732917872245714
516588,27.955,89.18166666666666,264.385,9.45752101591844,3.1901866094318247
516590,38.940000000000005,164.97333333333333,484.1333333333333,12.432802602294126,4.236603321349083
516601,0.0,3.4633333333333334,8.311666666666666,,
516618,20.21833333333333,89.94166666666666,230.26833333333335,11.389085813205838,4.4485203198417285
516621,16.99,95.80833333333334,133.535,7.859623307828135,5.639101432215029
516721,0.0,60.89833333333333,146.17166666666665,,
516761,153.435,650.4966666666667,1870.6866666666667,12.192046577812537,4.239558553567743
516774,4928.67,5019.1883333333335,5251.593333333333,1.0655193659411835,1.0183656713339164
516799,1.3099999999999998,6.510000000000001,17.34,13.236641221374047,4.969465648854963
516802,24.421666666666667,101.07333333333332,299.2433333333333,12.253190472940693,4.138674674128165
516831,149.77,696.0233333333333,1930.29,12.8883621553048,4.647281387015646
516903,173.30333333333334,596.0833333333334,1440.5966666666668,8.312573329999424,3.4395376122790484
516971,268.41833333333335,1446.0649999999998,3056.9216666666666,11.388647074529185,5.387355558177222
516985,10.043333333333333,32.06333333333333,90.09833333333333,8.970959176900099,3.192499170262197
516998,126.58333333333333,,,,
517112,2205.588333333333,3303.741666666667,3353.945,1.5206577534490044,1.4978958750990856
517117,146.75333333333336,908.27,1991.2333333333333,13.568573115886066,6.189092808794802
517164,125.83666666666666,406.96500000000003,1210.3983333333333,9.618804799872851,3.234073269582263
517171,94.07666666666667,381.2366666666667,1130.7916666666667,12.019895121000603,4.052404067604436
517251,63.52333333333333,392.9683333333333,523.6,8.24264049955397,6.18620454426195
517281,11.996666666666666,38.001666666666665,113.25166666666668,9.44026118366213,3.1676854681856073
517329,444.1166666666667,,,,
517332,101.02333333333333,332.22,988.62,9.786056026660509,3.288547200316759
517342,86.03166666666667,308.34833333333336,866.7783333333333,10.075108002867161,3.5841260001162367
517345,14.931666666666667,83.20666666666666,249.38,16.701417568925102,5.572496930460988
517346,78.71333333333334,303.06666666666666,785.5183333333333,9.9794825103752,3.850258321334801
517371,153.24833333333333,515.295,1108.6699999999998,7.234466932756201,3.3624835506639545
517384,142.725,542.325,1622.5633333333333,11.368459158054534,3.799789805570153
517386,2.618333333333333,49.135,140.46,53.64481222151497,18.76575429662635
517461,3.9633333333333334,12.0,28.683333333333334,7.23717409587889,3.027754415475189
517482,176.49833333333333,721.365,2158.68,12.230597078348236,4.087092418247575
517531,0.0,39.61333333333334,95.095,,
517551,45.50833333333333,110.88000000000001,331.21666666666664,7.278154184215345,2.4364768357443696
517608,443.425,,,,
517609,31.823333333333334,98.66666666666667,292.53333333333336,9.19241646590552,3.1004504032680424
517644,44.82833333333333,120.88333333333334,258.3983333333333,5.764174443246458,2.6965832620738373
517648,63.92333333333333,247.41833333333335,639.1550000000001,9.99877457370809,3.8705480523543834
517654,4928.67,5019.1883333333335,5251.593333333333,1.0655193659411835,1.0183656713339164
517694,152.26166666666668,616.685,1356.0666666666666,8.906159352868416,4.050165832941098
517795,201.83166666666665,699.965,2094.735,10.378624100942206,3.468063320093478
517818,320.8016666666666,,,,
517846,214.61833333333334,1292.7616666666665,2710.6183333333333,12.629947736679842,6.023537908379992
517854,27.141666666666666,3908.663333333333,4958.6433333333325,182.69487258213078,144.00970217992017
517964,107.83999999999999,,,,
517990,86.34833333333333,305.60833333333335,871.7416666666667,10.095639753710746,3.5392499372695867
518002,0.0,0.08166666666666668,0.19499999999999998,,
518064,2211.211666666667,2197.411666666667,2239.9216666666666,1.0129838316398172,0.9937590777906833
518074,179.92000000000002,853.5966666666667,1716.07,9.537961316140505,4.744312286942344
518097,139.27333333333334,841.7866666666666,1886.0233333333333,13.541884064908333,6.044133837537695
518117,346.0833333333333,,,,
518121,82.58166666666666,313.3883333333333,816.4766666666667,9.88689983652546,3.7948899069607864
518216,126.58333333333333,,,,
518243,26.113333333333333,171.94833333333332,456.995,17.500446770487617,6.584694919581312
518248,50.985,424.345,984.9816666666667,19.31904808603838,8.322938119054625
518263,15.389999999999999,59.980000000000004,177.5,11.533463287849253,3.8973359324236525
518264,105.10166666666667,410.50333333333333,638.3966666666668,6.074086995131698,3.905773774599197
518265,444.1166666666667,,,,
518334,147.515,673.935,1938.48,13.140900925329628,4.5685862454665624
518523,25.325,163.82666666666668,298.1066666666667,11.771240539651203,6.4689700559394545
518537,210.20833333333334,964.2033333333333,2258.6116666666667,10.7446342913776,4.586893954410307
518575,63.22833333333333,391.005,521.245,8.243851648786146,6.184015604818515
518600,14.05,938.1616666666666,2354.8533333333335,167.60521945432978,66.77307236061684
518606,205.38,772.4816666666667,1819.635,8.85984516505989,3.7612312136852015
518614,37.513333333333335,182.56166666666667,313.06666666666666,8.345477163675136,4.866580771281322
518756,126.58333333333333,,,,
518790,75.64166666666667,573.9866666666666,1229.65,16.256252065660462,7.588233998016965
518864,126.17666666666668,569.9150000000001,1301.0066666666667,10.31099252371014,4.516801838691782
518888,1743.3966666666668,,,,
518907,159.065,807.7633333333334,2163.845,13.603526860088643,5.078196544389611
518908,79.41333333333334,326.39166666666665,793.2233333333334,9.988540967092007,4.110036098052383
518973,77.485,254.91666666666666,760.815,9.818868168032523,3.2898840635821984
518991,67.82166666666667,257.63166666666666,594.285,8.76246528887032,3.798663160740176
519035,441.8283333333333,,,,
519042,83.07333333333332,197.98,584.8266666666666,7.039884439451088,2.3831955701789584
519067,97.40666666666667,405.0683333333333,1212.8066666666666,12.450961604270754,4.158527821504346
519198,1743.3966666666668,,,,
519212,69.82166666666667,290.14000000000004,831.8266666666666,11.913589382474397,4.155443630200749
519286,61.788333333333334,550.9166666666666,1161.5466666666666,18.79880236290562,8.916192377201737
519573,116.89666666666668,553.5883333333334,1223.9816666666666,10.470629330747952,4.735706749550885
519582,0.0,0.0,0.0,,
519594,115.49166666666666,635.3616666666666,1821.3633333333335,15.770517353344399,5.501363734757197
519639,27.141666666666666,3908.663333333333,4958.6433333333325,182.69487258213078,144.00970217992017
519665,0.0,6.316666666666666,15.006666666666666,,
519760,62.365,272.54333333333335,798.0766666666666,12.796867901333545,4.370132820225019
519780,243.48833333333332,1819.3483333333331,3547.4100000000003,14.569116932365002,7.472014401785164
519828,114.98833333333333,435.5816666666667,1135.9833333333333,9.879118171408694,3.7880509616917664
520008,126.92,,,,
520009,80.14666666666668,314.745,719.7433333333333,8.980327732490434,3.9271127932124434
520019,96.525,377.1616666666667,928.3983333333333,9.618216351549684,3.907398774065441
520039,9.885,31.841666666666665,93.68,9.476985331310066,3.2212105884336535
520040,10.753333333333334,22.571666666666665,58.019999999999996,5.39553626782393,2.0990390576565403
520066,24.416666666666668,204.55,540.26,22.12668941979522,8.377474402730375
520084,244.16333333333333,1271.275,2537.563333333333,10.392892735737005,5.206658111373534
520162,0.0,60.89833333333333,146.17166666666665,,
520182,323.43333333333334,837.9516666666666,2492.1549999999997,7.705312789858806,2.590801813871998
520186,76.53500000000001,378.64666666666665,1115.365,14.573267132684391,4.947366128786393
520242,0.0,0.08166666666666668,0.19499999999999998,,
520291,126.58333333333333,,,,
520322,115.92333333333333,439.69666666666666,963.1366666666667,8.3083934784484,3.7929953705034936
520417,2205.9316666666664,2194.045,2228.0899999999997,1.0100448865520917,0.9946114982407284
520436,249.4116666666667,1793.6833333333334,3470.365,13.91420476187294,7.19165770112331
520445,67.21666666666667,227.81333333333333,679.9866666666666,10.116340193404412,3.389238780064468
520466,0.0,3864.116666666667,4825.631666666667,,
520495,0.0,3872.195,4849.858333333334,,
520500,19.541666666666668,178.85666666666665,466.5366666666667,23.873944562899787,9.152579957356076
520560,9.156666666666666,15.895000000000001,44.440000000000005,4.853294503094285,1.7358937022206045
520679,288.315,1513.8233333333333,3142.4716666666664,10.899438692633634,5.250588187688234
520688,62.919999999999995,302.4583333333333,831.1833333333333,13.210161051070143,4.807030091121001
520704,67.82166666666667,275.82,636.9816666666667,9.392008453542378,4.066841962991178
520707,178.55,737.625,1463.6983333333333,8.197694389993465,4.131195743489219
520808,89.72333333333333,357.525,844.5366666666666,9.412676004012335,3.9847494148679274
520817,160.39166666666668,573.7966666666667,1618.4833333333333,10.090819348469891,3.577471813789162
520948,462.6766666666666,2997.75,4786.0216666666665,10.344203655540587,6.479146704321954
520989,3.1483333333333334,66.46,188.79500000000002,59.966649020645846,21.10958178930651
521109,72.455,282.37666666666667,834.735,11.520737009178111,3.897269569617924
521120,78.28833333333334,306.1983333333334,705.5933333333334,9.012752006471802,3.9111617312072897
521129,16.49,43.92666666666666,131.34,7.964827167980595,2.6638366686880937
521163,42.35333333333333,136.825,249.00333333333336,5.879190933417284,3.2305603651818036
521255,33.58,66.46333333333334,198.3,5.905300774270399,1.9792535239229703
521258,141.83666666666667,546.9599999999999,1624.24,11.451481751310192,3.8562665977297823
521265,124.69,593.26,1536.005,12.318590103456573,4.757879541262331
521267,443.425,,,,
521328,160.99666666666664,833.9983333333333,2244.7366666666667,13.942752437938676,5.180221122590531
521376,150.84666666666666,853.8016666666666,1902.0633333333333,12.609250011048747,5.660063198833252
521431,101.91000000000001,408.50333333333333,1202.0316666666665,11.79503156379812,4.008471527164491
521446,142.78333333333333,813.3866666666667,2160.266666666667,15.129683669896115,5.696649935800163
521461,147.655,717.6016666666667,1978.635,13.400392807558159,4.85998893817796
521463,126.11833333333334,3234.838333333333,3241.2166666666667,25.699805737997384,25.649231541805975
521482,126.58333333333333,,,,
521585,86.24333333333334,292.35499999999996,832.205,9.64949947822054,3.3898852085185323
521647,127.40666666666667,412.84666666666664,1229.59,9.650907854115431,3.2403851185181307
521656,257.85499999999996,723.6083333333333,2152.0783333333334,8.346079514972887,2.806260624511192
521686,63.52333333333333,392.9683333333333,523.6,8.24264049955397,6.18620454426195
521697,90.00166666666668,508.65833333333336,856.855,9.520434806762836,5.651654598988907
521753,126.52333333333333,407.98833333333334,1208.895,9.554719814526965,3.2246094264562535
521791,20.428333333333335,123.72833333333332,170.60666666666665,8.351472627886105,6.056702292567512
521795,150.92999999999998,780.735,2094.46,13.877029086331413,5.172828463526138
521918,41.873333333333335,88.37333333333332,231.61666666666667,5.531364432415221,2.110491959879
521983,24.41166666666667,1582.74,2656.1216666666664,108.80542090530483,64.83539291322455
522001,198.89,692.1133333333333,2071.185,10.413721152395798,3.479880000670388
522068,134.98833333333334,924.9833333333333,1961.325,14.529588976825156,6.852320570913536
522267,52.20166666666667,333.2583333333333,840.4733333333334,16.100507646626863,6.384055426071964
522351,242.93333333333334,1296.6566666666665,2698.475,11.10788282107574,5.3374999999999995
522352,117.97833333333332,1094.8916666666667,1887.8466666666668,16.001638718973826,9.280446974726999
522391,136.72166666666666,698.9083333333333,2014.5283333333332,14.734521473065717,5.111906184096644
522475,309.84833333333336,810.3366666666666,2411.148333333333,7.781705027728618,2.615268760522621
522521,51.24333333333333,150.415,449.84666666666664,8.778637871593052,2.9353086580368175
522533,126.52333333333333,3234.838333333333,3241.2166666666667,25.617540901546487,25.567128592881417
522554,63.08833333333334,365.9483333333334,498.27833333333336,7.89810583044937,5.8005706284838725
522579,255.465,1471.04,3131.7533333333336,12.259030917477281,5.758283913647662
522587,148.79,1084.5833333333333,1940.805,13.043920962430272,7.289356363554898
522624,158.93333333333334,749.775,2059.655,12.959238674496646,4.7175440436241605
522634,104.98666666666666,307.7066666666667,878.035,8.363300101600203,2.930911861823724
522649,239.81166666666667,1256.6566666666665,2677.1266666666666,11.163454655389298,5.240181531340565
522826,3.05,9.69,16.276666666666667,5.336612021857924,3.177049180327869
522847,93.71499999999999,373.81,1117.8016666666667,11.927670774867064,3.988795817105053
522892,126.58333333333333,,,,
522919,22.071666666666665,71.19333333333334,210.4116666666667,9.533111832666316,3.2255531224042895
523029,23.485,186.1,521.9233333333334,22.22368887942659,7.924206940600383
523099,102.15833333333333,722.4533333333333,1514.5783333333334,14.825793294722246,7.071898197242842
523143,157.585,901.3733333333333,1965.3166666666666,12.471470423369398,5.719918350942877
523247,145.485,1365.8866666666665,2715.836666666667,18.66746858209896,9.388505115074862
523379,75.68833333333333,574.065,1229.885,16.249333891176537,7.584590315548412
523441,92.24166666666666,259.7266666666667,777.7783333333333,8.431963140301743,2.815719577197579
523473,448.4266666666666,2783.5683333333336,4430.341666666666,9.879746223834443,6.207410353235016
523502,65.88833333333334,621.8133333333334,983.3733333333333,14.924847595679559,9.43738142817393
523522,23.936666666666667,670.66,1214.5683333333334,50.74091352179362,28.018103328227266
523543,5.253333333333333,199.45499999999998,410.5466666666667,78.1497461928934,37.96732233502538
523557,22.455,114.82,339.2583333333333,15.108364877903957,5.11333778668448
523598,184.68666666666667,654.2333333333333,1957.5466666666666,10.599285275962892,3.542396130382991
523652,71.38000000000001,239.04,703.9516666666666,9.862029513402444,3.348837209302325
523705,164.75666666666666,1121.9350000000002,2465.2066666666665,14.962712687397575,6.809648572642484
523716,131.415,651.4916666666667,1805.8,13.741201537115247,4.957513728772718
523758,330.07166666666666,,,,
523769,42.115,145.8383333333333,430.7183333333333,10.227195377735564,3.462859630377141
523901,57.10333333333333,214.60666666666665,612.24,10.721615784250774,3.758216099468799
523904,869.2566666666667,881.3766666666667,938.1733333333334,1.0792822986689778,1.0139429474225103
523910,64.39333333333333,264.96,671.8,10.432757014183663,4.114711667874521
523916,56.57833333333333,135.22,404.53499999999997,7.149998527115797,2.389960821280231
523938,213.03,1252.3183333333334,2557.2200000000003,12.004036990095292,5.878600823045268
523947,441.8283333333333,,,,
523957,0.0,60.89833333333333,146.17166666666665,,
523959,20.336666666666666,149.81166666666667,384.6716666666667,18.915177839698412,7.366579249303393
523966,104.72,800.9516666666666,1772.2333333333333,16.92354214413038,7.648507130124776
524003,77.85166666666667,331.85166666666663,971.5816666666667,12.479908372760162,4.262614801652715
524026,2204.5433333333335,2190.3799999999997,2223.3283333333334,1.008521039126773,0.993575389007247
524042,47.91833333333333,220.24833333333333,373.56,7.795763625613023,4.59632708427533
524044,18.946666666666665,49.55,117.56833333333334,6.205225193525687,2.6152357494722027
524054,20.366666666666667,65.15,165.51166666666668,8.126595744680852,3.1988543371522096
524148,139.325,559.0183333333333,1193.5183333333334,8.566433399126744,4.012333273521143
524164,0.0,39.531666666666666,94.9,,
524184,164.255,,,,
524185,2205.233333333333,2190.3799999999997,2223.3283333333334,1.008205480901492,0.9932645071572168
524230,79.98166666666665,402.025,1002.8383333333334,12.53835253912355,5.02646439809123
524252,67.27166666666668,290.65333333333336,849.8016666666666,12.63238609617719,4.320590639942521
524288,98.26,786.6566666666666,1833.965,18.66441074699776,8.005868783499558
524362,137.70833333333334,777.7900000000001,2049.746666666667,14.88469591527988,5.648096822995462
524431,195.02833333333334,908.7900000000001,2159.98,11.075211294085475,4.659784475759933
524576,346.0833333333333,,,,
524614,104.56,418.8233333333334,917.615,8.775965952563121,4.005578933945422
524646,48.55833333333333,371.87166666666667,886.8133333333334,18.26284537497855,7.658246095761113
524786,89.61166666666666,368.67333333333335,1070.645,11.947607268398832,4.114122045120613
524928,164.20499999999998,786.9983333333333,1490.0816666666665,9.074520670300336,4.7927793510144845
524944,0.07,191.155,390.625,5580.357142857142,2730.785714285714
524949,193.98833333333332,973.1683333333333,2214.9883333333332,11.418152294381965,5.016633302690025
524977,10.565,34.413333333333334,87.97,8.326549929010886,3.2572961034863543
525021,120.76333333333334,299.54,773.3266666666666,6.403654530900659,2.4803886389356595
525224,94.74499999999999,836.3116666666666,2360.3616666666667,24.912783436241142,8.826974158706705
525250,57.473333333333336,716.4166666666666,1103.145,19.194032014847465,12.4652012527549
525286,201.29500000000002,700.4233333333334,1581.625,7.857249310713132,3.479586345082259
525304,111.48833333333333,629.4699999999999,972.0266666666666,8.7186402164651,5.646061620797393
525320,212.34833333333333,1961.8283333333334,3962.3233333333333,18.65954524405654,9.238727248467534
525401,169.17333333333332,905.3033333333333,1930.5416666666667,11.411619246532158,5.351335907944515
525432,24.540000000000003,67.09833333333333,185.23333333333332,7.548220592230371,2.7342434121162724
525507,3859.705,4969.413333333333,5134.121666666667,1.3301849925490852,1.2875111785313471
525509,115.76833333333335,430.5383333333333,1195.4883333333335,10.326557348728063,3.718964598839636
525677,22.273333333333333,297.075,437.21666666666664,19.629601915594133,13.337698293923975
525698,109.66333333333334,461.09833333333336,1379.97,12.583695553056323,4.2046718745250615
525871,15.751666666666667,213.12666666666667,629.8583333333333,39.986773886361235,13.530420061369167
525881,84.90166666666667,852.48,2408.8566666666666,28.372313068059125,10.040792289118784
525945,34.11666666666667,118.74,292.50333333333333,8.57361993160723,3.480410356619443
525984,74.50666666666666,226.02166666666665,606.985,8.14672065139585,3.0335764137437367
526074,127.84833333333333,399.14833333333337,1187.005,9.284477701443118,3.1220456530524454
526141,127.885,721.495,2083.2283333333335,16.289856772360586,5.641748445869336
526216,172.125,647.4283333333333,1890.8383333333334,10.985262648269185,3.7613846526264823
526217,81.115,213.22166666666666,638.5416666666666,7.872054079598923,2.6286342435636647
526221,157.94666666666666,891.0416666666666,1879.5783333333334,11.900082306263718,5.6414084923180825
526236,38.71666666666667,126.94833333333332,342.28,8.840637107188979,3.2789065863108044
526333,45.498333333333335,175.595,350.4433333333333,7.70233341880655,3.8593721381735593
526358,27.32,184.44666666666666,546.0633333333333,19.987676915568567,6.751342118106393
526374,4909.201666666666,4897.015,4937.1033333333335,1.0056835446089165,0.9975175868717285
526380,104.63000000000001,775.935,1691.21,16.163719774443276,7.415989677912643
526515,218.825,1534.2083333333333,3322.5183333333334,15.183449483986443,7.0111199969534255
526555,31.123333333333335,278.575,588.4233333333334,18.90617971511192,8.950680089964656
526584,207.99666666666664,664.99,1990.2316666666666,9.568574816904118,3.1971185435664036
526676,174.265,1422.055,2787.6066666666666,15.996365688271695,8.160301839153014
526694,28.65666666666667,107.53333333333333,315.545,11.011224845876468,3.7524717924857502
526714,97.105,1406.4733333333331,2104.565,21.67308583492096,14.48404647889741
526722,188.33333333333334,663.9583333333334,1986.7266666666667,10.548991150442477,3.525442477876106
526745,162.11833333333334,660.81,1599.885,9.86862476997255,4.076096678352232
526775,90.00166666666668,332.3383333333333,606.775,6.741819595933407,3.6925797670413503
526888,21.363333333333333,302.7,453.5816666666667,21.231783429552195,14.169137150881573
526919,7.655,25.163333333333334,74.47833333333332,9.72937078162421,3.2871761376006967
526971,75.25333333333333,222.24666666666664,594.6550000000001,7.902041991495395,2.953313253012048
527014,81.95833333333333,262.03333333333336,662.4816666666667,8.083152008134215,3.1971530249110325
527024,1743.6633333333334,,,,
527051,64.29166666666667,297.4166666666667,816.0483333333334,12.692909915748542,4.6260531432274785
527099,150.78,6928.1849999999995,11274.244999999999,74.77281469690939,45.94896538002387
527114,4922.591666666666,4958.683333333333,5125.91,1.0413031076109978,1.0073318424745774
527154,15.245000000000001,46.56666666666667,139.03166666666667,9.119820706242484,3.054553405488138
527195,2205.588333333333,3214.8700000000003,3247.435,1.4723667834659384,1.45760201548642
527201,101.02,527.38,958.4316666666667,9.48754372071537,5.2205503860621665
527203,96.93833333333333,409.1683333333333,1034.9866666666667,10.676753262383302,4.220913639255196
527211,23.259999999999998,66.35833333333333,174.31,7.493981083404988,2.8528948122671256
527213,140.46166666666667,516.6733333333334,1147.115,8.16674774849603,3.678393867840574
527231,126.52333333333333,3243.565,3248.436666666667,25.674605474616015,25.636101377874965
527232,58.348333333333336,188.52333333333334,474.5416666666667,8.132908680624983,3.2309977434374018
527235,39.635,126.88333333333334,341.8666666666667,8.625373197090115,3.2012951515916073
527251,1743.3966666666668,,,,
527268,7.826666666666667,18.543333333333333,55.059999999999995,7.034923339011924,2.369250425894378
527318,99.00833333333334,271.27833333333336,786.09,7.939634710882922,2.739954549280364
527324,170.01000000000002,5569.761666666667,9631.413333333334,56.65204007607395,32.76137678175794
527330,126.58333333333333,,,,
527437,26.673333333333336,948.3366666666666,2353.685,88.24112721819544,35.55373656585853
527444,16.738333333333333,133.41833333333335,198.09333333333333,11.834710743801653,7.970825450562582
527465,33.42666666666666,136.53833333333333,405.705,12.137165935380935,4.084712804148385
527683,40.38166666666667,189.65833333333333,485.0833333333333,12.012464402162697,4.696644516901234
527716,136.195,412.80333333333334,704.145,5.1701237196666545,3.03097274740874
527724,100.27666666666667,392.12833333333333,958.315,9.556709769637337,3.9104643818768072
527812,107.265,471.7366666666667,1143.2616666666665,10.65829176960487,4.397861992883668
527819,2211.0583333333334,2189.923333333333,2225.075,1.006339347295978,0.9904412291248157
527859,21.223333333333336,67.195,177.0883333333333,8.344039579079627,3.1660907805874032
527864,88.82333333333332,270.625,659.645,7.426483281420048,3.0467782489586073
527905,56.175,220.50833333333333,542.8566666666667,9.663670078623351,3.925381990802552
527928,37.776666666666664,186.60666666666665,276.7966666666667,7.327186093708639,4.939733521574164
527973,157.41333333333333,645.56,1884.405,11.971063442317465,4.101050313399966
527985,34.64,113.67666666666668,318.6716666666667,9.199528483448807,3.2816589684372595
528001,98.25666666666666,239.93666666666667,635.8983333333333,6.471808528683381,2.4419377819995254
528038,128.83,550.1283333333333,1646.7866666666666,12.782633444591061,4.270188103185076
528066,1743.6633333333334,,,,
528140,155.42000000000002,581.765,1675.8283333333334,10.78257838973963,3.74317977094325
528202,53.305,227.95499999999998,661.2633333333334,12.405277803833288,4.276428102429415
528261,112.67666666666668,715.69,2025.4433333333334,17.97571221489217,6.351714344880632
528354,2204.5433333333335,3303.741666666667,3353.945,1.5213785772714832,1.4986059093115278
528369,2205.9316666666664,2187.725,2223.3166666666666,1.0078810238153344,0.9917464956227868
528386,36.03333333333333,281.06,812.9116666666666,22.5599907493062,7.800000000000001
528395,28.601666666666667,91.33666666666666,265.1633333333333,9.270904958918477,3.1934036478060714
528415,128.85166666666666,551.5866666666666,1571.2116666666666,12.19395687547697,4.280787986185666
528473,63.52333333333333,392.9683333333333,523.6,8.24264049955397,6.18620454426195
528640,0.8366666666666667,3.19,8.826666666666666,10.549800796812749,3.8127490039840635
528653,213.765,1293.9850000000001,2695.7,12.610577035529671,6.053306200734452
528677,126.63833333333334,407.5083333333333,1207.7433333333333,9.536949054393746,3.2178908440045797
528693,66.50666666666667,452.26,942.3283333333333,14.168930433039291,6.800220529270248
528725,109.43666666666667,380.18666666666667,728.6316666666667,6.658021382230209,3.4740336876732356
528774,12.723333333333333,69.86333333333333,95.25666666666666,7.48676971443542,5.490961488079644
528791,58.865,171.935,327.98333333333335,5.571788555734874,2.920835810753419
528864,0.0,60.89833333333333,146.17166666666665,,
528903,126.58333333333333,,,,
528922,29.043333333333333,875.0666666666667,2222.52,76.52427407322392,30.12969126592448
528959,28.601666666666667,166.38833333333332,247.24166666666667,8.6443097721578,5.817434881417166
528962,165.45333333333335,704.0066666666667,1947.3283333333334,11.769653074381496,4.255016520267548
529012,269.9583333333333,1471.2916666666667,3129.5583333333334,11.59274579410403,5.450069455162835
529161,1724.905,1730.2616666666665,1754.9066666666665,1.0173932284193428,1.0031054850363739
529231,1759.9516666666668,1819.8783333333333,2022.3566666666666,1.149097844543079,1.0340501775143445
529232,255.725,74.08,220.21166666666667,0.8611268615374589,0.2896861863329749
529263,67.82166666666667,275.82,636.9816666666667,9.392008453542378,4.066841962991178
529297,0.0,7.6483333333333325,18.353333333333335,,
529306,2204.5433333333335,2191.0183333333334,2224.85,1.0092112803407507,0.9938649425504601
529320,33.401666666666664,557.9150000000001,1062.0233333333333,31.79551918566938,16.7032084227334
529365,15.973333333333333,74.14833333333333,144.59166666666667,9.052065943238732,4.642007512520868
529376,117.42666666666668,644.4699999999999,1789.7216666666668,15.241185988418303,5.488276371068467
529423,116.01333333333334,727.7,1774.575,15.296302149178256,6.2725548787495695
529496,28.601666666666667,91.33666666666666,265.1633333333333,9.270904958918477,3.1934036478060714
529529,86.515,312.7583333333333,892.275,10.31352944576085,3.615076383671425
529565,1743.6633333333334,3600.4783333333335,3616.355,2.073998420948998,2.0648930699542536
529707,57.29,174.96833333333333,477.4,8.333042415779367,3.054081573282132
529727,35.09,226.34,501.77000000000004,14.299515531490453,6.450270732402394
529729,56.35166666666667,248.27833333333334,685.6466666666668,12.167282836946557,4.405873828044128
529760,159.75666666666666,882.9033333333333,1947.6466666666668,12.19133265174119,5.526550796002254
529769,106.00166666666668,384.51166666666666,866.9283333333333,8.17844059055675,3.6274115186868126
529802,1725.2966666666666,1730.8566666666666,1756.28,1.017958264182585,1.0032226341749921
529981,34.045,177.46166666666667,246.64333333333335,7.244627209086014,5.212561805453566
530026,148.71,496.2366666666667,1245.1233333333332,8.372828547732722,3.3369421469078517
530049,103.17833333333333,619.1016666666667,1852.2633333333333,17.952057117934967,6.000306911980875
530097,2.493333333333333,5.09,13.803333333333335,5.536096256684493,2.0414438502673797
530116,151.43333333333334,613.495,1565.4683333333335,10.337673343605548,4.051254677525864
530190,146.37,691.56,1928.8633333333335,13.177996401812758,4.7247386759581875
530208,441.8283333333333,,,,
530237,0.0,145.99666666666664,277.7083333333333,,
530245,20.168333333333333,80.65833333333333,203.34,10.082141971737872,3.9992562598132384
530282,20.315,80.44666666666667,231.55166666666668,11.398063828041677,3.9599639018787434
530315,20.256666666666668,63.35166666666667,173.14166666666668,8.547391805167024,3.127447753825901
530319,0.0,3811.975,4670.133333333333,,
530385,220.49333333333334,1528.0966666666668,3304.19,14.985441736711616,6.930353147487453
530422,147.89333333333335,582.7800000000001,1696.9166666666667,11.473922646952758,3.940542733501623
530471,158.98666666666668,624.1116666666666,1387.4066666666665,8.726559879235154,3.9255597953706802
530496,76.90166666666667,316.40999999999997,817.7816666666666,10.634121497150039,4.114475195596107
530538,16.529999999999998,262.69,618.6233333333333,37.42427908852592,15.891712038717486
530579,859.2033333333333,864.5583333333333,889.2383333333333,1.0349568010676558,1.0062325177199034
530707,1734.4866666666667,1752.055,1819.6333333333334,1.0490904129175587,1.0101288373505322
530727,346.0833333333333,,,,
530734,80.01166666666667,696.7783333333333,2068.57,25.853354719103464,8.708459183035806
530754,21.290000000000003,161.76000000000002,244.36166666666668,11.477767339909189,7.597933302019728
530772,60.005,233.39,672.375,11.20531622364803,3.889509207566036
530838,176.18333333333334,930.8816666666667,2033.9733333333331,11.544640998959416,5.283596632295904
530858,189.54,866.8766666666667,2423.7850000000003,12.787722908093281,4.573581653828567
530885,55.52833333333333,583.7416666666667,1234.3866666666665,22.229852627787615,10.512501125551521
531039,127.32833333333333,,,,
531056,296.4183333333333,787.9083333333333,2344.6066666666666,7.909789655385689,2.6580958217834034
531074,94.00333333333333,272.54,692.0283333333333,7.3617424914010146,2.8992588915286697
531150,95.25166666666668,758.1083333333333,2121.8633333333332,22.27639061433745,7.9590033420237605
531166,90.96833333333333,460.92833333333334,1358.625,14.935142265623568,5.066909730492296
531174,74.455,177.00333333333336,474.9166666666667,6.3785731873838785,2.37731963378327
531212,276.635,1423.4166666666667,2989.201666666667,10.805580156764933,5.145468457233057
531214,29.148333333333333,53.25,157.425,5.400823374692664,1.8268625993481618
531298,142.8383333333333,895.2,1940.9666666666667,13.58855582651716,6.267225184649313
531316,217.02833333333334,4031.5916666666667,5168.368333333333,23.814256203107117,18.57633795894545
531347,126.92,,,,
531399,115.425,327.46666666666664,793.4016666666666,6.873741968088947,2.8370514764276944
531412,140.04500000000002,146.96833333333333,172.61,1.2325324002999036,1.049436490651814
531438,232.23,1490.4583333333333,3191.225,13.741656977995952,6.418026668963241
531443,48.18666666666666,242.825,706.1916666666667,14.65533342556724,5.039257055893747
531444,176.94666666666666,,,,
531464,155.05166666666668,,,,
531501,28.528333333333332,121.00500000000001,315.5816666666667,11.06204358240346,4.241572705497459
531529,126.52333333333333,3242.05,3247.2783333333336,25.665450378059386,25.62412730194694
531619,16.521666666666665,52.70333333333333,151.02666666666667,9.14112781196409,3.1899525875113492
531735,28.601666666666667,91.33666666666666,265.1633333333333,9.270904958918477,3.1934036478060714
531797,92.79333333333334,368.35,1080.115,11.64000646598175,3.969573963646814
531803,82.6,321.59666666666664,817.4766666666667,9.896811945117031,3.8934221146085553
531829,241.38500000000002,696.1266666666667,2069.7066666666665,8.574296939191195,2.883885356035655
531839,42.03333333333333,186.01333333333332,517.1133333333333,12.302458366375893,4.4253766851705
531871,35.2,120.17666666666668,345.27666666666664,9.80899621212121,3.4141098484848484
532042,147.56,,,,
532069,0.0,39.69166666666667,95.28333333333333,,
532135,18.791666666666668,46.87,138.185,7.3535254988913525,2.4941906873614186
532209,869.2566666666667,881.3766666666667,938.1733333333334,1.0792822986689778,1.0139429474225103
532220,31.711666666666666,156.85,222.2866666666667,7.009617911389079,4.946129184842592
532241,24.778333333333332,137.30166666666668,408.77833333333336,16.497410371964754,5.541198627833457
532242,859.2033333333333,864.5583333333333,889.2383333333333,1.0349568010676558,1.0062325177199034
532281,28.28166666666667,241.61833333333334,531.855,18.805645589015263,8.54328481348341
532338,72.16000000000001,223.675,560.5416666666666,7.7680386178861776,3.099708980044346
532353,0.07,3811.975,4670.133333333333,66716.19047619047,54456.78571428571
532362,128.39833333333334,729.5266666666666,1901.9033333333332,14.81252352704474,5.681745609366684
532441,118.32166666666667,455.69666666666666,1342.3933333333334,11.345287563562605,3.851337455805502
532462,81.115,213.22166666666666,638.5416666666666,7.872054079598923,2.6286342435636647
532525,1743.6633333333334,3583.086666666667,3602.851666666667,2.0662541889776125,2.0549188585717046
532579,84.13666666666667,524.965,1442.6683333333335,17.146725565548117,6.2394318767085295
532596,98.16499999999999,299.43666666666667,892.8183333333333,9.095078014906875,3.050340413249801
532763,89.725,521.8866666666667,1425.905,15.891947617720815,5.816513420637132
532770,0.0,60.89833333333333,146.17166666666665,,
532774,93.77666666666667,270.6433333333333,809.6550000000001,8.63386414530978,2.886041303806917
532776,63.83166666666667,219.65166666666667,654.86,10.259171257735188,3.4411081229274916
532824,115.66333333333334,714.9983333333333,1999.4983333333332,17.287227297616642,6.181719934292054
532832,15.67,63.751666666666665,188.51833333333335,12.030525420123379,4.06838970431823
532855,112.50500000000001,552.8449999999999,1230.43,10.936669481356384,4.913959379583129
532976,158.63666666666668,918.7533333333333,2004.5283333333332,12.635971086970223,5.791557227206824
533029,129.03666666666666,405.275,1001.1483333333333,7.758634496654698,3.140773940223709
533043,115.865,643.6833333333333,1848.99,15.958140939886938,5.555459658510623
533046,130.13333333333333,786.5933333333334,1845.2333333333333,14.17955942622951,6.044518442622952
533062,81.885,254.5366666666667,646.9599999999999,7.900836539048664,3.1084651238525574
533072,0.0,54.483333333333334,130.77666666666667,,
533082,139.03166666666667,676.4933333333333,1853.8133333333333,13.333748906124503,4.865750008990758
533100,125.83666666666666,406.96500000000003,1210.3983333333333,9.618804799872851,3.234073269582263
533122,444.1166666666667,,,,
533259,48.49666666666667,688.4366666666666,1251.5166666666667,25.806240978761426,14.195546085641622
533270,114.29833333333333,439.6933333333333,1316.505,11.518146954607097,3.846891905685414
533285,126.52333333333333,3234.838333333333,3241.2166666666667,25.617540901546487,25.567128592881417
533445,24.933333333333334,76.17833333333333,227.31666666666666,9.116978609625669,3.0552807486631015
533454,94.22,218.04333333333335,606.4533333333333,6.436566900162739,2.3141937309842215
533468,869.2566666666667,881.3766666666667,938.1733333333334,1.0792822986689778,1.0139429474225103
533516,47.97166666666667,222.13500000000002,536.0,11.173261994927561,4.630545808289615
533552,174.76166666666668,799.0916666666667,1649.8016666666667,9.440294877785936,4.572465357582231
533577,139.06833333333333,815.7099999999999,1809.4433333333334,13.011181553432966,5.865533730420297
533594,26.666666666666668,101.07666666666667,295.58,11.084249999999999,3.790375
533599,6.411666666666666,41.81666666666667,72.46000000000001,11.30127371978165,6.521965167663115
533676,4.0183333333333335,22.708333333333332,46.781666666666666,11.64205723766072,5.6511820821236
533694,67.26166666666667,273.46500000000003,646.4533333333333,9.611021631934978,4.0656887281016925
533714,76.54166666666667,240.89666666666665,623.99,8.152291780076212,3.1472618399564505
533751,60.61833333333333,247.22,697.205,11.501553435429326,4.07830414341096
533778,126.31333333333333,408.28499999999997,1218.8,9.6490209531852,3.232319100649179
533825,113.59833333333333,606.885,1678.5800000000002,14.776449184993913,5.3423759151396
533830,70.35833333333333,315.00333333333333,802.4300000000001,11.404903470330453,4.477128982589127
533841,31.955,92.11166666666666,275.5133333333333,8.621916236374068,2.8825431596515934
533881,122.14666666666668,842.5166666666667,1877.87,15.373894771313173,6.897582141687588
533890,101.09333333333333,328.81666666666666,970.1766666666666,9.596841202848852,3.252604853600633
533908,3865.8733333333334,3303.741666666667,3353.945,0.867577571950107,0.8545912868329881
533942,101.59833333333333,411.665,830.6933333333333,8.17624961039387,4.051887334109812
533947,146.64333333333335,650.2266666666667,1869.7533333333333,12.750346646057325,4.434069056440797
533979,223.9116666666667,5793.265,9899.375,44.21107281889435,25.872993070183924
534082,137.69833333333332,199.45499999999998,410.5466666666667,2.9814933610912746,1.448492477517278
534085,58.12166666666667,216.41333333333333,630.91,10.854988099675966,3.7234536747627103
534098,143.5883333333333,720.27,1925.3983333333333,13.409155804208794,5.016215337829212
534189,41.519999999999996,649.6966666666667,1898.9166666666667,45.73498715478485,15.647800256904306
534245,16.83833333333333,51.336666666666666,150.905,8.96199148767693,3.048797386914778
534304,4909.201666666666,4915.546666666666,4981.581666666667,1.0147437414297846,1.001292470839624
534329,80.875,852.48,2408.8566666666666,29.78493560020608,10.540710973724885
534435,158.88833333333332,1195.1516666666669,2271.798333333333,14.298081461823292,7.521959866992543
534500,128.605,358.81333333333333,887.1966666666667,6.898617212912925,2.7900418594404055
534524,9.15,24.985,73.86833333333334,8.07304189435337,2.730601092896175
534577,1738.6033333333332,1753.125,1823.0683333333334,1.048582099424634,1.0083524898337939
534656,126.11833333333334,407.98833333333334,1208.895,9.585402598089095,3.2349645174505426
534660,204.43666666666667,770.9283333333333,1815.415,8.880085111933607,3.770988570217345
534785,94.77,704.1133333333333,1779.1416666666667,18.773258063381522,7.4297070099539235
534812,165.38333333333333,886.8816666666667,1883.925,11.391262722966845,5.362581880479694
534848,137.69833333333332,1816.0783333333334,1978.9183333333335,14.371403672278776,13.188818552633172
534852,126.58333333333333,,,,
534979,67.84833333333333,718.6716666666667,1328.7083333333333,19.58350733253089,10.592326021272939
535005,137.69833333333332,1816.0783333333334,1978.9183333333335,14.371403672278776,13.188818552633172
535061,126.58333333333333,,,,
535121,138.11166666666668,412.80333333333334,704.145,5.098374503722832,2.988909940024376
535130,147.43833333333333,863.4150000000001,1950.2583333333334,13.227620587138126,5.856109333845789
535145,134.58666666666667,1207.135,2308.085,17.14943283138498,8.969202001188824
535147,859.2033333333333,864.5583333333333,889.2383333333333,1.0349568010676558,1.0062325177199034
535173,17.851666666666667,96.69,287.2,16.088133694332928,5.416300998973019
535257,276.525,1461.7866666666666,3103.3616666666667,11.22271645119489,5.286273091643312
535287,217.02833333333334,3927.3450000000003,5014.695000000001,23.10617661288465,18.096001290154128
535312,20.395,85.11,252.0883333333333,12.360300727302443,4.1730816376562885
535407,164.80666666666667,850.1633333333334,2294.0183333333334,13.91945107398568,5.158549411431577
535447,69.85,215.64833333333334,569.675,8.155690765926986,3.087306132188022
535509,1743.6633333333334,3583.086666666667,3602.851666666667,2.0662541889776125,2.0549188585717046
535637,192.52666666666667,675.045,2019.3433333333335,10.48864226600644,3.5062415596107894
535645,81.19333333333334,709.1833333333333,2122.4100000000003,26.140200344855902,8.734502011659412
535702,170.19166666666666,81.00333333333333,240.98166666666665,1.4159428095774371,0.4759535817460706
535742,53.44833333333334,216.13,603.9633333333334,11.299946989304312,4.04371823256104
535752,143.125,917.8866666666667,2002.7733333333333,13.99317612809316,6.413181950509461
535760,136.195,423.89500000000004,730.75,5.36546862953853,3.1124123499394254
535879,175.84333333333333,692.5833333333334,1522.825,8.660123594866644,3.938638560840142
535912,72.49166666666666,288.72333333333336,853.3766666666667,11.772065754684448,3.982848603287735
535924,113.27166666666668,924.5666666666667,2010.6466666666668,17.750658446507657,8.162382472816091
535949,42.22666666666667,662.2966666666667,1220.1483333333333,28.895208399115884,15.684322702873384
535979,81.65333333333334,339.0866666666667,835.1416666666667,10.227894350097975,4.152759634225997
535990,35.58166666666667,309.73333333333335,439.94666666666666,12.364419879151246,8.704857370368636
536027,66.35666666666667,273.67833333333334,803.185,12.104058873762996,4.124353242577987
536034,83.885,532.4083333333333,1038.5183333333332,12.380262661182966,6.34688363036697
536041,20.206666666666667,85.41666666666667,254.56666666666666,12.598152424942263,4.227152754866381
536045,1739.6333333333334,1765.41,1858.7649999999999,1.0684809059380327,1.0148172986644695
536077,90.96000000000001,364.67333333333335,1030.39,11.327946350043975,4.009161536206391
536126,137.69833333333332,81.00333333333333,240.98166666666665,1.7500695965819,0.5882666214793207
536152,1738.6033333333332,3583.086666666667,3602.851666666667,2.0722677781590972,2.060899457610611
536157,36.965,221.325,299.825,8.111050994183687,5.987420532936561
536176,173.82666666666668,596.8683333333333,1444.7883333333334,8.311661041650686,3.433698320165682
536263,126.24499999999999,425.0933333333333,862.6016666666667,6.832759053163822,3.367209262413033
536273,133.815,530.37,1112.0566666666666,8.310403666753851,3.963457011545791
536334,29.165000000000003,85.02166666666668,202.47666666666666,6.942453854505971,2.9151951540088006
536337,185.77,,,,
536389,49.085,200.89166666666668,577.7566666666667,11.770534107500595,4.092730297782758
536394,0.0,39.61333333333334,95.095,,
536402,444.1166666666667,,,,
536474,249.035,1382.495,2867.9883333333332,11.516406663052717,5.551408436565141
536480,63.52333333333333,392.9683333333333,523.6,8.24264049955397,6.18620454426195
536483,65.63166666666667,234.81833333333333,564.5949999999999,8.602478478376797,3.577820665837121
536521,89.40833333333333,389.5316666666667,1080.4233333333334,12.084145773138225,4.356771367322211
536559,121.25666666666666,599.075,1335.6633333333334,11.015174423399403,4.9405530967369495
536560,140.24833333333333,145.8,172.29166666666666,1.228475680043732,1.0395845464592568
536562,35.64333333333333,310.13,448.295,12.577246796969982,8.700925839334145
536564,89.61999999999999,335.09833333333336,988.6066666666667,11.031094249795434,3.739102134940118
536638,296.5933333333333,40.35333333333333,79.055,0.26654341522623576,0.13605610375598462
536718,100.555,614.7,1839.2466666666667,18.290951883712065,6.113072447914077
536720,166.65,1494.0466666666666,3165.86,18.997059705970596,8.965176517651765
536729,163.27666666666667,911.0566666666667,1977.695,12.112539044158178,5.579833819896699
536741,110.43333333333334,468.2083333333333,1129.7216666666668,10.229897373981286,4.239737398128584
536830,443.425,,,,
536836,64.545,260.8283333333333,771.33,11.950267255403208,4.041030805381258
536839,3.9633333333333334,12.0,28.683333333333334,7.23717409587889,3.027754415475189
536928,1743.3966666666668,,,,
536938,121.30333333333333,412.56166666666667,824.9233333333334,6.800500123656949,3.4010744414827845
536967,3860.7233333333334,3860.9083333333333,3930.115,1.0179737475792532,1.0000479184815971
536968,869.2566666666667,881.3766666666667,938.1733333333334,1.0792822986689778,1.0139429474225103
537022,201.12666666666667,1068.1333333333334,2308.5216666666665,11.477949219397393,5.310749444794326
537168,78.72,186.14833333333334,528.7133333333334,6.716378726287263,2.364689193766938
537180,92.07833333333333,360.24666666666667,833.76,9.05489890853802,3.9123934331275905
537199,11.758333333333333,48.24666666666667,142.575,12.125442948263641,4.103189227498229
537218,163.88833333333332,940.2099999999999,2180.476666666667,13.304648490333868,5.736894023369571
537245,,3583.086666666667,3602.851666666667,,
537375,10.72,30.30666666666667,88.46499999999999,8.252332089552237,2.8271144278606966
537443,51.16833333333333,227.60166666666666,674.015,13.172502524347742,4.448096153219765
537465,0.0,3872.195,4849.858333333334,,
537478,15.229999999999999,38.51166666666666,88.21000000000001,5.791858174655287,2.528671481724666
537496,443.425,,,,
537547,45.3,192.335,565.8716666666667,12.491648270787344,4.245805739514349
537549,212.35166666666666,1129.8766666666668,2432.015,11.45277095384229,5.320780780309393
537589,38.45,157.87666666666667,462.89000000000004,12.038751625487647,4.1060251408755954
537644,67.20166666666667,358.72666666666663,912.8066666666667,13.58309565734977,5.338062052032439
537648,204.79,771.52,1817.1866666666667,8.873415043052233,3.767371453684262
537782,22.038333333333334,65.02333333333334,188.94666666666666,8.573546093927247,2.950465098691674
537807,274.80333333333334,1937.1733333333332,3826.31,13.923812180832352,7.049307989956453
537823,153.05666666666667,756.525,2017.1016666666667,13.178789990635277,4.942777184920617
537880,88.50333333333333,348.0383333333333,919.755,10.3923204399081,3.9324884185153097
537895,48.45166666666667,324.45,703.9599999999999,14.529118365381306,6.696364074163255
537934,150.075,1050.0116666666665,2222.1549999999997,14.80696318507413,6.996579488033761
537997,868.2483333333333,879.685,933.1433333333333,1.0747424411986586,1.0131721147367592
538001,6.83,35.625,94.86666666666666,13.889702293801854,5.215959004392387
538056,136.195,425.12,733.69,5.387055325085356,3.1214068064172698
538058,61.14666666666667,207.67666666666668,479.48833333333334,7.8416103358046225,3.3963693850850416
538063,158.82166666666666,646.825,1888.7533333333333,11.892290094760371,4.0726496174955145
538134,165.28,592.0916666666667,1706.5800000000002,10.325387221684416,3.5823551952242663
538178,0.0,161.44,346.35833333333335,,
538214,210.65833333333333,700.4233333333334,1581.625,7.508010601685194,3.3249258277621747
538217,74.05166666666668,262.385,541.5366666666666,7.312957169543785,3.543269338975039
538273,136.195,423.27333333333337,729.2566666666667,5.354503958784586,3.1078478162438663
538322,105.18833333333333,558.4599999999999,1044.095,9.925958201955224,5.3091439164672884
538376,0.0,158.49333333333334,240.59166666666667,,
538409,192.2133333333333,936.9533333333333,1962.9350000000002,10.212272821864596,4.87454911209767
538439,21.298333333333336,25.759999999999998,71.24,3.344862665310274,1.2094843101964157
538492,30.171666666666667,93.00666666666666,253.92999999999998,8.416174114787603,3.082582997293266
538493,73.695,287.6716666666667,687.145,9.324173960241536,3.903543885835765
538591,19.376666666666665,66.43833333333333,195.61499999999998,10.0953896439016,3.428780319972476
538602,0.0,145.99666666666664,277.7083333333333,,
538622,126.52333333333333,3234.838333333333,3241.2166666666667,25.617540901546487,25.567128592881417
538667,104.79333333333334,363.25333333333333,840.92,8.02455626948279,3.4663782683376803
538688,202.40166666666667,789.9816666666667,2364.435,11.681894911932543,3.9030393359738476
538718,99.42833333333333,598.5366666666666,1652.1183333333333,16.616172452520242,6.01977974085187
538751,12.99,39.55,115.44666666666667,8.887349243007442,3.0446497305619706
538755,42.23166666666667,734.7316666666667,1121.7616666666665,26.56209795177394,17.397647894549902
538786,78.74666666666667,223.75166666666667,669.8466666666667,8.506349475110058,2.8414112766677952
538870,40.11333333333334,226.715,421.615,10.510594980887484,5.651861392720624
538909,117.52,327.8683333333333,837.9983333333333,7.130686975266621,2.7898939187656
538921,3.9633333333333334,12.0,28.683333333333334,7.23717409587889,3.027754415475189
538922,177.01333333333332,704.855,1618.1033333333332,9.141138144019283,3.981931681229286
538927,12.663333333333332,22.361666666666668,61.085,4.823769413003422,1.7658594366938671
538934,126.11833333333334,407.5083333333333,1207.7433333333333,9.576270962455894,3.2311585680115233
539032,42.559999999999995,130.04166666666666,381.50333333333333,8.96389411027569,3.0554902882205517
539038,86.49,1407.3683333333333,2115.375,24.458029830038157,16.272035302732494
539054,134.57166666666666,542.63,1137.2566666666667,8.450936923324623,4.032275243674374
539065,162.44666666666666,,,,
539119,33.84166666666667,108.70166666666667,285.3333333333333,8.431420832307312,3.212065993597636
539166,83.57666666666667,346.73333333333335,995.5400000000001,11.911697842300484,4.148685837354924
539194,128.31666666666666,403.35333333333335,995.3816666666667,7.757228211456034,3.1434212235355243
539197,206.51166666666668,638.605,1896.3366666666666,9.1827096128548,3.0923434511367396
539251,105.70833333333333,910.6866666666666,1994.3666666666666,18.866692944422546,8.615088687426093
539314,23.785,99.33166666666666,291.2083333333333,12.243360661481326,4.176231518464018
539399,74.30166666666668,251.45333333333335,607.2133333333334,8.172270698279535,3.3842219779726785
539403,31.055,117.985,192.485,6.198196747705684,3.79922717758815
539448,179.54666666666665,905.9316666666667,2002.9416666666666,11.155549160849548,5.045661295113621
539470,128.96166666666667,368.1183333333333,1094.8966666666668,8.490093955568192,2.8544787210669833
539476,211.95,1562.5816666666665,3407.1600000000003,16.075300778485495,7.372407014232916
539524,2.3066666666666666,4.766666666666667,11.573333333333332,5.017341040462427,2.066473988439306
539573,132.92,612.7666666666667,1240.54,9.332982244959375,4.6100411274952355
539582,305.4316666666667,6114.286666666667,10293.018333333333,33.69990559808795,20.01850932287091
539615,0.0,134.11,221.2133333333333,,
539640,137.69833333333332,1815.7566666666667,1978.145,14.365787530713275,13.186482528232006
539649,0.0,54.483333333333334,130.77666666666667,,
539692,132.52333333333334,654.7900000000001,1807.74,13.640918580375782,4.940941217898735
539698,241.2133333333333,1829.2466666666667,3577.108333333333,14.829645956552982,7.5835221933558135
539702,89.60166666666667,356.225,1065.0416666666667,11.886404642770781,3.975651494577854
539753,76.695,575.7383333333333,1234.9016666666669,16.10146250298803,7.506856161853229
539795,80.85833333333333,329.5433333333333,809.4699999999999,10.010965680717304,4.075564258476759
539882,9.976666666666667,316.74,887.4699999999999,88.95456064149681,31.74807885065152
540040,83.90666666666667,580.5366666666666,1576.4983333333332,18.7887136500874,6.918838391863975
540063,2.5366666666666666,38.03,99.98333333333333,39.415243101182654,14.992115637319317
540102,169.815,700.4233333333334,1581.625,9.313812089626946,4.124625818292456
540105,66.68,287.64833333333337,789.3016666666666,11.837157568486301,4.313862227554489
540168,62.735,542.6266666666667,1622.8083333333334,25.867670890783987,8.649504529635239
540186,291.6433333333333,1511.91,3251.565,11.149114786325764,5.184106157063995
540199,11.833333333333334,44.85333333333333,102.11166666666666,8.629154929577464,3.7904225352112673
540247,276.75166666666667,1404.7133333333334,2931.7766666666666,10.593528494257788,5.075717701188189
540271,141.58666666666667,684.9116666666666,1973.5016666666668,13.93847113664187,4.837402297768151
540310,2204.5433333333335,2181.866666666667,2214.51,1.0045209665493837,0.9897136670784425
540417,138.22333333333333,781.2216666666667,2045.6283333333333,14.799442930523067,5.651879808040128
540512,4908.745,4893.016666666666,4929.783333333334,1.0042858884161499,0.996795854473326
540567,3865.8733333333334,3225.57,3260.1,0.843302332719989,0.8343703277051671
540692,9.01,48.77833333333333,74.14333333333335,8.22900480947096,5.413799482056973
540770,110.85666666666665,833.8366666666666,2418.3033333333337,21.814685630092917,7.521754818534444
540773,0.0,39.61333333333334,95.095,,
540777,165.855,918.7166666666667,2033.6483333333333,12.261604011536182,5.539276275461498
540831,128.22,529.7766666666666,1542.2416666666666,12.028089741589975,4.131778713669214
540843,132.27666666666667,647.6383333333334,1781.605,13.468777562180279,4.896089005367538
540881,210.34333333333333,1283.5833333333333,2441.2216666666664,11.605890369713007,6.102324770613124
540892,23.81833333333333,129.92333333333332,378.165,15.877055489468898,5.454761738156882
540905,7.891666666666667,14.076666666666666,38.78333333333333,4.914466737064414,1.783738120380148
540910,3.7016666666666667,7.366666666666666,19.923333333333336,5.382260243133724,1.990094552003602
540918,101.48666666666666,534.1,1520.575,14.983002693293043,5.262760296919136
540946,182.06166666666667,,,,
540975,0.0,0.0,0.0,,
540981,96.28,577.005,1350.8033333333333,14.029947375709735,5.9929891981719985
541013,228.8383333333333,1911.5283333333332,3818.24,16.685316416975596,8.353182377661085
541033,443.425,,,,
541044,76.71666666666667,235.23833333333332,594.2133333333334,7.745557245274821,3.066326308928959
541056,143.2866666666667,704.73,1933.7266666666667,13.495510166100589,4.918322244451681
541147,3865.298333333333,3847.2533333333336,3904.258333333333,1.0100794289703383,0.9953315375829119
541159,0.0,60.89833333333333,146.17166666666665,,
541268,3865.8733333333334,3303.741666666667,3353.945,0.867577571950107,0.8545912868329881
541276,101.09333333333333,328.81666666666666,970.1766666666666,9.596841202848852,3.252604853600633
541341,10.326666666666666,39.294999999999995,114.34666666666666,11.072950290510006,3.8051969012265974
541347,137.37666666666667,1813.5800000000002,1972.9199999999998,14.361390823283914,13.201514085361417
541483,234.15333333333334,684.0783333333333,2033.5433333333335,8.684665319021724,2.9214973094553423
541550,5.253333333333333,199.45499999999998,410.5466666666667,78.1497461928934,37.96732233502538
541564,101.56166666666667,397.255,968.5933333333334,9.53699722664391,3.911465940233356
541584,126.92,416.845,1216.2633333333333,9.582913121126168,3.2843129530412862
541600,199.35666666666665,956.0066666666667,2020.0833333333333,10.133011185981575,4.795458725567242
541603,247.47166666666666,1353.6833333333334,2799.0716666666663,11.310675296161849,5.4700538108739725
541608,4.161666666666666,15.311666666666667,38.885,9.343612334801763,3.6792150580696843
541692,49.45,243.0,715.635,14.471890798786653,4.914054600606673
541788,120.00333333333333,861.1433333333333,1637.3833333333334,13.644482097719509,7.17599511124691
541817,106.455,698.2733333333333,1496.7883333333334,14.060291515977017,6.559328667825215
541869,125.70833333333333,397.0133333333333,976.3716666666667,7.7669605568445474,3.1582101425256877
541908,0.0,0.08166666666666668,0.19499999999999998,,
541942,213.595,845.6766666666666,2030.9566666666665,9.508446670880248,3.959253103615097
541977,126.63833333333334,407.15,1206.8833333333334,9.53015806167169,3.215061263703723
542020,157.565,872.1566666666666,1866.1216666666667,11.84350373919758,5.535218269708797
542069,100.67166666666667,536.9766666666667,1180.6766666666667,11.727993642699866,5.333940367200305
542071,20.21833333333333,79.56166666666667,149.04666666666665,7.3718572252905785,3.9351248866540276
542131,1743.3966666666668,,,,
542175,35.58833333333334,111.73166666666665,333.495,9.370908069123775,3.139558844190511
542219,160.75833333333333,833.1483333333333,2243.3416666666667,13.954745736353741,5.182613654035561
542254,116.88000000000001,773.3433333333334,1986.535,16.99636379192334,6.616558293406342
542293,81.13333333333334,326.52166666666665,932.9516666666666,11.498993426458503,4.0245069843878385
542343,26.34,947.1833333333333,2384.32,90.52088078967351,35.95988357377879
542392,81.115,3242.05,3247.2783333333336,40.03301896484416,39.9685631510818
542431,1743.3966666666668,3598.2483333333334,3614.67,2.0733491517516573,2.063929799873427
542468,116.63333333333334,491.1633333333333,1136.1733333333332,9.741411831951984,4.211174621320377
542493,112.575,285.02333333333337,781.385,6.941017099711304,2.5318528388481756
542502,64.225,248.38166666666666,640.1133333333333,9.966731542753342,3.867367328402751
542570,41.848333333333336,129.78,377.1933333333333,9.013341829622844,3.1011987733482016
542631,20.826666666666664,60.93833333333334,173.47833333333335,8.32962548015365,2.925976312419975
542670,157.90666666666667,655.24,1962.0416666666667,12.425325086549018,4.149539812547497
542680,127.04833333333333,481.77666666666664,1428.88,11.246743365385878,3.7920738826430886
542685,10.698333333333332,60.89833333333333,146.17166666666665,13.663031624863686,5.692319675961988
542735,136.32833333333332,461.0683333333333,988.5216666666668,7.251036101568519,3.3820433512231505
542754,175.73333333333332,611.535,1474.255,8.389159711684371,3.479903262518968
542794,145.1616666666667,468.5733333333334,1118.615,7.705994465940273,3.227941260893027
542823,41.61333333333334,120.18666666666667,331.0316666666667,7.954942326177507,2.8881768663889775
542837,44.13333333333333,85.99666666666667,254.07666666666668,5.75702416918429,1.9485649546827795
542850,57.294999999999995,250.34333333333333,700.0083333333333,12.217616429589553,4.369374872734678
542896,125.11666666666666,902.685,1995.1466666666668,15.946290129212736,7.214746236845611
542938,137.37666666666667,1816.0783333333334,1978.9183333333335,14.405054230461264,13.219700094630335
543066,213.33333333333334,1289.22,2447.9066666666668,11.4745625,6.043218749999999
543069,137.37666666666667,1813.5800000000002,1972.9199999999998,14.361390823283914,13.201514085361417
543123,146.37666666666667,731.2833333333333,1923.1266666666668,13.138205087331771,4.99590098604058
543313,12.708333333333334,1582.74,2656.1216666666664,209.00629508196718,124.54347540983606
543314,100.86333333333333,416.82166666666666,1247.29,12.366138999966951,4.132539079282197
543355,176.95833333333334,610.2166666666667,1757.1716666666666,9.929861078408287,3.4483635507417
543366,81.115,213.22166666666666,638.5416666666666,7.872054079598923,2.6286342435636647
543459,33.861666666666665,127.83833333333334,372.07666666666665,10.988138012501846,3.7753113156469955
543531,1725.2966666666666,1730.8566666666666,1756.28,1.017958264182585,1.0032226341749921
543541,7.6899999999999995,26.546666666666667,73.88333333333334,9.607715648027742,3.4521022973558737
543542,203.85166666666666,850.1633333333334,2294.0183333333334,11.25337050633222,4.1704997915150726
543551,4927.673333333334,4922.886666666667,5025.6466666666665,1.019882270334478,0.9990286152626459
543607,99.195,332.62,939.925,9.475528000403246,3.353193205302687
543611,86.17166666666667,344.71500000000003,1006.4333333333333,11.679399647989477,4.000328801036691
543673,153.10666666666665,877.8983333333333,1986.555,12.974973874423062,5.733900113210834
543740,33.54333333333333,312.94,426.6116666666667,12.71822518135745,9.329424624863362
543904,116.00666666666666,,,,
543913,0.07,199.45499999999998,410.5466666666667,5864.952380952381,2849.357142857142
543914,137.69833333333332,1816.0783333333334,1978.9183333333335,14.371403672278776,13.188818552633172
543951,126.58333333333333,,,,
543973,3860.7233333333334,3860.9083333333333,3930.115,1.0179737475792532,1.0000479184815971
543980,3.9633333333333334,122.37833333333333,221.56333333333333,55.90328006728343,30.87762825904121
544026,80.25166666666668,315.35166666666663,941.84,11.736080247554566,3.9295341737450924
544220,126.52333333333333,3242.05,3247.2783333333336,25.665450378059386,25.62412730194694
544222,156.63833333333332,822.1516666666666,2210.3799999999997,14.111360565208601,5.248725833395402
544251,158.82999999999998,1070.25,2185.415,13.759459799785935,6.738336586287226
544280,277.35333333333335,1476.0649999999998,3146.1816666666664,11.34358700093743,5.32196596399298
544289,78.60666666666665,326.37333333333333,858.4633333333334,10.920999067085067,4.1519803239759145
544294,162.02166666666665,903.8033333333333,2148.0116666666668,13.25755814551552,5.578286854638783
544397,0.0,54.483333333333334,130.77666666666667,,
544400,45.644999999999996,202.48999999999998,507.52166666666665,11.118888523752146,4.436192354036587
544431,126.50166666666668,,,,
544446,0.0,0.08166666666666668,0.19499999999999998,,
544502,156.47,886.2866666666666,2014.28,12.873266440851282,5.664259389446326
544508,83.65,197.015,586.4816666666667,7.011137676828053,2.355230125523012
544532,17.891666666666666,95.40833333333333,285.0883333333333,15.934140661387982,5.332557056357708
544560,24.296666666666667,55.986666666666665,139.03166666666667,5.722252709562354,2.3042941418575937
544620,1739.9183333333335,3583.086666666667,3602.851666666667,2.070701594231913,2.0593418656622773
544640,42.835,123.58833333333334,363.15,8.47788023812303,2.885218473989339
544675,248.24166666666667,1918.3566666666666,3757.1533333333336,15.135063278391353,7.727778710262177
544780,126.11833333333334,3234.838333333333,3241.2166666666667,25.699805737997384,25.649231541805975
544807,126.52333333333333,3234.838333333333,3241.2166666666667,25.617540901546487,25.567128592881417
544836,346.0833333333333,,,,
544854,144.76333333333332,,,,
544898,116.685,432.835,1196.5283333333332,10.254345745668536,3.7094313750696317
544926,116.8,739.0483333333334,1928.0416666666667,16.507206050228312,6.327468607305937
545165,122.76666666666667,385.72166666666664,953.6816666666667,7.7682459951126805,3.1419087700244366
545180,105.10166666666667,410.50333333333333,638.3966666666668,6.074086995131698,3.905773774599197
545197,0.055,8.963333333333333,21.516666666666666,391.2121212121212,162.96969696969697
545217,131.9,482.65833333333336,1432.0566666666666,10.85713924690422,3.6592747030578723
545242,173.465,,,,
545270,90.98166666666665,618.8383333333334,1852.6666666666667,20.36307681034641,6.801791569730167
545310,126.63833333333334,396.26,1184.4199999999998,9.352776278904491,3.1290683442348945
545380,21.91,70.46000000000001,209.52166666666665,9.56283280085197,3.2158831583751715
545421,87.58333333333333,329.6566666666667,972.27,11.101084681255948,3.763920076117983
545422,28.691666666666666,168.68333333333334,443.7416666666667,15.465872785361604,5.879175137961081
545440,78.99166666666666,314.7816666666667,580.4216666666667,7.347884797974471,3.984998417554595
545495,3.9633333333333334,12.0,28.683333333333334,7.23717409587889,3.027754415475189
545519,67.62833333333333,206.06,554.8116666666666,8.203834684673582,3.0469477782980507
545520,144.13333333333333,,,,
545530,24.408333333333335,78.76666666666667,219.91833333333335,9.009969272789348,3.2270399453738476
545572,216.75166666666667,1283.3633333333335,2620.923333333333,12.091825514605809,5.920892572913703
545602,114.155,812.4716666666667,1802.005,15.785598528316763,7.117267457988408
545617,128.3,643.3083333333333,1781.8416666666667,13.888087815016886,5.014094570018186
545628,143.05833333333334,814.815,2169.003333333333,15.161670647171897,5.695683578959632
545658,27.576666666666664,172.02,512.1633333333333,18.57234376888674,6.237882267617552
545665,64.37833333333333,495.71,1009.48,15.68043078675538,7.699950811608461
545718,41.016666666666666,200.61666666666667,318.82,7.772937830150346,4.891101178382772
545719,137.69833333333332,81.00333333333333,240.98166666666665,1.7500695965819,0.5882666214793207
545731,4927.673333333334,4922.886666666667,5025.6466666666665,1.019882270334478,0.9990286152626459
545791,36.985,735.0883333333334,2067.4183333333335,55.89883286016854,19.87530981028345
545849,2205.588333333333,3214.8700000000003,3247.435,1.4723667834659384,1.45760201548642
545891,130.64333333333335,1217.6333333333334,2339.5816666666665,17.908159620340363,9.320286785905646
546022,97.74333333333334,280.10999999999996,833.4599999999999,8.52702656617672,2.8657708965658353
546049,27.001666666666665,91.78166666666667,273.5433333333333,10.130609221652984,3.399111165977409
546060,72.12833333333333,201.61833333333334,597.2816666666666,8.280818910737805,2.795272315548675
546100,77.25666666666666,578.11,1427.9333333333334,18.48297881520473,7.48297881520473
546114,169.1,81.00333333333333,240.98166666666665,1.425083776857875,0.4790262172284644
546120,103.66499999999999,773.8583333333333,1686.4399999999998,16.268171514011478,7.464991398575541
546169,10.698333333333332,60.89833333333333,146.17166666666665,13.663031624863686,5.692319675961988
546213,1743.3966666666668,,,,
546264,154.23333333333332,879.6966666666667,1999.0933333333335,12.96148692457316,5.70367408688135
546467,84.45,,,,
546477,126.52333333333333,3225.2183333333332,3233.8700000000003,25.559475195616095,25.491095186658587
546528,70.61833333333334,538.5966666666667,1343.625,19.026574779920228,7.626867432914021
546551,123.41333333333334,301.9616666666667,896.73,7.266070656871219,2.446750756266206
546652,3865.8733333333334,3313.9933333333333,3366.2283333333335,0.8707549479979513,0.8572431240202731
546769,70.21000000000001,291.44,490.2816666666667,6.983074585766509,4.150975644495086
546840,4922.591666666666,4960.04,5128.836666666667,1.0418976453798898,1.0076074425565125
546866,10.593333333333334,40.92166666666667,106.475,10.051132787916927,3.8629641283826306
546884,0.0,60.89833333333333,146.17166666666665,,
546995,36.815000000000005,153.52166666666665,449.8333333333333,12.218751414731312,4.170084657521842
547017,30.14,161.55333333333334,482.7116666666667,16.015649192656493,5.360097323600973
547083,52.32666666666667,116.23333333333333,327.96666666666664,6.267677411135176,2.2213020766976683
547086,115.56,629.185,1804.2433333333333,15.613043729087343,5.444660782277604
547088,63.52333333333333,392.9683333333333,523.6,8.24264049955397,6.18620454426195
547158,153.80666666666667,559.0383333333334,1672.5,10.874041003857656,3.634682068397556
547256,136.195,412.95,704.4966666666667,5.172705801730363,3.032049634714931
547298,182.70666666666665,598.275,1777.7533333333333,9.730095599503759,3.2745110559731447
547336,125.45833333333333,902.4883333333333,1994.6766666666667,15.899116572567255,7.193530388575224
547362,75.58500000000001,314.6566666666667,933.4233333333334,12.349319750391391,4.16295120284007
547375,1755.7866666666666,1808.7766666666669,1989.0566666666666,1.1328578263114728,1.0301802041250268
547434,181.52166666666665,571.7483333333333,1047.8816666666667,5.77276358194155,3.1497525547914393
547452,128.34166666666667,639.5766666666666,1768.9166666666667,13.782871242127134,4.9833906889163035
547464,22.446666666666665,99.53833333333334,284.9166666666667,12.693050193050194,4.434437184437185
547466,0.0,60.89833333333333,146.17166666666665,,
547501,126.21333333333334,784.81,1954.2016666666668,15.483321888865413,6.218122755123599
547506,73.42166666666667,286.34833333333336,685.4483333333334,9.335777359090187,3.90005220983815
547632,96.59833333333333,315.39666666666665,693.0516666666666,7.174571679980676,3.2650321779188736
547633,108.13833333333334,794.0566666666667,1689.6100000000001,15.624524143458226,7.342971194303593
547680,49.315000000000005,885.7933333333333,2629.43,53.319071276487875,17.96194531751664
547729,1743.6633333333334,3600.4783333333335,3616.355,2.073998420948998,2.0648930699542536
547749,462.6766666666666,2997.75,4786.0216666666665,10.344203655540587,6.479146704321954
547774,62.07,240.12166666666664,708.2833333333333,11.411041297459857,3.8685623758122545
547807,160.52833333333334,648.995,1319.37,8.218922931569711,4.042868860118151
547826,108.39833333333333,253.59,740.6,6.83220836728732,2.3394271129629916
547839,218.30666666666667,837.8216666666667,2015.6583333333333,9.233150613815427,3.837819886398339
547852,61.513333333333335,190.94166666666666,561.3483333333334,9.12563671832665,3.1040695784111842
547908,62.376666666666665,203.21666666666667,582.385,9.33658419280714,3.257895580612409
548052,81.115,213.22166666666666,638.5416666666666,7.872054079598923,2.6286342435636647
548117,41.84,108.41000000000001,285.9,6.8331739961759075,2.591061185468451
548124,4.805000000000001,20.396666666666665,40.44166666666667,8.416579951439472,4.2448838015955594
548138,37.10666666666667,134.96833333333333,394.01666666666665,10.618487243981313,3.637306863097377
548161,11.186666666666667,20.945,59.195,5.291567342073897,1.8723182359952324
548193,161.43833333333333,697.3050000000001,1927.2183333333335,11.93779874668346,4.319327297316829
548246,136.45666666666665,501.55833333333334,1127.1383333333333,8.260045924225029,3.6755868773969764
548261,24.308333333333334,141.95,187.55166666666668,7.715529653753857,5.839561193006513
548270,1734.4866666666667,1752.055,1819.6333333333334,1.0490904129175587,1.0101288373505322
548301,223.24833333333333,1189.6666666666667,2542.8883333333333,11.390402317299868,5.328893832727382
548313,153.80666666666667,559.0383333333334,1672.5,10.874041003857656,3.634682068397556
548328,1743.3966666666668,,,,
548345,18.65666666666667,92.15166666666667,128.675,6.896998391995711,4.939342504913346
548393,162.95833333333334,700.4683333333334,1580.5816666666665,9.69929941191511,4.298450524162618
548398,131.72833333333332,942.9833333333333,2633.601666666667,19.992674317092,7.158545997444236
548412,142.93166666666667,918.05,2050.1383333333333,14.343485814899893,6.422999335346727
548413,0.0,39.61333333333334,95.095,,
548455,70.27166666666668,285.06,760.065,10.816094680169817,4.0565424661433
548476,21.05666666666667,83.35166666666667,212.12666666666667,10.074085800221622,3.9584454646192815
548506,33.711666666666666,247.70833333333334,336.4633333333333,9.980619963415236,7.3478518811489595
548524,156.66333333333333,680.4483333333334,1873.8783333333333,11.961180025106918,4.343379646375455
548528,97.44,524.0583333333333,1154.8533333333332,11.851943076081007,5.378266967706622
548579,140.86333333333332,634.8266666666666,1823.5416666666667,12.945467237748174,4.5066849665160085
548591,2.268333333333333,5.303333333333333,15.218333333333334,6.709037472446731,2.337986774430566
548613,97.01166666666667,757.995,1986.4433333333334,20.476334461490886,7.8134416822718915
548619,61.75,237.72,680.0033333333333,11.012199730094467,3.8497165991902835
548636,172.84333333333333,,,,
548640,26.46833333333333,81.70333333333333,243.14666666666665,9.186323279390466,3.0868333228386127
548760,84.05833333333334,331.53333333333336,990.38,11.782056111827103,3.944086447903242
548837,78.91333333333334,707.6333333333333,2117.76,26.836529526062346,8.967221424347384
548872,15.360000000000001,77.87333333333332,113.805,7.4091796875,5.069878472222221
548940,0.0,0.0,0.0,,
548944,204.66666666666666,700.4233333333334,1581.625,7.727809446254072,3.422263843648209
548989,126.58333333333333,,,,
549117,178.99833333333333,729.5266666666666,1901.9033333333332,10.625257218409853,4.075605918118418
549180,145.40833333333333,,,,
549183,127.83833333333334,824.4516666666666,2349.8316666666665,18.381275830150056,6.449174087063087
549185,71.42833333333333,195.15833333333333,572.6633333333334,8.017313391044638,2.7322257740859137
549195,126.58333333333333,,,,
549206,1758.5,1816.0116666666665,2010.7566666666667,1.143449909961141,1.0327049568761255
549278,2.5366666666666666,49.355000000000004,141.12,55.632063074901446,19.456636005256243
549280,9.826666666666666,20.331666666666667,59.24666666666667,6.029172320217097,2.069029850746269
549285,3865.8733333333334,3303.741666666667,3353.945,0.867577571950107,0.8545912868329881
549294,16.821666666666665,84.235,124.14166666666667,7.379867234717131,5.007529971267215
549298,168.82333333333332,,,,
549307,81.115,3242.05,3247.2783333333336,40.03301896484416,39.9685631510818
549320,27.241666666666667,107.565,288.85833333333335,10.603548485775466,3.9485469562557354
549408,109.92,452.24,889.5949999999999,8.093113173216883,4.114264919941776
549485,3.205,121.96000000000001,220.55499999999998,68.81591263650546,38.05304212168487
549529,16.988333333333333,49.193333333333335,121.42833333333333,7.1477484548219365,2.8957127440400274
549545,107.90666666666667,446.35833333333335,985.605,9.133865686395652,4.13652230322501
549561,86.65333333333334,779.6483333333333,1586.975,18.314067548853668,8.99732651177104
549597,441.8283333333333,,,,
549599,3860.7233333333334,3860.9083333333333,3930.115,1.0179737475792532,1.0000479184815971
549683,196.44666666666666,621.1533333333333,1846.4,9.39898869922286,3.161943869413242
549718,113.64666666666668,560.1033333333332,1243.255,10.939652138206137,4.928462486067929
549823,99.3,323.8333333333333,955.0183333333333,9.617505874454515,3.261161463578382
549825,296.5933333333333,40.35333333333333,79.055,0.26654341522623576,0.13605610375598462
549882,8.991666666666667,354.185,543.2366666666667,60.41556997219648,39.39036144578313
549961,45.81666666666667,149.1616666666667,442.62333333333333,9.660749363404873,3.255620225536559
550042,78.76833333333335,238.785,437.17,5.5500729988785675,3.031484733712786
550074,168.66666666666666,850.1633333333334,2294.0183333333334,13.600899209486167,5.040494071146246
550088,46.736666666666665,176.40666666666667,335.77666666666664,7.18443762927038,3.774481135439698
550134,106.115,968.1683333333333,1823.0283333333332,17.179742103692533,9.123765097614223
550147,87.14833333333333,359.92,1032.2583333333334,11.844843083631359,4.129969974564441
550242,1725.2966666666666,1730.8566666666666,1756.28,1.017958264182585,1.0032226341749921
550364,162.94500000000002,5583.035,9648.701666666666,59.214469094888855,34.26330970572892
550377,74.97166666666666,297.35333333333335,725.7083333333334,9.679767912322434,3.9662094569059425
550380,143.70666666666665,1208.98,2313.2483333333334,16.09701475227315,8.412831694191873
550382,138.97166666666666,,,,
550425,1743.6633333333334,3600.4783333333335,3616.355,2.073998420948998,2.0648930699542536
550443,441.8283333333333,,,,
550479,175.54166666666666,839.0183333333333,2188.8883333333333,12.469337764063614,4.77959648706385
550519,25.240000000000002,721.2716666666668,2039.7833333333333,80.81550449022714,28.576531959852087
550524,56.245,374.2866666666667,727.5233333333333,12.934897916851869,6.654576703114351
550555,189.79833333333332,894.5866666666666,2125.878333333333,11.200721818772557,4.713353647292301
550644,27.53166666666667,83.72833333333332,221.14666666666665,8.03244748471457,3.0411647194140072
550673,98.14833333333333,472.9583333333333,1325.145,13.501451884053049,4.818811662619504
550678,78.00166666666668,221.765,663.8866666666667,8.5111856584261,2.8430802760624765
550824,215.28,1961.1383333333333,3960.2533333333336,18.395825591477767,9.109709835253314
550844,3865.8733333333334,3303.741666666667,3353.945,0.867577571950107,0.8545912868329881
550863,36.79833333333333,766.8616666666666,1168.215,31.746410616422843,20.83957606775669
550927,163.29,,,,
551044,126.70666666666666,412.6933333333333,703.88,5.5551930969167636,3.2570767126170685
551052,186.22333333333333,622.5300000000001,1863.3483333333331,10.005987434442515,3.342921581613475
551082,19.511666666666667,229.11666666666667,424.50333333333333,21.756385068762278,11.742547193986503
551124,159.75666666666666,877.1616666666666,1933.895,12.105253823523276,5.490610720470716
551167,80.93166666666666,696.7783333333333,2068.57,25.55946374513479,8.609464774810025
551261,126.11833333333334,3234.838333333333,3241.2166666666667,25.699805737997384,25.649231541805975
551308,94.77,704.1133333333333,1779.1416666666667,18.773258063381522,7.4297070099539235
551359,1739.9183333333335,1755.32,1829.65,1.0515723439126932,1.0088519480320435
551411,155.41333333333333,744.9333333333333,1988.5366666666666,12.795148421413865,4.7932395332875775
551437,131.98166666666665,388.15166666666664,657.3416666666667,4.980552854563134,2.9409513947644244
551443,96.75,269.9583333333333,718.0866666666666,7.422084409991386,2.7902670111972436
551469,184.4,733.5533333333333,2195.2366666666667,11.904754157628345,3.9780549530007225
551488,42.02833333333333,249.72833333333335,429.55833333333334,10.220684458896777,5.941904270928343
551526,7.778333333333333,3908.663333333333,4958.6433333333325,637.4943218341546,502.50653524748225
551553,100.35666666666665,295.15999999999997,879.4966666666667,8.763709436343708,2.9411100408542863
551617,65.76333333333334,909.615,2563.3683333333333,38.97868619798266,13.831643773125855
551658,1758.8899999999999,1817.05,2013.87,1.144966427690191,1.0330663088652503
551689,197.98,1248.3300000000002,2529.538333333333,12.776736707411521,6.305333872108295
552117,2.5283333333333333,4.083333333333333,7.278333333333333,2.878707976268952,1.6150296638101516
552326,63.906666666666666,302.5466666666667,688.6533333333333,10.77592322136449,4.734195702065512
552663,9.361666666666668,52.36333333333334,68.58833333333334,7.326508812533381,5.593377247641089
552951,140.24833333333333,146.96833333333333,172.61,1.2307454634041999,1.047915007902649
552979,54.736666666666665,244.31,709.7483333333333,12.96659764935144,4.463370074904087
552999,2.645,4.375,12.315,4.655954631379962,1.6540642722117203
553386,3.6416666666666666,5.9783333333333335,14.101666666666667,3.8723112128146453,1.6416475972540046
553483,2.7733333333333334,4.98,13.41,4.835336538461538,1.795673076923077
553521,82.21833333333333,231.56333333333333,498.2883333333333,6.060550161156271,2.816444021000993
553669,4.303333333333333,8.396666666666667,16.203333333333333,3.765298218435322,1.951200619674671
554139,2.6933333333333334,8.271666666666667,21.358333333333334,7.930074257425743,3.071163366336634
554724,4927.673333333334,4922.886666666667,5025.6466666666665,1.019882270334478,0.9990286152626459
554867,1.1849999999999998,3.135,3.7766666666666664,3.1870604781997187,2.645569620253165
555072,3.24,6.796666666666667,18.95,5.848765432098765,2.097736625514403
555089,0.6783333333333333,1.8066666666666669,4.975,7.334152334152334,2.6633906633906634
555245,10.753333333333334,22.495,58.019999999999996,5.39553626782393,2.091909485430874
555512,6.483333333333333,20.983333333333334,53.985,8.326735218508997,3.236503856041131
555718,0.895,1.23,1.625,1.8156424581005586,1.3743016759776536
555729,56.69166666666667,296.67,834.105,14.713008966632367,5.233044245185948
556273,1743.6633333333334,,,,
556593,34.95333333333333,518.0783333333334,761.8283333333333,21.795584588975775,14.822000762921993
556672,82.9,218.88,618.3266666666666,7.458705267390429,2.6402895054282265
556893,212.37,1033.6633333333334,2885.0316666666668,13.584930388786866,4.867275666682363
557196,78.57666666666667,336.38,940.3349999999999,11.96710219318712,4.280914605692954
557451,114.145,714.8833333333333,1260.0216666666668,11.038781082541213,6.262940412049002
557483,7.1850000000000005,22.153333333333332,57.48833333333334,8.001159823706796,3.083275342147993
557762,4922.591666666666,4941.703333333334,5073.796666666666,1.0307165432842795,1.003882439974878
557916,39.55,174.94,298.31333333333333,7.542688579856722,4.423261694058154
558001,149.34666666666666,6884.416666666667,11263.3,75.41715025444157,46.09688867065441
558112,115.4,483.35499999999996,1402.9850000000001,12.157582322357019,4.188518197573656
558158,7.71,335.805,950.5566666666667,123.28880242109815,43.554474708171206
558808,32.24166666666667,132.31,375.1816666666667,11.636546911346601,4.103696045489791
558845,10.665,60.89833333333333,146.17166666666665,13.705735271136115,5.7101109548366935
558933,1.68,3.393333333333333,9.316666666666666,5.545634920634921,2.0198412698412698
558988,127.35333333333332,542.5933333333334,1553.2350000000001,12.196264984557402,4.260534994503482
559134,2.8800000000000003,5.331666666666666,14.216666666666667,4.936342592592592,1.8512731481481477
559229,2.9483333333333333,8.468333333333334,18.66166666666667,6.329564725833805,2.87224420576597
559369,5.680000000000001,20.240000000000002,53.958333333333336,9.499706572769952,3.563380281690141
559418,40.931666666666665,173.855,296.0816666666667,7.233559998371271,4.247444928539435
559501,6.803333333333333,21.185,55.245,8.120284174424302,3.1139147476727094
559512,3859.6583333333333,3837.705,3875.938333333333,1.0042179899343422,0.994312104482478
559701,2.74,6.868333333333334,18.765,6.848540145985401,2.50669099756691
560013,3865.8733333333334,3313.9933333333333,3366.2283333333335,0.8707549479979513,0.8572431240202731
560067,159.65666666666667,697.5,1818.775,11.391788629768044,4.368749608534982
560317,4.963333333333334,10.1,28.529999999999998,5.748153122901275,2.0349227669576893
560429,1.6400000000000001,1.79,2.753333333333333,1.6788617886178858,1.0914634146341462
560592,90.695,539.1416666666667,1475.4433333333334,16.268188249995408,5.944557766874323
561173,155.93833333333333,610.735,1772.5683333333334,11.367110930602909,3.916516144202302
561207,84.77833333333334,243.91333333333333,641.86,7.571038197652702,2.8770715788232053
561415,110.68333333333334,425.42333333333335,1180.875,10.668950459268181,3.843607890377955
561487,45.105000000000004,124.30166666666668,333.5783333333333,7.395595462439492,2.755828991612164
561681,2.828333333333333,10.278333333333334,26.53166666666667,9.380671773718328,3.6340601060695352
561744,4.881666666666666,9.588333333333333,20.351666666666667,4.168999658586549,1.9641515875725506
562176,1.3916666666666666,2.5900000000000003,7.043333333333334,5.061077844311378,1.8610778443113776
562270,9.198333333333332,39.05833333333333,113.39666666666668,12.327957963399168,4.246240260916833
562442,45.8,199.91,421.89666666666665,9.211717612809316,4.364847161572053
562505,1.5450000000000002,4.678333333333333,12.671666666666665,8.201725997842502,3.028047464940668
562759,3.8983333333333334,8.373333333333333,23.168333333333333,5.943138093202223,2.147926464300983
562825,145.465,973.8883333333334,1732.2,11.908019111126388,6.695001088463434
562843,138.59166666666667,729.5266666666666,1901.9033333333332,13.723071372737657,5.263856653237929
562920,1.6516666666666666,3.5233333333333334,9.901666666666667,5.994954591321898,2.1331987891019173
563149,178.54166666666666,818.1383333333334,2183.726666666667,12.230907817969664,4.582338389731623
563271,126.58333333333333,,,,
563273,175.81,818.1383333333334,2183.726666666667,12.420946855506893,4.653536962250915
563438,5.77,11.718333333333334,34.005,5.8934142114384755,2.0309069901790875
563652,4.163333333333333,11.835,29.346666666666668,7.048839071257007,2.8426741393114496
563879,2.1266666666666665,4.361666666666666,12.458333333333334,5.858150470219437,2.0509404388714736
564106,1.9166666666666667,5.991666666666666,16.221666666666668,8.463478260869566,3.1260869565217386
564461,101.16666666666667,,,,
564819,2.3466666666666667,5.3516666666666675,14.215,6.057528409090909,2.280539772727273
564886,2.39,4.855,11.633333333333333,4.867503486750349,2.0313807531380754
565432,11.65,49.02833333333333,143.09333333333333,12.282689556509299,4.2084406294706715
565561,113.59166666666667,475.555,1379.595,12.145213117159416,4.1865307020761495
565671,6.093333333333334,19.44,48.885,8.022702407002187,3.1903719912472646
566052,6.121666666666667,10.253333333333334,23.801666666666666,3.888102368635992,1.67492512932208
566144,34.86666666666667,151.20833333333334,431.31,12.370267686424475,4.336759082217974
566437,1.8016666666666665,4.708333333333333,12.965,7.196114708603146,2.6133209990749307
566458,16.766666666666666,67.225,194.10166666666666,11.576640159045725,4.009443339960239
566748,127.83500000000001,504.85333333333335,1501.3633333333335,11.744540488389982,3.9492575064210373
566877,97.49833333333332,289.47999999999996,849.0416666666666,8.708268517410556,2.9690763944682814
567002,3.5683333333333334,7.505,19.31,5.4114899579635685,2.103222793087342
567019,44.01166666666666,221.34,655.12,14.885144090582044,5.029121066383913
567279,5.745,17.253333333333334,44.443333333333335,7.736002320858718,3.0031911807368727
567294,2.4233333333333333,3.9583333333333335,9.023333333333333,3.723521320495186,1.6334250343878955
567440,1.9483333333333335,3.1083333333333334,8.185,4.201026518391788,1.5953806672369546
567537,14.491666666666667,58.098333333333336,172.4116666666667,11.897297297297298,4.009085681426107
567779,19.261666666666667,58.165,171.05166666666668,8.88041879380462,3.01972830319287
567849,11.091666666666667,271.2683333333333,781.4733333333334,70.45589782118708,24.45694966190834
568481,4.1883333333333335,12.815,31.038333333333334,7.41066454436928,3.0596896140071626
569217,218.67000000000002,692.1466666666668,2038.3733333333332,9.321687169402905,3.1652566271855616
569226,146.88500000000002,818.1383333333334,2183.726666666667,14.866914025711724,5.569924317209608
569291,30.14,122.08833333333334,361.29,11.987060384870604,4.050707808007078
569299,1.96,4.671666666666667,11.085,5.655612244897959,2.3835034013605445
569550,13.981666666666666,60.66166666666666,181.875,13.008105852902611,4.338657766122303
569685,4.065,7.28,17.56,4.3198031980319795,1.7908979089790897
569750,68.37833333333333,,,,
569760,88.735,380.93666666666667,1084.175,12.218121372626358,4.292969703799703
569800,14.841666666666667,58.805,172.62833333333336,11.631330713082539,3.962156092083099
569894,2.93,7.9350000000000005,21.901666666666664,7.474971558589305,2.7081911262798637
569895,3.3216666666666668,10.983333333333333,28.466666666666665,8.569994982438534,3.306573005519317
569913,3.0316666666666667,4.77,12.973333333333333,4.27927432655305,1.5733919736118744
570125,3.7383333333333337,11.395000000000001,28.328333333333333,7.577797592510031,3.048149799375836
570168,10.020000000000001,40.998333333333335,118.69666666666667,11.8459747172322,4.0916500332667995
570175,10.753333333333334,22.495,58.019999999999996,5.39553626782393,2.091909485430874
570210,51.20166666666667,202.27166666666665,601.27,11.743172422772696,3.9504898929071315
570281,92.5,621.2199999999999,1854.1816666666666,20.045207207207206,6.715891891891891
570379,3.953333333333333,8.128333333333334,21.041666666666668,5.322512647554807,2.056070826306914
570435,273.05,1459.3266666666668,3064.5466666666666,11.223390099493377,5.344540072025881
570625,18.746666666666666,46.315000000000005,136.39166666666668,7.275515647226174,2.470572546230441
570789,152.96833333333333,717.9300000000001,1407.8683333333333,9.203658709318923,4.6933243263856355
570946,255.97,1790.9566666666665,3462.148333333333,13.525601958562852,6.996744410152231
571518,2.2800000000000002,5.96,16.173333333333332,7.0935672514619865,2.614035087719298
571523,56.95,299.85333333333335,832.8566666666667,14.624348844015218,5.265203394790753
571528,126.58333333333333,,,,
571587,189.25333333333336,,,,
571955,0.44166666666666665,1.335,3.7866666666666666,8.573584905660377,3.0226415094339623
571997,1.1783333333333335,3.618333333333333,8.1,6.874115983026873,3.0707213578500703
572290,1.2950000000000002,2.1533333333333333,5.15,3.9768339768339764,1.6628056628056627
572564,4922.591666666666,4934.075,5055.8116666666665,1.0270629800359228,1.0023327820203112
572713,189.76166666666668,,,,
573172,6.416666666666667,16.05,47.263333333333335,7.365714285714286,2.501298701298701
573317,67.82166666666667,270.4133333333333,622.9050000000001,9.184454328754331,3.9871230924237575
573325,421.31,,,,
573330,1739.9183333333335,3583.086666666667,3602.851666666667,2.070701594231913,2.0593418656622773
573421,2204.5433333333335,2190.3799999999997,2223.3283333333334,1.008521039126773,0.993575389007247
573540,89.82833333333333,376.68666666666667,1068.3533333333332,11.893277918993634,4.193405940961464
573651,166.645,897.215,1940.9483333333333,11.647204136537749,5.383989918689429
573695,18.046666666666667,83.93666666666667,214.48999999999998,11.885297377170298,4.65108976727004
573733,173.9,850.1633333333334,2294.0183333333334,13.191594786275637,4.8888058271037
573741,90.15666666666667,307.0416666666667,904.5333333333333,10.032905682700484,3.405645727807151
573946,4.058333333333334,8.360000000000001,23.808333333333334,5.86652977412731,2.0599589322381933
573986,4927.673333333334,4922.886666666667,5025.6466666666665,1.019882270334478,0.9990286152626459
574139,43.485,96.51333333333334,259.035,5.956881683339083,2.219462649955924
574281,441.8283333333333,,,,
574387,181.06166666666667,782.55,1598.925,8.830831116470447,4.322008155600762
610005,117.99833333333332,464.97,999.3050000000001,8.468806056582721,3.9404793853020528
610020,23.8,191.01666666666668,492.345,20.686764705882354,8.025910364145659
610027,159.30833333333334,724.7983333333334,1952.9199999999998,12.258743526703979,4.549657373018779
610034,58.61833333333333,188.485,440.2866666666667,7.511074464757898,3.2154616018879194
610050,0.0,7.6483333333333325,18.353333333333335,,
610093,31.855,299.4616666666667,430.06666666666666,13.500758645947784,9.400774342070843
610104,63.52333333333333,392.9683333333333,523.6,8.24264049955397,6.18620454426195
610141,0.0,0.0,0.0,,
610187,35.641666666666666,132.905,384.325,10.783025485153145,3.7289221416880993
610209,114.46333333333334,314.93833333333333,935.3833333333333,8.171903666385159,2.75143422930196
610225,23.586666666666666,157.29833333333332,415.6616666666667,17.622738835500286,6.668951384963256
610234,57.405,192.71666666666667,574.6883333333334,10.011119821153791,3.3571407833231715
610248,867.8266666666666,879.1883333333334,931.3833333333333,1.0732365910243213,1.013092092122851
610301,50.288333333333334,155.62666666666667,462.3883333333333,9.194743644980612,3.094687303218109
610312,28.485,285.2683333333333,376.93666666666667,13.232812591422386,10.014686092095255
610356,156.0883333333333,818.1383333333334,2183.726666666667,13.99032599062497,5.2415085475104926
610374,93.325,397.87166666666667,1189.965,12.750763461023304,4.263291365300473
610485,40.19166666666667,205.24166666666667,491.315,12.224300228073812,5.106572672610408
610492,32.031666666666666,101.78500000000001,303.55833333333334,9.476819813726001,3.1776367136687655
610501,45.635,193.49166666666667,528.1216666666667,11.572732916986231,4.23998393046273
610534,51.123333333333335,164.55166666666668,467.3183333333333,9.140998891569406,3.218719436656452
610546,44.24166666666667,131.75,393.84666666666664,8.902166132981728,2.9779619514032776
610559,80.63666666666667,206.60166666666666,546.745,6.780352197098094,2.5621305444173452
610569,49.041666666666664,138.43833333333333,279.46500000000003,5.698521665250638,2.822871707731521
610610,21.428333333333335,53.71666666666667,143.745,6.708174535272614,2.5068056311736795
610644,865.4033333333333,879.1883333333334,931.3833333333333,1.0762419064713564,1.0159289887952054
610741,85.49666666666667,313.55333333333334,584.2366666666666,6.833443798978516,3.667433428203829
610756,28.413333333333334,62.07,165.90833333333333,5.839101360863444,2.184537775692163
610758,73.17333333333333,313.93333333333334,940.675,12.855434584548105,4.290269679300292
610807,259.88666666666666,1797.4833333333333,3481.7283333333335,13.397102583177283,6.91641228227689
610809,0.0,0.0,0.0,,
610812,43.28,139.05499999999998,366.1633333333333,8.460335797905113,3.2129158964879845
610887,38.138333333333335,314.655,480.755,12.60555871170738,8.25036052965083
610902,68.60166666666667,,,,
610950,42.46333333333334,127.00333333333333,379.59666666666664,8.939398696914983,2.9908941047177953
611026,142.59166666666667,584.14,1681.005,11.788942785342762,4.096592835018409
611055,126.58333333333333,,,,
611141,64.40666666666667,568.9516666666666,1214.5716666666667,18.85785632957251,8.833738743401303
611161,48.98833333333334,201.59833333333333,600.1116666666666,12.25009355969108,4.115231517708297
611202,82.13833333333334,326.52166666666665,932.9516666666666,11.358297993222815,3.975265304466043
611206,126.58333333333333,,,,
611264,1739.9183333333335,3583.086666666667,3602.851666666667,2.070701594231913,2.0593418656622773
611334,22.456666666666667,81.54666666666667,219.90166666666667,9.792266587501855,3.6312898916431644
611352,255.725,81.00333333333333,240.98166666666665,0.9423469221494444,0.31675953987030336
611389,27.11,108.41000000000001,223.97333333333333,8.261650067625723,3.9988933972703804
611427,441.8283333333333,,,,
611468,3.375,6.301666666666667,16.971666666666668,5.028641975308642,1.8671604938271604
611494,66.22166666666666,209.525,627.3083333333333,9.47285631590869,3.1639946643847687
611521,1739.9183333333335,1755.32,1829.65,1.0515723439126932,1.0088519480320435
611526,21.758333333333333,380.25333333333333,574.4316666666667,26.400536193029495,17.47621600919188
611584,13.528333333333334,25.759999999999998,71.24,5.265984969816434,1.9041517802143646
611718,82.25666666666666,339.73499999999996,968.135,11.769684321432914,4.130181950804393
611750,121.84166666666667,500.37666666666667,1497.5616666666667,12.291047123999727,4.106777922166747
611774,462.67333333333335,2997.73,4785.998333333334,10.3442277488797,6.479150156337805
611788,49.51833333333333,123.44,369.2683333333333,7.457204402409882,2.4928141092524654
611832,287.6983333333334,1933.8600000000001,3792.5,13.182210533023593,6.721832474988268
611844,10.753333333333334,22.495,58.019999999999996,5.39553626782393,2.091909485430874
611845,168.325,,,,
611852,175.61,,,,
611875,48.75666666666667,699.645,1307.0449999999998,26.807513502427014,14.34972995145963
611883,114.89666666666668,791.2416666666667,2248.211666666667,19.567248832284083,6.886550233543184
611912,443.425,,,,
611920,71.30833333333334,825.7933333333333,2083.3283333333334,29.215776557204627,11.580600677807642
611930,24.21333333333333,141.31666666666666,186.79166666666666,7.714413546255507,5.8363160792951545
611951,141.79666666666665,6906.338333333333,11247.716666666667,79.32285667270035,48.705928677213855
611966,15.838333333333333,89.65833333333333,160.06833333333333,10.106387456592655,5.660843944017679
612014,38.42666666666666,112.35666666666665,307.9,8.012664816099932,2.9239243580846637
612019,83.99666666666667,256.87833333333333,769.3216666666667,9.158954720425413,3.058196753839438
612103,125.095,782.95,1948.6183333333333,15.577108064537619,6.258843279107879
612184,84.00666666666666,269.655,791.6616666666666,9.423795730497579,3.2099238155701926
612201,36.29333333333333,113.98,334.59166666666664,9.219094415870684,3.1405216752387957
612208,10.368333333333334,39.72,112.27166666666668,10.828323420671918,3.8308953544446225
612213,48.455000000000005,177.45499999999998,441.09000000000003,9.103085336910535,3.6622639562480646
612219,40.36333333333334,327.4866666666667,476.89000000000004,11.81493104302585,8.113469320340242
612254,65.32333333333334,557.51,900.7433333333333,13.788998316068785,8.534622646323417
612282,5.871666666666667,26.209999999999997,61.555,10.483394833948338,4.46380925347715
612310,85.25666666666666,260.22999999999996,779.3716666666667,9.141474762481918,3.052312624623685
612376,108.93833333333333,406.9066666666667,1050.8216666666667,9.646022979361414,3.7352018726190663
612406,123.73166666666665,720.7566666666667,1926.8566666666666,15.57286601382023,5.82515928285672
612446,10.753333333333334,22.571666666666665,58.019999999999996,5.39553626782393,2.0990390576565403
612469,134.63333333333333,136.42833333333334,144.50333333333336,1.0733102253032931,1.0133325080465463
612479,4916.708333333333,4904.59,4976.628333333333,1.0121870153642767,0.9975352751247871
612566,127.40666666666667,412.825,1229.5383333333334,9.650502328501911,3.24021505938988
612568,0.0,60.89833333333333,146.17166666666665,,
612619,16.25,56.11333333333334,132.45166666666668,8.150871794871795,3.4531282051282055
612660,164.565,798.9016666666666,1511.1133333333335,9.182470958790347,4.854626844509261
612711,73.81333333333333,165.32833333333335,472.51,6.401417991329479,2.2398166546242777
612734,69.30166666666668,199.03333333333333,389.1633333333333,5.615497462783481,2.8719848007503423
612735,36.74333333333333,326.26500000000004,442.55333333333334,12.044452508391545,8.879569990020867
612742,16.656666666666666,140.06333333333333,185.61,11.143285971582952,8.408845307184311
612757,40.05333333333333,148.22166666666666,388.57166666666666,9.701356524633823,3.700607523302264
612765,0.0,12.254999999999999,29.413333333333334,,
612796,4927.673333333334,4922.886666666667,5025.6466666666665,1.019882270334478,0.9990286152626459
612799,162.33333333333334,,,,
612836,467.8183333333333,,,,
612837,81.115,3242.05,3247.2783333333336,40.03301896484416,39.9685631510818
612850,141.105,519.1616666666666,1540.4233333333332,10.916858604112777,3.6792577631314742
612857,27.336666666666666,373.1166666666667,655.8199999999999,23.99048896476039,13.648945250579198
612872,41.015,165.995,463.62166666666667,11.30371002478768,4.047177861757893
612959,33.443333333333335,122.74666666666667,242.29666666666665,7.244991527957739,3.6702880494368584
612971,129.65166666666667,1593.5616666666667,3427.565,26.436721471635536,12.291100512912806
612991,130.97833333333332,540.39,1336.875,10.20684082609083,4.125796887525927
612999,49.215,887.48,2247.298333333333,45.662873785092614,18.032713603576145
613026,71.50333333333333,237.57999999999998,638.9016666666666,8.935271082933196,3.3226423010582256
613046,157.72333333333333,1744.4733333333331,3050.5066666666667,19.34087114567703,11.060337722171734
613107,146.95833333333334,595.6,1234.4766666666667,8.400181457329175,4.0528494471222
613114,42.288333333333334,161.12333333333333,452.165,10.692428959918024,3.810113112363536
613156,4928.67,5019.736666666667,5252.8116666666665,1.0657665590649539,1.0184769251474874
613161,40.38,189.665,485.09000000000003,12.013125309559188,4.697003467062902
613307,82.74166666666666,3242.05,3247.2783333333336,39.24598650417968,39.182797864840374
613400,120.65,354.34833333333336,1060.4683333333332,8.7896256389004,2.936994059953032
613418,125.43833333333333,454.68666666666667,1152.9733333333331,9.19155494731807,3.6247824296134885
613453,279.51500000000004,1479.5566666666666,2958.8733333333334,10.585740777179518,5.293299703653351
613539,55.468333333333334,802.5716666666667,1875.9166666666667,33.81959676692407,14.469006339953728
613550,2205.233333333333,2190.3799999999997,2223.3283333333334,1.008205480901492,0.9932645071572168
613593,3.1616666666666666,7.14,18.095000000000002,5.723247232472326,2.2583025830258303
613628,117.96499999999999,328.97833333333335,967.6983333333334,8.203266505601945,2.7887791576597585
613655,13.096666666666666,51.266666666666666,150.06,11.457877322473912,3.9144820565029272
613679,140.75,573.7966666666667,1618.4833333333333,11.498993487270575,4.076708111308467
613683,34.85,77.87666666666668,231.47666666666666,6.64208512673362,2.2346245815399333
613754,113.52833333333334,717.365,1762.1716666666666,15.521866788026482,6.318819090682209
613865,100.63666666666667,276.42833333333334,737.2666666666667,7.3260243118810235,2.746795402603425
613908,26.415000000000003,80.75500000000001,214.38333333333333,8.115969461795697,3.0571644898731782
613925,159.94500000000002,700.4233333333334,1581.625,9.88855544093282,4.3791511665468335
613947,153.72833333333335,630.59,1840.4316666666666,11.971974370371974,4.101976430282858
613959,139.5366666666667,559.745,1196.0483333333332,8.57157019660304,4.011454575858196
613974,137.69833333333332,199.45499999999998,410.5466666666667,2.9814933610912746,1.448492477517278
614021,21.203333333333333,52.248333333333335,154.86166666666668,7.303647225279045,2.464156579154221
614072,154.405,581.765,1675.8283333333334,10.853458976932957,3.767786017292186
614163,50.781666666666666,286.6116666666667,622.4516666666666,12.25740916997604,5.643998818471234
614248,90.37166666666667,614.3966666666668,1669.6566666666665,18.47544399977869,6.798554119100752
614288,69.73333333333333,273.245,815.975,11.701362332695984,3.9184273422562144
614304,58.05,248.415,744.14,12.81894918173988,4.279328165374677
614331,102.485,581.8199999999999,1709.3833333333334,16.679351449805665,5.677123481485094
614390,0.0,60.89833333333333,146.17166666666665,,
614437,121.67666666666668,1163.365,2020.0866666666666,16.60208749965756,9.561118264252253
614494,4928.67,5019.736666666667,5252.8116666666665,1.0657665590649539,1.0184769251474874
614508,1743.6633333333334,,,,
614534,66.93,275.82,636.9816666666667,9.517132327307136,4.121021963245181
614639,63.52333333333333,392.9683333333333,523.6,8.24264049955397,6.18620454426195
614676,0.0,3872.195,4849.858333333334,,
614750,126.7,346.3616666666667,905.9916666666667,7.150684030518285,2.7337148118916077
614792,14.256666666666666,78.25,209.63333333333333,14.704231938274491,5.488660275894318
614801,14.895000000000001,46.74,136.975,9.196038939241355,3.1379657603222557
614808,423.295,,,,
614820,68.75833333333334,197.11166666666668,589.9266666666666,8.579711550115135,2.8667313052963275
614980,13.033333333333333,61.480000000000004,181.67333333333332,13.939130434782607,4.717135549872123
615038,155.95166666666668,701.8933333333333,1862.2433333333333,11.941156982398391,4.5007106902779705
615073,26.438333333333333,95.23,280.68,10.616402950261616,3.60196684107672
615075,196.16833333333335,770.785,2118.4283333333333,10.799033143303793,3.9292019609009263
615092,81.81,249.70666666666665,637.785,7.795929592959295,3.052275597930163
615121,20.413333333333334,61.72166666666667,150.31666666666666,7.363651208360548,3.023595689092097
615208,71.20166666666667,537.7666666666667,1062.2683333333332,14.919149832635002,7.552725825706327
615247,66.35666666666667,273.67833333333334,803.185,12.104058873762996,4.124353242577987
615253,10.615,87.57833333333333,144.285,13.59255770136599,8.250431778929189
615297,159.26166666666668,638.4316666666667,1306.8083333333334,8.205416662306266,4.008696380170997
615351,94.39833333333333,322.52666666666664,612.0383333333334,6.483571390737832,3.416656367520613
615425,10.568333333333333,49.72666666666667,130.81,12.377542974294276,4.705251537612364
615497,112.54166666666667,1301.3933333333334,2166.0783333333334,19.246901147723065,11.563657904479822
615695,207.03333333333333,1561.7383333333335,3400.225,16.423563033327966,7.543414909032363
615743,28.521666666666665,108.13166666666666,308.72666666666663,10.824285630806989,3.791211359784959
615751,84.09666666666666,233.58333333333334,691.5849999999999,8.223690990526775,2.7775575726346666
615768,97.30166666666668,404.89166666666665,1212.2783333333332,12.458967814871274,4.1611997053836
615802,68.41499999999999,298.01,766.8316666666667,11.208531267509564,4.3559161002704085
615828,101.02333333333333,332.22,988.62,9.786056026660509,3.288547200316759
615888,138.43333333333334,560.185,1197.7166666666667,8.651938357813629,4.0466048639537675
615937,30.453333333333333,129.48,260.405,8.55095227670753,4.251751313485114
615971,93.58500000000001,282.26500000000004,844.6233333333333,9.025199907392565,3.016135064379976
616003,67.82166666666667,275.82,636.9816666666667,9.392008453542378,4.066841962991178
616024,90.10666666666665,280.10999999999996,833.4599999999999,9.24970405445398,3.1086490085824208
616042,2.5949999999999998,10.28,28.273333333333333,10.895311496467567,3.9614643545279384
616133,97.66666666666667,405.49833333333333,1214.1016666666667,12.431075085324231,4.151860068259386
616210,151.45499999999998,951.775,2212.7483333333334,14.609939145840901,6.284209831303028
616248,87.875,349.83,835.2983333333334,9.50552868658132,3.9809957325746796
616252,133.23666666666665,1238.7316666666666,1891.9183333333335,14.199682269645496,9.297227990292964
616253,46.82,105.75666666666666,308.5683333333333,6.590523992595757,2.258792538801082
616271,3865.8733333333334,3214.8700000000003,3247.435,0.8400262295195048,0.8316025184477506
616278,117.98666666666666,496.92,1487.25,12.60523787998644,4.211662334727088
616297,0.0,0.08166666666666668,0.19499999999999998,,
616338,25.698333333333334,86.64333333333335,197.30833333333334,7.677864971788054,3.371554575523705
616345,67.82166666666667,275.82,636.9816666666667,9.392008453542378,4.066841962991178
616352,268.5383333333333,1467.4416666666666,2903.425,10.811957324528468,5.464551926168207
616369,142.56666666666666,1351.45,2316.1816666666664,16.246305821837737,9.47942483048866
616451,3865.8733333333334,3247.89,3286.9,0.8502347895516494,0.8401439260813856
616544,0.0,39.61333333333334,95.095,,
616620,77.54333333333334,611.8583333333333,1558.7183333333335,20.10125521213945,7.890534324893608
616648,157.39166666666668,764.5283333333333,1462.8383333333334,9.294255307883729,4.857489278339598
616657,93.58500000000001,391.72999999999996,1172.8783333333333,12.532759879610335,4.185820377197199
616720,22.698333333333334,229.14333333333335,659.01,29.0334092077245,10.09516117189221
616729,32.47833333333333,118.66833333333334,349.85499999999996,10.771950531123313,3.653769179452969
616738,34.13666666666666,160.0883333333333,286.1166666666667,8.381505712332782,4.689629918953227
616815,181.15166666666667,720.7566666666667,1926.8566666666666,10.636704050933378,3.978747090375468
616835,58.013333333333335,276.03499999999997,775.7433333333333,13.371811077913122,4.758130314870144
616856,126.70666666666666,390.2883333333333,639.015,5.043262653898769,3.080250973376828
616882,148.95166666666668,686.9416666666667,1978.6883333333333,13.284096630898164,4.611842767788208
616944,86.45833333333333,293.6933333333333,867.955,10.038997590361447,3.3969349397590363
616989,24.258333333333333,342.025,939.8233333333334,38.74228787358297,14.099278598419787
617049,102.33500000000001,411.9166666666667,1222.785,11.948844481360238,4.025178743017214
617129,9.05,37.336666666666666,104.37166666666667,11.532780847145487,4.125598526703499
617169,29.87,93.74333333333334,270.9266666666667,9.0701930588104,3.1383774132351303
617214,4927.673333333334,4922.886666666667,5025.6466666666665,1.019882270334478,0.9990286152626459
617221,22.9,82.98833333333333,241.04833333333332,10.526128093158661,3.6239446870451237
617229,4927.673333333334,4922.886666666667,5025.6466666666665,1.019882270334478,0.9990286152626459
617245,209.68166666666667,685.0966666666667,2051.0583333333334,9.781772369226367,3.2673179184319086
617266,19.118333333333332,156.11833333333334,367.74833333333333,19.235376165983787,8.165896608839683
617294,166.73833333333332,802.5,1522.3133333333333,9.129954119728517,4.812930439910839
617297,0.6883333333333332,85.86333333333333,248.52,361.04600484261505,124.7409200968523
617313,135.87333333333333,560.9233333333334,1589.8866666666665,11.70124135223983,4.128281242333546
617352,81.70333333333333,315.28333333333336,671.9583333333334,8.224368650809842,3.858879686671291
617378,0.0,60.89833333333333,146.17166666666665,,
617452,115.50166666666668,529.2383333333333,1582.97,13.705170199564218,4.582083952612516
617473,140.70333333333335,635.5400000000001,1394.9333333333334,9.914003458814053,4.516879486389803
617514,98.60166666666667,397.54833333333335,1179.095,11.958165007352816,4.031862206521188
617526,34.55,266.6016666666667,335.77833333333336,9.718620356970575,7.716401350699471
617570,101.02333333333333,329.26500000000004,971.2533333333333,9.614148546540404,3.2592965321542886
617590,53.95333333333333,182.09,426.6166666666667,7.907141974545904,3.3749536636599533
617599,0.0,60.89833333333333,146.17166666666665,,
617629,14.966666666666667,59.40333333333333,174.4116666666667,11.65334075723831,3.9690423162583515
617663,38.9,136.815,400.97,10.307712082262212,3.517095115681234
617668,441.8283333333333,,,,
617719,28.803333333333335,386.49833333333333,695.8383333333334,24.15825714616364,13.418527948154148
617764,52.96666666666667,143.23,415.72166666666664,7.848741346758967,2.7041535556954055
617860,10.753333333333334,22.571666666666665,58.019999999999996,5.39553626782393,2.0990390576565403
617978,143.315,580.4266666666666,1216.2683333333334,8.486678528649014,4.0500063961669515
617983,12.585,28.373333333333335,82.605,6.563766388557807,2.254535823069792
618001,50.943333333333335,410.37666666666667,773.9449999999999,15.192272459595628,8.05555192043447
618062,81.31833333333334,219.87833333333336,658.44,8.09706708204382,2.7039208050665082
618063,15.685,38.50333333333333,88.11333333333333,5.617681436616725,2.454786951439804
618181,31.028333333333332,247.49666666666664,726.56,23.416017618305847,7.9764731159692746
618187,138.47333333333333,637.4733333333334,1071.5233333333333,7.738120456405565,4.603581917095951
618193,82.73833333333333,325.76,880.4033333333333,10.640815422113894,3.937231835304071
618224,88.05333333333333,518.1583333333333,1415.7683333333334,16.078531950333133,5.884596456692914
618268,39.1,115.355,344.52833333333336,8.8114663256607,2.9502557544757035
618270,48.0,344.04,566.7416666666667,11.807118055555556,7.1675
618273,3.205,5.866666666666666,13.221666666666666,4.12532501300052,1.830473218928757
618296,9.066666666666666,38.03,99.98333333333333,11.027573529411764,4.194485294117647
618335,65.67166666666667,213.405,516.42,7.86366520315712,3.249574905464051
618341,70.52166666666668,221.88500000000002,572.8683333333333,8.123295441117387,3.14633800486848
618342,154.61499999999998,612.7666666666667,1355.1083333333333,8.764404057389863,3.963177354504199
618406,86.44,517.12,1284.1483333333333,14.855950177387012,5.982415548357242
618410,61.14666666666667,256.30833333333334,645.8449999999999,10.562227431312689,4.191697557784562
618480,137.69833333333332,81.00333333333333,240.98166666666665,1.7500695965819,0.5882666214793207
618484,7.7283333333333335,22.485,64.09333333333333,8.293293077420746,2.909424196678887
618503,234.60666666666665,1553.0566666666666,3374.525,14.383755789832628,6.6198317751697875
618522,41.70333333333333,188.69833333333332,392.72999999999996,9.417232835105107,4.524778195188234
618527,18.941666666666666,92.02166666666668,203.77,10.757765068191818,4.858161020677519
618573,98.58,739.115,2068.1783333333333,20.979695002366945,7.497616149320349
618579,0.0,39.61333333333334,95.095,,
618597,120.225,458.44666666666666,1350.96,11.236930754834686,3.8132390656408126
618606,59.10666666666667,826.2933333333333,2085.351666666667,35.28115835777126,13.979697721633205
618683,23.126666666666665,85.76666666666667,242.89166666666668,10.502666474488326,3.708561545113866
618685,149.94333333333333,631.315,1398.8433333333335,9.329146566480672,4.210357246070738
618696,236.42666666666668,,,,
618736,467.8183333333333,,,,
618738,68.55333333333333,274.59166666666664,820.12,11.963240299523486,4.00551881746572
618803,142.575,573.7966666666667,1618.4833333333333,11.351803144543808,4.024525103746567
618830,2.585,4.328333333333333,12.116666666666667,4.687298517085751,1.6744036105738234
618832,125.095,782.95,1948.6183333333333,15.577108064537619,6.258843279107879
618862,1739.9183333333335,3583.086666666667,3602.851666666667,2.070701594231913,2.0593418656622773
618886,0.0,164.96666666666667,356.93666666666667,,
618895,170.19166666666666,81.00333333333333,240.98166666666665,1.4159428095774371,0.4759535817460706
618960,2.478333333333333,425.12,733.69,296.0416946872899,171.53463349024884
618976,2.5366666666666666,9.126666666666667,21.91,8.637319316688568,3.5978975032851515
618985,24.048333333333336,70.54833333333333,208.55499999999998,8.672326564557487,2.9336059324970543
619118,22.56833333333333,94.14666666666668,272.14500000000004,12.058710582674841,4.171626910863305
619174,140.24833333333333,146.96833333333333,172.61,1.2307454634041999,1.047915007902649
619213,3860.7233333333334,3860.9083333333333,3930.115,1.0179737475792532,1.0000479184815971
619221,125.75,751.1283333333333,2074.895,16.500159045725646,5.973187541418158
619265,81.115,213.22166666666666,638.5416666666666,7.872054079598923,2.6286342435636647
619267,88.60833333333333,582.295,1303.0066666666667,14.705238408727546,6.571560236998025
619321,33.78,170.70833333333334,504.8366666666667,14.94483915531873,5.053532662324847
619352,443.425,,,,
619383,136.22,907.6133333333333,1829.01,13.426882983409191,6.662849312386825
619395,17.208333333333332,168.56833333333333,400.17,23.25443099273608,9.795738498789346
619442,79.56,915.7333333333333,2647.6933333333336,33.27920227920228,11.50997150997151
619501,56.57833333333333,135.22,404.53499999999997,7.149998527115797,2.389960821280231
619599,140.37333333333333,835.7800000000001,1859.6316666666667,13.247755984042554,5.953979863221885
619631,114.88666666666667,708.575,2018.76,17.571751871409504,6.167599953577438
619648,72.39166666666667,253.90333333333334,730.1866666666666,10.086612179118221,3.5073558190399448
619653,56.57833333333333,135.22,404.53499999999997,7.149998527115797,2.389960821280231
619743,1739.9183333333335,3583.086666666667,3602.851666666667,2.070701594231913,2.0593418656622773
619801,296.5933333333333,40.35333333333333,79.055,0.26654341522623576,0.13605610375598462
619888,46.25666666666667,253.77666666666667,363.7683333333333,7.864127693305469,5.486272249045182
619893,55.75666666666667,361.75,733.98,13.163986369342979,6.488013391522688
619969,157.54333333333335,609.2466666666667,1799.5983333333331,11.422878361509,3.8671688212766853
619994,79.41666666666667,238.38833333333332,705.9599999999999,8.88931794333683,3.0017418677859387
620046,10.753333333333334,22.495,58.019999999999996,5.39553626782393,2.091909485430874
620050,39.585,142.81333333333333,425.22,10.741947707464949,3.6077638836259527
620096,45.818333333333335,178.65,515.925,11.260230620930486,3.8990942490269545
620098,293.26,1485.59,3172.515,10.818096569596944,5.065777808088385
620153,276.35833333333335,1914.975,3816.616666666667,13.810391098513403,6.929318819165937
620200,1.805,3.796666666666667,10.001666666666667,5.5410895660203145,2.1034164358264085
620260,154.79500000000002,881.715,1856.5016666666668,11.993292203667215,5.696017313220711
620274,22.103333333333335,254.5366666666667,746.88,33.79037852510933,11.515759312320917
620282,24.701666666666664,90.015,262.3933333333333,10.622495108292288,3.6440860940557323
620326,57.695,224.965,666.7583333333333,11.556605136204755,3.8992113701360602
620385,2204.5433333333335,2191.0183333333334,2224.85,1.0092112803407507,0.9938649425504601
620397,26.728333333333335,195.275,562.7883333333334,21.05587079877783,7.305917565629482
620402,101.09333333333333,328.81666666666666,970.1766666666666,9.596841202848852,3.252604853600633
620448,7.6883333333333335,19.165000000000003,51.555,6.705614567526555,2.492737914589205
620469,0.0,60.89833333333333,146.17166666666665,,
620515,160.97,694.4733333333334,1835.7333333333333,11.404195398728541,4.314302872170798
620535,64.84333333333333,773.37,1163.7133333333334,17.946537809078293,11.926746517246697
620620,273.53333333333336,1910.2533333333333,3802.5049999999997,13.901431879112842,6.983621740190104
620646,44.019999999999996,653.8050000000001,1544.77,35.092457973648344,14.852453430258976
620699,42.306666666666665,178.6616666666667,533.1616666666666,12.60230854081311,4.223014497321148
620704,120.08999999999999,335.55333333333334,997.24,8.304105254392539,2.7941821411718992
620709,129.985,651.35,1757.8666666666666,13.523611698785755,5.010962803400392
620742,8.998333333333333,66.19833333333334,114.91499999999999,12.770698277458788,7.356732728283016
620755,97.74333333333334,280.10999999999996,833.4599999999999,8.52702656617672,2.8657708965658353
620813,128.795,697.08,1568.1066666666666,12.17521384111702,5.412321906906325
620814,113.28,538.7466666666667,1508.8933333333334,13.3200329566855,4.755885122410546
620844,195.005,1605.5649999999998,3532.016666666667,18.11244156132749,8.233455552421733
620856,3.9633333333333334,11.203333333333335,21.501666666666665,5.425147182506308,2.8267451640033645
620950,113.53666666666666,286.62833333333333,786.1983333333334,6.924620533748276,2.5245442001115648
620967,0.0,54.29666666666667,130.32833333333332,,
620970,173.72,696.0883333333334,1591.82,9.163136081049965,4.006955637424208
620979,0.0,148.61333333333332,284.0316666666667,,
620989,85.25666666666666,260.22999999999996,779.3716666666667,9.141474762481918,3.052312624623685
620995,122.43666666666667,1239.575,2405.213333333333,19.644550924287383,10.124213879284529
621021,80.39833333333333,281.39500000000004,822.325,10.228134911586062,3.5000103650573196
621031,51.40333333333333,174.77,516.9883333333333,10.057486544322678,3.3999740613449196
621089,55.25833333333333,158.61,455.3283333333333,8.239993967727342,2.870336299200724
621123,63.52333333333333,392.9683333333333,523.6,8.24264049955397,6.18620454426195
621222,93.905,259.65333333333336,771.4,8.214685054043981,2.7650639831034916
621254,166.465,880.975,2001.4083333333333,12.02299782737112,5.292253626888535
621263,17.658333333333335,57.901666666666664,169.54166666666666,9.60122699386503,3.2789995280792823
621265,57.07833333333333,147.48,432.64833333333337,7.579904809180367,2.5838175606622475
621300,24.63,79.615,182.6616666666667,7.416226823656788,3.2324401136825007
621309,34.348333333333336,191.605,563.9933333333333,16.41981658498714,5.578291037896064
621312,20.028333333333332,231.53166666666667,553.6716666666667,27.644420404427066,11.560206374303071
621341,79.61,239.66833333333335,647.875,8.138110790101747,3.010530502868149
621345,8.745000000000001,21.978333333333335,63.42166666666667,7.252334667429007,2.51324566418906
621446,154.10833333333332,643.8516666666667,1428.5383333333334,9.269702049424108,4.177915968204186
621507,103.99333333333334,515.5516666666666,1462.495,14.06335342009103,4.957545355471503
621596,63.575,202.48,606.1866666666666,9.534984925940488,3.184899724734565
621607,69.875,270.84,791.7199999999999,11.330518783542038,3.8760644007155634
621620,121.62166666666667,506.835,1516.9383333333333,12.472599454592794,4.167308456552424
621691,4927.673333333334,4922.886666666667,5025.6466666666665,1.019882270334478,0.9990286152626459
621742,68.93666666666667,215.01000000000002,596.88,8.658382089840917,3.118949760649872
621751,15.478333333333333,59.10166666666667,173.14166666666668,11.186066544632283,3.8183482287067942
621986,9.645000000000001,50.123333333333335,97.25833333333334,10.083808536374631,5.196820459650941
621995,467.335,,,,
621997,126.92,,,,
622060,120.30166666666668,1328.03,2639.561666666667,21.94118950970477,11.039165431346198
622062,74.46666666666667,512.1733333333334,1281.9783333333332,17.215465532676813,6.877887197851388
622081,10.753333333333334,22.571666666666665,58.019999999999996,5.39553626782393,2.0990390576565403
622082,17.445,57.531666666666666,149.20499999999998,8.552880481513327,3.297888602273813
622116,111.21666666666667,743.6633333333334,1605.5966666666668,14.436655177581299,6.686617713172486
622141,18.783333333333335,105.16000000000001,143.40166666666667,7.634516415261756,5.5985803016858915
622151,140.29666666666665,472.76,1147.3083333333334,8.17773052341467,3.3697165530186037
622153,70.95,228.975,486.0383333333333,6.850434578341554,3.227272727272727
622206,13.701666666666666,938.1616666666666,2354.8533333333335,171.86619632648097,68.47062401167742
622213,111.03333333333333,342.68,1027.1616666666666,9.250930651456018,3.0862803962773944
622233,72.08166666666666,263.1666666666667,766.6266666666667,10.635529145182549,3.6509514670859446
622234,165.77166666666665,622.9933333333333,1840.915,11.105124518665233,3.7581412183425
622235,2204.5433333333335,2190.3799999999997,2223.3283333333334,1.008521039126773,0.993575389007247
622267,0.07,3811.975,4670.133333333333,66716.19047619047,54456.78571428571
622320,294.65999999999997,1983.745,3930.6433333333334,13.339589130975815,6.732318604493314
622359,102.53500000000001,241.12666666666667,718.9166666666666,7.011426992409095,2.3516522813348284
622375,130.915,820.8233333333334,1823.7366666666667,13.930692943258348,6.269895224636851
622418,34.748333333333335,139.35166666666666,327.4216666666667,9.42265816106288,4.010312245191615
622491,296.5933333333333,40.35333333333333,79.055,0.26654341522623576,0.13605610375598462
622538,15.961666666666668,36.43666666666666,106.30333333333333,6.659914378197764,2.282760781037903
622593,67.71166666666666,264.00666666666666,779.6550000000001,11.514337755679723,3.8989834346616785
622600,110.20333333333333,460.85499999999996,1335.5183333333334,12.11867457124709,4.181860802758537
622601,29.945,103.54333333333334,306.8283333333333,10.2463961707575,3.4577837145878556
622610,77.56166666666667,614.4733333333334,1398.71,18.033521713905063,7.922384339342889
622659,148.11833333333334,593.1983333333334,1296.0383333333334,8.750019691462906,4.004894735065432
622694,18.791666666666668,46.87,138.185,7.3535254988913525,2.4941906873614186
622733,91.07833333333333,359.78333333333336,639.7666666666667,7.0243563233114354,3.950262594469962
622763,71.805,264.8983333333333,770.7816666666666,10.73437318663974,3.689134925608708
622771,216.62333333333333,1305.8916666666667,2709.9966666666664,12.510178958868696,6.0283979872897655
622794,1.6400000000000001,5.468333333333334,6.993333333333334,4.264227642276423,3.334349593495935
622814,293.205,1485.4983333333332,3172.241666666667,10.81919362448344,5.066415420382781
622832,41.156666666666666,91.53,268.2916666666667,6.518789989471127,2.223941038308901
622874,227.46,1305.2583333333334,2637.01,11.593291128110437,5.738408218294792
622990,1739.9183333333335,3583.086666666667,3602.851666666667,2.070701594231913,2.0593418656622773
622992,132.36833333333334,412.6933333333333,703.88,5.317586028884048,3.1177648229057806
623000,1.2633333333333332,2.3116666666666665,5.176666666666667,4.097625329815304,1.8298153034300793
623082,126.52333333333333,3242.05,3247.2783333333336,25.665450378059386,25.62412730194694
623091,97.62166666666667,277.93,813.0716666666667,8.328803373568027,2.847011421644785
623095,222.67999999999998,1287.7,2584.5583333333334,11.60660289803006,5.7827375606251135
623128,65.31333333333333,239.04,703.9516666666666,10.778069817291007,3.659895886495866
623135,106.195,521.0466666666666,1473.495,13.875370780168558,4.906508467128082
623267,4922.634999999999,4969.413333333333,5134.121666666667,1.0429620856851396,1.0095027019743152
623292,7.225,85.98,168.575,23.332179930795846,11.900346020761246
623296,32.67333333333333,175.39166666666668,518.8933333333333,15.881248724750051,5.368037135278515
623299,105.01666666666667,312.635,935.3050000000001,8.906252975718141,2.9770036502142516
623325,138.16,436.9633333333333,1259.6733333333332,9.117496622273691,3.162734028179888
623338,17.638333333333332,36.251666666666665,93.28999999999999,5.289048473967684,2.0552773315694983
623346,142.245,960.4633333333334,2686.0899999999997,18.8835459945868,6.752176409246957
623352,79.725,226.35333333333335,677.6533333333333,8.499885021427826,2.839176335319327
623459,64.32833333333333,303.8066666666667,508.46500000000003,7.904215353524886,4.722750472834677
623464,154.685,850.6066666666667,2020.0916666666667,13.059389512019049,5.49896025255627
623470,230.35166666666666,1307.4166666666667,2643.645,11.476561199904495,5.675742162345979
623541,138.11166666666668,412.6933333333333,703.88,5.096455766469161,2.988113483051154
623547,25.645,89.15,226.3383333333333,8.825826996815493,3.4763111717683763
623587,9.316666666666666,39.406666666666666,117.25833333333334,12.585867620751342,4.229695885509839
623608,137.37666666666667,1813.5800000000002,1972.9199999999998,14.361390823283914,13.201514085361417
623616,157.82166666666666,862.0716666666667,1835.5133333333333,11.63030002217693,5.4623150602473265
623620,81.35,230.68833333333333,690.6633333333334,8.490022536365501,2.8357508707232126
623659,54.10666666666667,133.975,396.19,7.322387875800887,2.4761274026614095
623720,72.80833333333334,486.6333333333333,738.5033333333333,10.143115485864712,6.6837587272519166
623744,140.55499999999998,708.0966666666667,1395.225,9.926541211625343,5.037861809730474
623754,164.54,600.5233333333333,1796.3083333333334,10.91715287062923,3.6497103034723066
623759,4927.673333333334,4922.886666666667,5025.6466666666665,1.019882270334478,0.9990286152626459
623781,176.25666666666666,700.4233333333334,1581.625,8.973419445127371,3.9738827845755247
623792,53.72666666666667,781.6616666666666,2319.7149999999997,43.17623154237498,14.548858419158703
623811,4922.591666666666,4958.683333333333,5125.91,1.0413031076109978,1.0073318424745774
623817,113.93166666666666,541.7083333333334,1599.8149999999998,14.041881829751752,4.754677511373777
623931,105.77666666666667,328.94,910.3933333333333,8.606750070904106,3.10975955629786
623952,,3583.086666666667,3602.851666666667,,
623953,16.436666666666667,44.29666666666667,124.99,7.604339890488744,2.6949908740620563
624013,81.115,213.22166666666666,638.5416666666666,7.872054079598923,2.6286342435636647
624046,18.803333333333335,113.705,247.30499999999998,13.152189328133307,6.0470661230278315
624075,69.18333333333334,257.9633333333333,697.9050000000001,10.08776198506384,3.728691881474343
624187,111.50166666666668,629.4916666666667,972.0916666666667,8.718180595207844,5.645580783545836
624250,105.50500000000001,449.78499999999997,1054.8166666666666,9.997788414451131,4.263162883275673
624299,93.66000000000001,742.425,2222.135,23.725549861200086,7.9268097373478525
624310,441.8283333333333,,,,
624422,45.31166666666666,169.08666666666667,416.055,9.182072313973592,3.731636443888624
624532,48.0,344.04,566.7416666666667,11.807118055555556,7.1675
624559,205.12666666666667,772.08,1818.8616666666667,8.867017127628458,3.7639182293867206
624575,4928.67,5019.736666666667,5252.8116666666665,1.0657665590649539,1.0184769251474874
624590,139.07333333333332,506.12,1042.23,7.49410383011361,3.6392311010977423
624600,104.44,305.6,871.9449999999999,8.348764841057065,2.9260819609345083
624622,72.62833333333333,239.04,703.9516666666666,9.692521284163664,3.2912775087775663
624652,49.88,250.34833333333333,730.08,14.63672814755413,5.019012296177492
624694,122.01,384.2566666666667,1135.7433333333333,9.308608583995847,3.1493866622954405
624703,7.778333333333333,3872.195,4849.858333333334,623.5086779515749,497.8180844225413
624705,191.2133333333333,882.9833333333333,1919.0600000000002,10.03622480998536,4.617791646328708
624715,142.59,554.8216666666667,1177.385,8.257135844028333,3.891027888818758
624725,126.70666666666666,412.6933333333333,703.88,5.5551930969167636,3.2570767126170685
624743,46.181666666666665,237.31166666666667,441.67333333333335,9.563824028294057,5.138655310548919
624751,128.915,400.3383333333333,928.81,7.204824884613893,3.1054441557098347
624775,867.7716666666668,879.1883333333334,931.3833333333333,1.0733046135408122,1.0131563026372143
624780,110.26666666666667,510.76,1172.2833333333333,10.631348246674728,4.632043530834341
624830,2.5366666666666666,8.963333333333333,21.516666666666666,8.482260183968462,3.533508541392904
624974,0.0,158.49333333333334,240.59166666666667,,
625027,14.766666666666667,49.309999999999995,142.42999999999998,9.645372460496612,3.339277652370203
625056,95.205,504.20166666666665,1440.1633333333334,15.126971622638868,5.29595784535126
625079,2211.211666666667,2197.411666666667,2239.9216666666666,1.0129838316398172,0.9937590777906833
625083,83.04666666666667,230.715,683.575,8.231215380910331,2.778136790559525
625104,35.19166666666667,103.31333333333333,192.73666666666668,5.47677006867156,2.9357328913094953
625109,126.92,406.96500000000003,1210.3983333333333,9.536702909969534,3.2064686416640407
625213,16.546666666666667,67.10666666666667,187.18333333333334,11.312449637389202,4.055600322320709
625309,126.52333333333333,3234.838333333333,3241.2166666666667,25.617540901546487,25.567128592881417
625390,24.298333333333336,132.19166666666666,215.22,8.857397626723369,5.440359421085121
625406,23.163333333333334,241.29500000000002,324.2933333333333,14.000287811195854,10.41711037559361
625468,33.928333333333335,208.64833333333334,267.38,7.8807289875718425,6.149678243356094
625492,120.12333333333332,465.4483333333334,1372.4116666666666,11.425021505674724,3.874753725337848
625567,3.8033333333333332,122.37833333333333,221.56333333333333,58.25503943908852,32.17659947414548
625614,150.11666666666667,579.8916666666667,1246.1916666666666,8.301487731764183,3.86293993560564
625655,101.645,418.9116666666667,1253.5566666666666,12.3326938527883,4.121320937248922
625746,128.57666666666668,369.50166666666667,1016.35,7.904622404272418,2.8737847717315215
625753,4.681666666666667,7.8566666666666665,22.775,4.864720541117835,1.6781772872908507
625767,0.0,39.531666666666666,94.9,,
625775,106.16666666666667,811.8066666666667,1929.28,18.172182103610673,7.646530612244899
625809,104.98666666666666,307.7066666666667,878.035,8.363300101600203,2.930911861823724
625871,63.86666666666667,259.87833333333333,701.4116666666666,10.982437369519833,4.069076200417537
625882,14.478333333333333,80.26833333333335,103.765,7.1669160815010935,5.544031311154599
625902,63.35,367.69666666666666,500.37666666666667,7.898605630097342,5.804209418574059
625919,0.0,0.08166666666666668,0.19499999999999998,,
625951,68.58333333333333,213.72,632.5483333333334,9.223061968408263,3.1162089914945326
625993,16.84,119.26,263.50333333333333,15.647466349960412,7.081947743467934
626022,170.93333333333334,704.1550000000001,2108.115,12.332966068642744,4.119471528861155
626029,2.5366666666666666,8.963333333333333,21.516666666666666,8.482260183968462,3.533508541392904
626048,133.23666666666665,1132.8883333333333,1947.075,14.613657401616173,8.50282704961097
626069,443.425,,,,
626072,11.146666666666667,31.376666666666665,90.88000000000001,8.15311004784689,2.8148923444976077
626089,29.720000000000002,183.19666666666666,341.4616666666667,11.489288918797667,6.164087034544638
626123,32.791666666666664,137.29833333333332,384.625,11.729351969504448,4.186988564167725
626204,66.99,611.5683333333333,1465.3533333333332,21.874210081106632,9.129248146489525
626220,208.12,719.7966666666667,2154.1383333333333,10.350462873982957,3.4585655711448524
626268,153.59833333333333,630.0266666666666,1838.7366666666667,11.971071734719343,4.101780618279278
626351,126.58333333333333,,,,
626404,114.905,1305.5433333333335,2177.725,18.952395457116747,11.361936672323516
626407,33.725,104.68666666666667,310.31,9.201186063750926,3.1041265134667655
626421,1743.3966666666668,,,,
626459,182.55,925.6516666666666,2134.2033333333334,11.691061809549895,5.070674700995161
626476,159.95499999999998,624.8633333333333,1391.0416666666667,8.696456294999637,3.9064945349212805
626487,10.753333333333334,22.571666666666665,58.019999999999996,5.39553626782393,2.0990390576565403
626521,10.558333333333334,30.18166666666667,86.88333333333334,8.228887134964484,2.8585635359116024
626551,62.25833333333333,161.23833333333332,461.05833333333334,7.4055681970285105,2.58982733235176
626626,155.48999999999998,463.2883333333333,917.7199999999999,5.902115891697216,2.9795378052179133
626638,1739.9183333333335,3583.086666666667,3602.851666666667,2.070701594231913,2.0593418656622773
626656,23.066666666666666,235.41333333333333,523.6033333333334,22.69956647398844,10.20578034682081
626675,49.63333333333333,146.12666666666667,436.97666666666663,8.804096709200806,2.9441235728676967
626709,87.86166666666666,467.5816666666667,1167.8466666666668,13.291879279928677,5.321793728778194
626737,169.1,81.00333333333333,240.98166666666665,1.425083776857875,0.4790262172284644
626841,1739.9183333333335,3583.086666666667,3602.851666666667,2.070701594231913,2.0593418656622773
626846,128.07666666666668,720.7566666666667,1926.8566666666666,15.044556645759048,5.627540795877469
626868,103.91499999999999,308.0883333333333,921.1133333333333,8.864103674477539,2.964810983335739
626869,54.88,108.34833333333333,323.47666666666663,5.894254130223517,1.9742772108843536
626907,85.33833333333334,353.8316666666667,1001.6816666666667,11.737769271331757,4.146221901060485
626940,39.21666666666667,195.94166666666666,580.6433333333333,14.806034849128771,4.996387590310242
627034,157.72333333333333,720.5366666666666,1901.8116666666667,12.057896739015577,4.568358095399116
642221,105.11833333333334,403.3433333333333,1198.7283333333332,11.403608631542228,3.837040795294192
643269,183.55833333333334,,,,
649715,158.53333333333333,710.1983333333334,1941.725,12.248055088309503,4.479804457527334
649777,81.115,3242.05,3247.2783333333336,40.03301896484416,39.9685631510818
649813,134.53833333333333,529.015,1146.4266666666667,8.521189747655564,3.932076359897427
649963,2204.5433333333335,2190.3799999999997,2223.3283333333334,1.008521039126773,0.993575389007247
649964,0.07,3811.975,4670.133333333333,66716.19047619047,54456.78571428571
649999,37.135,127.725,281.4533333333333,7.579193034423949,3.439477581796149
650042,71.06666666666666,258.91833333333335,521.9583333333334,7.344629455909945,3.643316135084428
650053,4927.673333333334,4922.886666666667,5025.6466666666665,1.019882270334478,0.9990286152626459
650059,106.5,444.77000000000004,1287.3783333333333,12.088059467918622,4.176244131455399
650090,6.088333333333334,18.334999999999997,49.53666666666666,8.136326307144811,3.0114973993977547
651040,20.118333333333332,135.23,301.87833333333333,15.005136277027587,6.721729765553807
651055,120.05333333333333,619.5583333333333,1316.5616666666667,10.96647323411817,5.160692470013327
651060,146.56166666666667,816.42,2167.4983333333334,14.788985296291663,5.570487962973492
651099,125.17666666666668,718.745,1920.8266666666668,15.34492583814875,5.741844859265571
651100,153.37333333333333,850.2983333333334,2294.4216666666666,14.959717030339911,5.543977658002261
651101,129.52166666666668,729.5266666666666,1901.9033333333332,14.684055434740646,5.6324681842162825
651102,147.91333333333333,812.6883333333334,2150.366666666667,14.538017758146664,5.494354802361744
651136,97.85166666666667,278.8883333333333,814.2216666666667,8.320979032889918,2.850113266679157
651139,40.77833333333333,365.5866666666667,598.9633333333334,14.6882740017166,8.965218457514204
651158,443.425,,,,
651163,15.713333333333333,89.68166666666666,163.845,10.427131947390752,5.7073610521849805
651191,123.545,402.07666666666665,1202.2883333333334,9.731582284457755,3.2544956628488944
651202,29.526666666666664,116.36999999999999,330.7033333333333,11.200158049221043,3.9411831113118088
651203,45.34,213.51666666666668,611.325,13.483127481252756,4.709233936185855
651398,15.695,73.50166666666668,219.29833333333332,13.972496548794732,4.68312626101731
651729,3.5983333333333336,11.32,31.371666666666666,8.718388142658638,3.145900880037054
651737,81.35,280.10999999999996,833.4599999999999,10.245359557467731,3.4432698217578364
651753,443.425,,,,
651802,2.735,5.366666666666666,15.203333333333335,5.5588056063376,1.9622181596587447
651814,4.078333333333333,9.821666666666665,22.03666666666667,5.403351042092359,2.408255006129955
651821,7.1466666666666665,50.93333333333333,85.28999999999999,11.934235074626864,7.126865671641791
651824,5.535,43.995,79.41166666666666,14.34718458295694,7.94850948509485
651830,4.543333333333334,12.728333333333333,33.895,7.460381511371973,2.8015407190022006
651836,122.03666666666666,499.43333333333334,1451.2666666666667,11.892054300620032,4.092485864903991
651843,114.815,613.5333333333333,1327.945,11.565953925880764,5.343668800534193
651846,161.645,2160.516666666667,3339.7683333333334,20.66112984214379,13.365811912936786
651847,181.61666666666667,,,,
652165,16.216666666666665,672.5533333333333,1199.5866666666666,73.97245632065776,41.47297019527235
652166,40.788333333333334,598.8783333333333,1111.1416666666667,27.24165406774813,14.68258897560577
652251,2.216666666666667,12.0,28.683333333333334,12.93984962406015,5.413533834586466
652456,86.815,867.0383333333334,1800.115,20.735068824511895,9.987194993184742
652473,103.28666666666666,399.995,1185.5716666666667,11.47845801329633,3.8726683018137225
652476,84.44,200.50166666666667,571.4816666666667,6.76790225801358,2.3744868150955316
652490,15.754999999999999,28.12,73.21000000000001,4.646778800380832,1.784830212630911
652491,2.5833333333333335,7.1866666666666665,20.003333333333334,7.743225806451613,2.7819354838709676
652532,68.72,280.935,592.1949999999999,8.61750582072177,4.088111175785798
652538,91.86999999999999,625.3233333333334,1866.05,20.311853706324154,6.806610790609921
652545,2.493333333333333,5.09,13.803333333333335,5.536096256684493,2.0414438502673797
652547,78.76333333333334,268.97999999999996,786.6016666666667,9.986901688602988,3.415040839646197
652550,70.83999999999999,247.09333333333333,728.05,10.27738565782044,3.488048183700358
652677,0.0,39.61333333333334,95.095,,
652686,138.11166666666668,412.80333333333334,704.145,5.098374503722832,2.988909940024376
652687,111.03333333333333,3242.05,3247.2783333333336,29.245977184028824,29.198889222455723
652692,1743.6633333333334,3600.4783333333335,3616.355,2.073998420948998,2.0648930699542536
652693,126.58333333333333,,,,
652698,303.575,,,,
652699,137.69833333333332,81.00333333333333,240.98166666666665,1.7500695965819,0.5882666214793207
652702,442.775,,,,
652703,443.425,,,,
652707,130.77666666666667,405.9933333333333,1200.8766666666668,9.182652358983509,3.104478372798409
652710,234.09,,,,
652712,108.26666666666667,419.5083333333333,1169.02,10.797598522167487,3.8747690886699506
652714,101.56166666666667,397.255,968.5933333333334,9.53699722664391,3.911465940233356
652715,107.27666666666667,430.155,931.215,8.680499021222385,4.009772240002485
652765,81.115,213.22166666666666,638.5416666666666,7.872054079598923,2.6286342435636647
652771,95.99166666666666,280.10999999999996,833.4599999999999,8.68262870040802,2.918065804323292
652773,82.52833333333334,233.825,700.0766666666666,8.48286447078781,2.8332693822323645
652779,859.2033333333333,864.5583333333333,889.2383333333333,1.0349568010676558,1.0062325177199034
652780,867.7716666666668,878.8816666666667,930.9983333333333,1.0728609484445792,1.0128029070627256
652781,81.115,3242.05,3247.2783333333336,40.03301896484416,39.9685631510818
652792,467.8183333333333,,,,
652793,443.425,,,,
652847,43.915,244.25333333333336,345.005,7.856199476260959,5.561956810505143
652949,115.805,367.4533333333333,1085.1683333333333,9.370651814112804,3.1730351308953266
652983,0.0,39.531666666666666,94.9,,
653250,73.75500000000001,686.3533333333332,2043.9733333333331,27.71301380697353,9.305854970284498
653270,35.555,293.37833333333333,468.40999999999997,13.174237097454647,8.25139455303989
653276,161.88500000000002,,,,
653279,0.0,3872.195,4849.858333333334,,
653281,1759.2983333333332,1817.88,2016.2183333333335,1.146035493316938,1.0332983130585207
653313,33.13166666666667,89.645,230.57333333333332,6.959303787916896,2.7057196036017905
653316,267.40833333333336,1475.1883333333333,3141.125,11.746548661535105,5.516613169621988
653511,441.8283333333333,,,,
653565,0.0,60.89833333333333,146.17166666666665,,
653579,0.0,0.0,0.0,,
653583,0.0,0.0,0.0,,
653610,18.115000000000002,138.675,359.1933333333333,19.82850308216027,7.655258073419818
653631,2.105,15.186666666666667,32.983333333333334,15.669041963578781,7.214568487727633
653707,126.58333333333333,,,,
653709,3.8033333333333332,6.343333333333334,17.986666666666668,4.729184925503945,1.6678352322524104
653760,0.0,0.08166666666666668,0.19499999999999998,,
653766,81.115,3242.05,3247.2783333333336,40.03301896484416,39.9685631510818
653768,1739.9183333333335,3582.24,3602.175,2.0703126870897197,2.0588552527848525
653770,1739.9183333333335,3579.4883333333332,3599.851666666667,2.0689773753748977,2.0572737609332234
653771,1739.9183333333335,3582.24,3602.175,2.0703126870897197,2.0588552527848525
653772,1739.9183333333335,3583.086666666667,3602.851666666667,2.070701594231913,2.0593418656622773
653774,,3583.086666666667,3602.851666666667,,
653784,441.8283333333333,,,,
653786,443.425,,,,
653846,166.91,632.2233333333334,1864.615,11.171379785513151,3.787809797695365
653858,346.0833333333333,,,,
653910,443.425,,,,
653932,444.1166666666667,,,,
653976,76.03,368.7683333333333,659.2266666666667,8.670612477530799,4.8503003200491035
653978,58.656666666666666,297.3616666666667,607.3816666666667,10.354861624140478,5.069528896971075
654004,15.34,47.669999999999995,135.08666666666667,8.806171229900045,3.1075619295958274
654007,28.971666666666668,60.36833333333333,180.18666666666667,6.219409768164298,2.0837024679284357
654011,128.26833333333335,861.5133333333334,2452.4066666666668,19.119346162341966,6.7164927690648515
654110,443.425,,,,
654111,443.425,,,,
654140,188.06833333333333,,,,
654145,178.66666666666666,,,,
654159,107.4,,,,
654160,106.02666666666667,,,,
654162,174.29,,,,
654219,121.67666666666668,1118.24,1911.575,15.710284086239486,9.190258334931375
654230,5.760000000000001,16.451666666666668,44.32833333333333,7.695891203703702,2.8561921296296293
654235,6.095,27.995,80.19833333333332,13.158053048947224,4.593109105824446
654236,5.953333333333333,35.35,99.11333333333333,16.648376259798432,5.937849944008959
654270,143.75166666666667,,,,
654323,167.01666666666668,,,,
654324,169.04500000000002,,,,
654325,170.39333333333335,,,,
654328,125.47333333333333,853.9150000000001,1926.3466666666668,15.352638010732694,6.805549651984486
654344,21.040000000000003,53.93,120.17333333333333,5.7116603295310515,2.5632129277566538
654353,164.69,,,,
654864,78.80333333333333,209.36499999999998,626.9733333333334,7.95617782665708,2.6568038577048347
654873,2204.5433333333335,2190.3799999999997,2223.3283333333334,1.008521039126773,0.993575389007247
654881,61.59666666666667,380.13666666666666,508.1983333333334,8.250419394988906,6.171383732885978
654882,867.8266666666666,879.1883333333334,931.3833333333333,1.0732365910243213,1.013092092122851
654891,126.11833333333334,3234.838333333333,3241.2166666666667,25.699805737997384,25.649231541805975
654892,1739.9183333333335,3583.086666666667,3602.851666666667,2.070701594231913,2.0593418656622773
654894,70.77166666666668,215.435,639.1266666666667,9.030826837482042,3.044085439088147
654899,2205.233333333333,2190.3799999999997,2223.3283333333334,1.008205480901492,0.9932645071572168
654900,1738.6033333333332,1753.125,1823.0683333333334,1.048582099424634,1.0083524898337939
654901,0.0,4.0633333333333335,9.751666666666667,,
654903,0.0,0.08166666666666668,0.19499999999999998,,
654907,443.425,,,,
654911,1725.2966666666666,1730.8566666666666,1756.28,1.017958264182585,1.0032226341749921
654912,467.8183333333333,,,,
654914,97.74333333333334,280.10999999999996,833.4599999999999,8.52702656617672,2.8657708965658353
654920,1739.9183333333335,3583.086666666667,3602.851666666667,2.070701594231913,2.0593418656622773
654926,11.84,47.568333333333335,98.01833333333335,8.278575450450452,4.017595720720721
654928,75.17333333333333,209.63166666666666,627.6933333333333,8.349946789641717,2.788644022703086
654931,126.58333333333333,,,,
654934,0.0,0.08166666666666668,0.19499999999999998,,
654936,67.31,223.36333333333332,664.3266666666666,9.869657802208685,3.318427177734858
655078,126.58333333333333,,,,
655164,140.01666666666668,146.96833333333333,172.61,1.2327818116890845,1.0496488513272229
655322,2.9633333333333334,11.45,29.65666666666667,10.007874015748033,3.8638920134983126
655345,4.89,7.711666666666667,18.46333333333333,3.7757327880027263,1.5770279481935925
655348,2.83,5.715,15.006666666666666,5.302709069493521,2.0194346289752647
655379,2.328333333333333,6.411666666666666,16.91,7.26270579813887,2.7537580529706513
655394,22.21833333333333,94.63000000000001,282.61333333333334,12.719825969544672,4.259095341684796
655463,13.911666666666667,55.440000000000005,163.49333333333334,11.752246316041692,3.9851443632442796
655465,1.1849999999999998,4.218333333333333,10.405,8.780590717299578,3.559774964838256
655533,140.01666666666668,146.96833333333333,172.61,1.2327818116890845,1.0496488513272229
655644,443.425,,,,
655666,309.9266666666666,,,,
655667,304.1383333333333,,,,
655670,302.99666666666667,40.35333333333333,79.055,0.2609104610611778,0.1331807830669204
655675,1739.9183333333335,3583.086666666667,3602.851666666667,2.070701594231913,2.0593418656622773
655676,4927.673333333334,4922.886666666667,5025.6466666666665,1.019882270334478,0.9990286152626459
655678,255.725,40.35333333333333,79.055,0.30914067846319293,0.15779971975103463
655681,443.425,,,,
655749,2.8316666666666666,7.180000000000001,16.686666666666667,5.892878163625663,2.5356091818716897
655865,36.99166666666667,190.7133333333333,492.12333333333333,13.303626943005181,5.155575580085604
655868,9.963333333333333,28.154999999999998,78.70166666666667,7.899130143860823,2.8258614921378387
656037,56.3,146.47166666666666,390.39166666666665,6.93413262285376,2.601628182356424
656038,52.82833333333333,207.905,469.72999999999996,8.891630122724548,3.935482853266871
656046,152.70333333333335,781.0766666666666,2116.085,13.857490559036039,5.114994215363121
656047,158.68833333333333,749.3816666666667,2057.7383333333332,12.967168348859923,4.722348838919055
656063,83.34333333333333,216.50333333333336,595.5066666666667,7.145222573291205,2.5977282726072874
656093,27.584999999999997,153.525,371.89666666666665,13.481843997341551,5.56552474170745
656107,153.05499999999998,945.5083333333333,2196.3183333333336,14.349863338886896,6.177572332385962
656108,139.98666666666668,984.62,2312.991666666667,16.52294266120583,7.033669873321268
656247,152.81833333333333,743.145,1642.3916666666667,10.747347067869256,4.862930931061936
656249,153.25666666666666,829.0883333333334,1850.8783333333333,12.076984144246037,5.409802727450682
656252,150.88333333333333,490.7566666666667,1059.5316666666668,7.022191538716449,3.2525571633712587
656255,148.56,484.42833333333334,1040.1616666666666,7.001626727697002,3.260826153293843
656288,150.84166666666667,824.6216666666667,2198.436666666667,14.574465499143695,5.46680293906414
656346,14.011666666666667,36.92166666666667,103.94833333333332,7.4186987034614,2.6350660164148922
656349,12.588333333333333,52.45166666666667,155.835,12.37931947570502,4.166688732953793
656359,29.561666666666667,196.37,477.83,16.16383830411005,6.6427242487455604
656407,184.375,850.1633333333334,2294.0183333333334,12.442133333333334,4.611055367231639
656408,158.76833333333335,850.2983333333334,2294.4216666666666,14.451380942883235,5.355591480249
656413,138.03833333333333,729.5266666666666,1901.9033333333332,13.778080967847096,5.284957077140408
656567,132.575,662.4333333333333,1773.6283333333333,13.378301590294802,4.996668552391728
656651,108.16166666666666,815.3016666666666,1755.0066666666667,16.22577314821949,7.537806061913494
656652,113.79333333333334,838.73,1771.0216666666668,15.56349229597516,7.370642685570332
656661,113.27166666666668,912.3483333333334,1995.9850000000001,17.621220369907157,8.054514956667598
656664,114.68166666666666,786.865,1845.5716666666667,16.092996555683126,6.8612972140272355
656666,158.82999999999998,1070.25,2185.415,13.759459799785935,6.738336586287226
656670,51.37833333333333,199.57000000000002,487.6566666666667,9.491484737405523,3.88432218509748
656673,90.08,271.8483333333333,681.2433333333333,7.562648016577857,3.0178544997039665
656699,255.89166666666668,1414.605,2965.045,11.587110430846387,5.528140163480639
656700,121.48166666666665,913.4300000000001,1997.25,16.440752376901866,7.519076952626598
656713,92.94666666666667,399.47833333333335,1194.785,12.854522306699183,4.297930712953665
656719,98.53,521.4833333333333,1482.7216666666668,15.048428566595623,5.29263506884536
656723,32.06666666666667,67.85833333333333,180.05666666666667,5.615072765072765,2.116164241164241
656725,56.86333333333334,222.63,645.925,11.359253180139515,3.91517673955097
656740,165.515,,,,
656744,138.42999999999998,,,,
656751,150.125,754.6533333333333,2014.5649999999998,13.419250624479599,5.026833194560089
656755,157.61666666666667,818.1383333333334,2183.726666666667,13.854668499524163,5.190684149307391
656759,112.06166666666667,330.87666666666667,983.6716666666667,8.777949640822762,2.952630248226423
656852,28.366666666666667,95.43,284.48833333333334,10.028965922444183,3.3641598119858993
657133,155.84,581.765,1675.8283333333334,10.75351856605065,3.7330916324435317
657135,121.96000000000001,595.8066666666667,1337.6100000000001,10.967612331912102,4.8852629277358695
657136,125.69166666666666,584.5133333333334,1324.6466666666668,10.538858317310881,4.6503745939136785
657140,37.57166666666667,119.64833333333333,336.6983333333334,8.961495808011357,3.1845362196690763
657148,162.15333333333334,921.1283333333333,2122.99,13.09248447971056,5.680600666036262
657150,173.66666666666666,912.515,2096.7149999999997,12.073214971209213,5.254404990403072
657151,174.23166666666665,913.455,2099.5366666666664,12.05025875510575,5.242761074814185
657152,180.80833333333334,877.4783333333332,1990.0566666666666,11.00644328709038,4.853085680047932
657153,179.65166666666667,880.3449999999999,1996.9350000000002,11.11559406629496,4.900288521305118
657157,177.57833333333335,871.8816666666667,1978.3433333333335,11.140679700038481,4.909842604672116
657159,178.71666666666667,874.9033333333333,1987.4233333333332,11.120525972209268,4.895477012030216
657166,176.57166666666666,877.41,1989.8916666666667,11.26959780259196,4.969143784865446
657189,68.86,194.67166666666665,571.0300000000001,8.292622712750509,2.8270645754671313
657213,26.801666666666666,110.83,313.65166666666664,11.702692618618245,4.135190597599652
657219,130.85166666666666,563.5849999999999,1595.215,12.191017819159098,4.307052514934212
657226,15.638333333333332,207.86666666666667,424.925,27.172013215389537,13.29212405414047
657227,9.596666666666666,34.95666666666667,88.28166666666667,9.199201111497048,3.642584230635638
657228,23.341666666666665,100.57166666666667,164.12833333333336,7.031560157086757,4.308675473045342
657233,56.855000000000004,144.12333333333333,421.97999999999996,7.422038519039661,2.5349280333010875
657234,73.13166666666666,304.47166666666664,711.0316666666666,9.722623578477176,4.163335536361357
657279,101.41166666666666,365.4933333333333,959.5883333333334,9.46230709813138,3.6040560750735446
657280,96.68,294.2433333333333,691.3866666666667,7.151289477313473,3.0434767618259544
657300,68.21333333333334,191.21,566.0483333333334,8.298206606724003,2.8031176700547302
657330,121.26833333333335,404.8383333333333,1032.2,8.51170269787386,3.338368081802064
657331,129.30666666666667,324.26666666666665,880.7916666666666,6.811649309135904,2.5077335533099605
657371,77.76166666666667,324.6566666666667,947.73,12.187624579377156,4.175021968836402
657373,25.39333333333333,712.5666666666667,1663.2333333333333,65.49881858755579,28.061170911000268
657384,75.27833333333334,715.8516666666667,1248.6016666666667,16.58646799654615,9.509398454623952
657389,107.25333333333333,1029.8683333333333,2448.315,22.827402411735456,9.602203505718549
657391,108.15,803.2199999999999,1903.5,17.600554785020805,7.426907073509014
657393,107.25333333333333,1029.8683333333333,2448.315,22.827402411735456,9.602203505718549
657395,128.24833333333333,1012.0466666666667,2394.8716666666664,18.67370596109111,7.891304630339576
657402,107.11666666666666,841.7099999999999,2019.0116666666665,18.84871635288626,7.857880815310409
657403,95.11333333333333,843.5383333333334,2024.4966666666667,21.2850984790075,8.86877058947221
657410,150.15833333333333,1021.2866666666666,2422.7483333333334,16.13462456296132,6.8013985237804535
657411,139.18333333333334,1002.985,2367.851666666667,17.012465572985274,7.206214824571908
657437,8.843333333333334,27.1,78.32,8.856388993592159,3.0644553335846214
657448,65.485,544.625,961.4150000000001,14.681453768038484,8.316790104604108
657456,35.71,156.17333333333332,424.60333333333335,11.890320171753944,4.373378138709978
657457,62.769999999999996,262.76166666666666,710.5733333333334,11.320269767935851,4.186102702989751
657458,82.30166666666668,456.04,1029.4266666666667,12.507968651910653,5.541078552479698
657536,31.418333333333333,456.43666666666667,702.9699999999999,22.374515940798894,14.527717362474139
657538,15.316666666666666,97.30166666666668,180.75,11.800870511425464,6.352665941240479
657572,148.16833333333335,556.3666666666667,1599.875,10.797685065409837,3.7549633862386247
657580,139.985,655.87,1296.3983333333333,9.260980343132001,4.685287709397435
657585,130.705,598.0949999999999,1222.9333333333334,9.356438799841882,4.57591522895069
657586,131.38,602.5366666666666,1228.26,9.348911554270057,4.586213020754046
657587,132.605,610.6533333333333,1238.0033333333333,9.336023025778315,4.6050551135578095
657588,132.62333333333333,610.7766666666666,1238.1516666666669,9.33585090607485,4.6053484806595115
657622,185.965,,,,
657623,181.53,,,,
657624,176.15666666666667,,,,
657628,187.64333333333335,,,,
657629,188.03333333333333,,,,
657632,256.0516666666667,,,,
657635,166.57000000000002,,,,
657638,120.33500000000001,501.25,1372.6733333333332,11.407099624658937,4.165454772094569
657641,127.85333333333332,399.1633333333333,1187.05,9.284466576285327,3.122040880175201
657654,78.455,555.59,1361.1766666666667,17.349775880016146,7.0816391562041945
657660,129.43666666666667,555.1033333333332,1578.2466666666667,12.193196157709046,4.28860961602843
657663,231.59833333333333,,,,
657674,41.72,235.47666666666666,560.4733333333334,13.43416426973474,5.6442154042825186
657684,66.39833333333334,188.09833333333333,551.3066666666667,8.303019654107784,2.8328773312583144
657698,163.71666666666667,,,,
657702,184.87,,,,
657788,10.096666666666666,44.48833333333334,109.98166666666665,10.892868933641466,4.406239683063718
657799,4.746666666666667,10.938333333333333,24.243333333333332,5.107443820224718,2.3044241573033704
657803,97.61833333333334,,,,
657806,81.905,277.4566666666667,816.0483333333334,9.963351850721365,3.387542478074192
657808,58.15,382.1566666666667,736.9050000000001,12.672484952708514,6.5719117225566075
657815,169.45,700.4233333333334,1581.625,9.333874299203305,4.133510376708961
657816,49.47,141.27833333333334,416.2066666666667,8.413314466680143,2.855838555353413
658712,168.6,624.9916666666667,1240.3866666666665,7.356979043100039,3.7069493871095296
658715,160.155,695.1666666666666,1920.8100000000002,11.993443851269085,4.3405867232784905
658717,122.84333333333333,632.59,1332.2466666666667,10.845087238488047,5.149567199413887
658727,36.85333333333333,108.82166666666667,321.45,8.722413169319827,2.9528310419681625
658729,12.461666666666668,52.288333333333334,155.58666666666667,12.485221345459408,4.195934198207837
658739,96.39,645.7583333333333,1472.0916666666667,15.272244700349276,6.699432859563578
658742,103.51333333333334,396.82666666666665,1149.665,11.106443614349198,3.8335802151091647
658805,10.888333333333332,89.21666666666667,229.95499999999998,21.119393846624828,8.193785397214144
659945,233.61666666666667,846.7,2534.3533333333335,10.848341299850182,3.624313333808946
661860,46.138333333333335,473.68666666666667,713.1133333333333,15.455983816782863,10.266661850232994
661862,39.98166666666667,206.04,492.665,12.322272708324649,5.153361957563883
661865,3.1366666666666663,8.435,23.881666666666668,7.613708820403827,2.6891604675876732
661866,40.55333333333333,319.925,496.03499999999997,12.231670228505672,7.888993917474932
661870,157.72333333333333,704.6933333333333,1863.7883333333334,11.816820593021536,4.467907940063824
661875,138.42166666666665,637.7,1669.6283333333333,12.061900232381733,4.6069377385524914
661877,138.475,637.895,1670.2166666666667,12.061503279773726,4.6065715833182885
661879,102.57166666666667,279.655,747.185,7.284516516906877,2.7264351754058134
661886,147.515,673.935,1938.48,13.140900925329628,4.5685862454665624
661888,63.19166666666667,213.98333333333332,549.8083333333333,8.700646182249768,3.3862587366477643
661890,59.65833333333333,207.355,530.7383333333333,8.896298365693534,3.4757088978907666
661891,151.31,684.9216666666667,1811.32,11.970920626528319,4.526612032692266
661893,123.135,488.0383333333333,1450.9333333333334,11.78327310133864,3.963441209512594
661894,125.16000000000001,495.26166666666666,1472.1666666666667,11.762277617982315,3.9570283370618937
661895,145.73999999999998,557.385,1658.8633333333335,11.38234755958099,3.824516261836147
661897,140.505,543.135,1614.365,11.489733461442654,3.8655919718159497
661898,65.67333333333333,211.465,507.7366666666667,7.731245558826515,3.219952289107705
661902,140.0,538.8566666666667,1603.2216666666668,11.451583333333334,3.8489761904761908
661906,42.195,151.735,364.1983333333334,8.631314926729077,3.5960421850930206
661907,39.333333333333336,146.98,349.90999999999997,8.896016949152541,3.7367796610169486
661911,58.593333333333334,298.87333333333333,626.52,10.692684036864263,5.100807827966777
662004,79.445,398.4533333333333,698.4300000000001,8.791365095348985,5.0154614303396485
662104,41.70666666666667,119.37166666666667,355.185,8.516264386189258,2.862172314578005
662109,179.57666666666668,627.8716666666667,1879.305,10.465195923746588,3.496398938243647
662130,37.431666666666665,661.4983333333333,1278.2316666666666,34.148403757958945,17.672158154859968
662131,39.11333333333334,661.4983333333333,1278.2316666666666,32.68020282938469,16.912348730185784
662134,97.045,406.5383333333333,1216.4783333333332,12.535198447455647,4.189173407525718
662188,123.33833333333334,755.3833333333333,1871.5616666666667,15.174209153682959,6.124481439941624
662316,108.57833333333333,407.76666666666665,1081.9533333333334,9.964725927517767,3.755506776981288
662319,116.53500000000001,291.62833333333333,801.205,6.875230617411078,2.5024956736888773
662324,226.085,1510.1100000000001,3250.2066666666665,14.376038510589673,6.6793904947254354
662325,26.673333333333336,948.3366666666666,2353.685,88.24112721819544,35.55373656585853
662332,113.47166666666666,476.50166666666667,1425.3666666666666,12.561432369313925,4.1993008533701515
662347,67.74499999999999,207.63166666666666,460.42333333333335,6.796417939823359,3.064900238639998
662353,42.211666666666666,290.18,662.38,15.691870336005055,6.874402811229124
662356,72.655,218.90166666666667,615.3716666666667,8.469777257816622,3.0128919780698737
662363,244.16333333333333,1271.275,2537.563333333333,10.392892735737005,5.206658111373534
662369,106.35333333333332,1348.4383333333333,2680.9866666666667,25.208299379427068,12.678853507177333
662378,60.82333333333334,147.31833333333333,421.435,6.928837617142544,2.4220693812681535
662380,56.79666666666667,110.23666666666666,328.56666666666666,5.784963906332531,1.9409002875755619
662392,71.70666666666666,1557.9966666666667,2560.49,35.707837486054295,21.72736147266642
662397,71.26333333333334,310.77166666666665,513.4816666666667,7.205411852752701,4.3608915290705825
662425,109.57666666666667,391.9866666666667,906.3783333333333,8.271636297265232,3.5772822681227754
662456,5.819999999999999,15.296666666666665,44.519999999999996,7.649484536082475,2.6282932416953035
662459,4.451666666666667,13.596666666666666,39.29833333333333,8.827779857731185,3.0542867839760386
662470,61.11,143.67666666666668,409.4683333333333,6.70051273659521,2.3511154748268153
662471,55.805,176.29333333333335,515.6916666666667,9.240958098139355,3.159095660484425
662482,42.858333333333334,157.26666666666668,328.26,7.659187244798755,3.669453626288159
662485,166.12333333333333,664.3083333333333,1911.8516666666667,11.50862812769629,3.9988863695647807
662486,68.87833333333333,233.56166666666667,655.9216666666667,9.5229027028335,3.390930868439519
662494,216.95166666666668,791.7883333333334,1877.5383333333334,8.654177965906385,3.6496070553349056
662499,16.973333333333333,62.575,182.575,10.756578947368421,3.6866653574234096
662505,30.831666666666667,316.0833333333333,874.3483333333334,28.358776150062166,10.251905508405859
662506,13.675,54.11833333333333,158.19666666666666,11.568312004875075,3.9574649603900056
662511,52.01833333333333,290.89166666666665,589.5533333333333,11.33356829322995,5.592098939476466
662513,105.29333333333334,328.13666666666666,907.98,8.623337976446752,3.1164049639103455
662547,111.32166666666667,461.8183333333333,845.4883333333333,7.595002470318746,4.148503585705089
662549,98.57166666666667,968.3833333333333,1823.2866666666666,18.497066432206683,9.824155014118324
662553,272.31,1460.3433333333335,3099.7549999999997,11.383184605780176,5.362797302094427
662582,82.685,318.2416666666667,919.925,11.12565761625446,3.8488440063695553
662584,199.85833333333332,1221.85,2367.6833333333334,11.84680815577701,6.113580452820748
662587,199.85833333333332,1221.85,2367.6833333333334,11.84680815577701,6.113580452820748
662596,150.215,1033.145,2140.895,14.25220517258596,6.8777751888959155
662601,140.37333333333333,835.7800000000001,1859.6316666666667,13.247755984042554,5.953979863221885
662605,12.183333333333334,152.02166666666665,388.815,31.913679890560875,12.47783857729138
662610,184.4,733.5533333333333,2195.2366666666667,11.904754157628345,3.9780549530007225
662613,37.38333333333333,182.645,442.55333333333334,11.838252340615249,4.885733392777531
662617,90.46333333333334,337.09666666666664,665.7116666666666,7.358911529533143,3.726334794944544
662620,41.35666666666667,82.32166666666667,227.84666666666666,5.509309260901103,1.990529539775933
662623,96.99333333333334,321.03,845.7566666666667,8.719740188329094,3.30981510756753
662624,92.96499999999999,338.13666666666666,901.84,9.700855160544293,3.63724699259578
662628,75.75333333333333,203.71833333333333,458.27833333333336,6.049612778315586,2.6892325970254336
662630,72.81833333333334,276.71666666666664,628.6483333333333,8.633105216177244,3.800096129637682
662632,84.68833333333333,257.775,534.3283333333334,6.309349969495996,3.0438076870092297
662642,19.101666666666667,138.35166666666666,203.64666666666665,10.661198848268038,7.242910740773056
662651,104.07333333333332,509.5566666666667,921.5616666666666,8.854926013708283,4.896130933316252
662655,41.55166666666666,738.935,1126.71,27.115879828326182,17.783522522161164
662657,39.68,744.8566666666667,1138.8300000000002,28.700352822580648,18.771589381720432
662659,53.45166666666667,212.475,625.895,11.709550684418945,3.975086526768732
662662,50.86333333333334,218.98166666666665,502.63,9.881971295628809,4.3052952355986625
662663,29.88,256.2233333333333,353.6816666666667,11.83673583221776,8.57507809013833
662666,39.36833333333333,231.405,311.8933333333333,7.922441894924008,5.877947589009779
662669,33.00666666666667,254.93666666666667,345.0083333333333,10.452686325994748,7.723793173096344
662679,140.21833333333333,924.9833333333333,1961.325,13.987650212169118,6.596736042600231
662689,131.65666666666667,1037.48,2470.923333333333,18.767931741651264,7.880193432412589
662700,158.05333333333334,730.0683333333333,1616.22,10.225788763286653,4.619126455204993
662702,158.815,728.1483333333333,1612.3833333333334,10.15258844147803,4.584883879566371
662703,166.105,684.89,1552.5616666666667,9.34686894835596,4.123235302971012
662705,166.105,684.89,1552.5616666666667,9.34686894835596,4.123235302971012
662706,166.8,708.175,1572.475,9.427308153477217,4.245653477218225
662710,169.165,702.27,1560.6633333333334,9.225686952580814,4.151390654095114
662711,166.68666666666667,691.935,1539.9983333333332,9.23888133423989,4.15111186657601
662716,160.60333333333335,633.2433333333333,1389.5600000000002,8.652124281355722,3.942902804009879
662718,162.46833333333333,641.7633333333334,1426.4533333333334,8.77988531098368,3.9500825801951156
662721,138.24333333333334,557.1033333333332,1188.9199999999998,8.6001977189979,4.029874858341571
662727,147.45833333333334,591.4466666666667,1290.7916666666667,8.753602712630686,4.010940943769427
662729,141.53,573.6283333333333,1238.0483333333332,8.747603570503308,4.053051178784239
662733,230.11499999999998,1123.1083333333333,2265.1683333333335,9.843636152938025,4.880639390449703
662736,121.46166666666666,648.9716666666667,1862.3933333333334,15.333177820162742,5.3430163151611625
662753,175.13,1401.9866666666667,2763.516666666667,15.779801671139536,8.005405508289082
662757,176.53833333333333,1392.5783333333334,2752.23,15.589985177912258,7.888249011074083
662758,173.68833333333333,1422.055,2787.6066666666666,16.04947559325612,8.187395046683235
662760,176.47166666666666,987.94,2266.6766666666667,12.844422617417338,5.598292454879442
662763,164.97666666666666,717.0550000000001,1727.1850000000002,10.469268381387268,4.346402521568708
662764,162.25166666666667,774.62,1796.09,11.069778430627316,4.7741882466538605
662766,144.265,845.9266666666666,2096.2316666666666,14.530424334846753,5.863699904111646
662769,145.19666666666666,779.5266666666666,2016.5600000000002,13.888473105443193,5.368764204871554
662772,116.70666666666666,634.365,1819.1399999999999,15.58728435964812,5.435550668342283
662775,117.20666666666666,622.6116666666666,1785.1033333333332,15.230390762755247,5.312084068027984
662777,132.87666666666667,697.425,1918.0149999999999,14.434550836615408,5.2486641747986855
662782,159.02833333333334,840.9783333333332,2090.295,13.14416718194871,5.288229560770093
662785,226.34,1971.4216666666666,3857.75,17.044048776177434,8.710001178168536
662787,181.35666666666665,1422.055,2787.6066666666666,15.37085301523701,7.841206094803979
662790,166.71666666666667,1419.2583333333334,2795.82,16.769889033290013,8.51299610116965
662791,167.78333333333333,1419.2583333333334,2795.82,16.663276050461906,8.458875533922718
662792,166.71666666666667,718.1433333333333,1728.4933333333333,10.367849645106467,4.307567729681096
662796,107.22,968.4983333333333,1823.4233333333332,17.00637318908164,9.032814151588633
662799,120.00333333333333,869.2883333333334,1683.635,14.029901947168135,7.243868225882615
662804,120.00333333333333,872.8466666666667,1675.0933333333335,13.958723368795313,7.273520179995001
662808,110.74166666666666,826.0416666666666,1742.1100000000001,15.731296561065545,7.459176762736098
662809,125.095,782.95,1948.6183333333333,15.577108064537619,6.258843279107879
662817,87.54166666666667,361.9116666666667,1040.585,11.886739647786769,4.134164683484055
662821,79.105,327.35333333333335,937.5883333333334,11.852453490087015,4.138212923751133
662822,81.91833333333334,339.565,974.2,11.89233179385974,4.145164900002034
662830,84.28666666666666,349.4483333333334,996.4233333333334,11.821838171320099,4.145950328244879
662831,83.805,347.43333333333334,994.005,11.86092715231788,4.145735139112622
662834,136.55833333333334,646.9733333333334,1857.8,13.604442545920547,4.737706718740465
662835,132.735,636.7866666666666,1827.2283333333332,13.765987368315313,4.797428460215215
662838,147.515,673.935,1938.48,13.140900925329628,4.5685862454665624
662843,103.38000000000001,542.1783333333334,1544.8100000000002,14.943025730315341,5.244518604501193
662844,100.63333333333334,530.4599999999999,1509.6516666666669,15.001507121563433,5.271215634315998
662847,89.17166666666667,281.39500000000004,822.325,9.221819337233427,3.1556548230940327
662850,85.91000000000001,444.62833333333333,1321.05,15.37713886625538,5.175513133899817
662855,157.84833333333333,893.0233333333333,2122.121666666667,13.444054947259502,5.657477114107424
662866,135.90833333333333,765.7883333333334,2064.1466666666665,15.187785885094119,5.634594395732418
662869,116.68833333333333,702.775,2023.7783333333332,17.343450502049617,6.0226672189450525
662874,76.20333333333333,294.31166666666667,772.1533333333333,10.132802589563012,3.862188880626394
662878,31.44333333333333,64.76166666666667,174.23833333333332,5.541344217110145,2.059631082370402
662884,144.89833333333334,529.2633333333333,1570.7533333333333,10.840382337040912,3.6526530095814302
662886,209.84333333333333,996.7066666666667,2792.5716666666663,13.307888424697788,4.749765698219306
662894,186.81,888.8883333333334,2579.185,13.806461110218939,4.758248130899489
662897,338.57666666666665,704.6,2068.2616666666668,6.108695224124522,2.0810648499109017
662899,252.035,713.89,2122.9416666666666,8.42320180398225,2.8325034221437497
662901,247.12333333333333,705.6883333333334,2098.405,8.491326867825784,2.8556119076844224
662906,120.64166666666667,437.35333333333335,1299.1166666666666,10.76839124127927,3.6252262209021207
662914,41.025,93.53999999999999,252.51833333333335,6.155230550477352,2.2800731261425957
662915,51.125,83.87666666666668,226.63833333333332,4.433023634881826,1.6406193969030158
662920,27.711666666666666,60.61333333333334,166.02166666666665,5.991038672039453,2.187285740061346
662921,20.971666666666668,49.376666666666665,132.37,6.311849320511802,2.354446475403322
662923,22.326666666666664,93.1,269.0083333333333,12.048745894296806,4.16990146312332
662927,13.528333333333334,25.759999999999998,71.24,5.265984969816434,1.9041517802143646
662930,32.43,686.4516666666666,1970.135,60.750385445575084,21.16718059410011
662936,23.658333333333335,744.4716666666667,2086.2,88.180345191969,31.467629446988376
662937,24.298333333333336,744.6433333333333,2086.5433333333335,85.87187049866246,30.645860484258176
662939,28.113333333333333,744.5550000000001,2086.365,74.21265117382025,26.484052644059762
662941,20.959999999999997,734.8616666666666,2066.9633333333336,98.6146628498728,35.060194020356235
662944,22.618333333333332,744.6433333333333,2086.5433333333335,92.25009210817186,32.92211332989463
662946,19.598333333333336,734.73,2066.701666666667,105.45292967089037,37.489412364997015
662947,21.348333333333336,734.8616666666666,2066.9633333333336,96.82082910453587,34.42243734873916
662953,4.765,7.88,23.055,4.838405036726129,1.6537250786988458
662956,3.36,14.401666666666667,36.93,10.991071428571429,4.286210317460318
662960,2.4433333333333334,7.54,18.908333333333335,7.7387448840382,3.0859481582537516
662965,6.178333333333333,37.13333333333333,88.21666666666667,14.278392230914488,6.01025087671972
662968,19.646666666666665,734.9449999999999,2067.13,105.21530369867664,37.40812690872073
662969,32.61833333333333,735.0883333333334,2067.4183333333335,63.38209595830566,22.536048234632876
662976,108.6,546.6383333333334,1635.6716666666666,15.061433394720687,5.033502148557399
662980,129.41833333333335,598.4966666666667,1790.9766666666667,13.838662734543018,4.624512240666571
662982,51.05,577.2716666666668,1728.0166666666667,33.84949396016977,11.30796604635978
662985,50.486666666666665,579.7116666666666,1735.3466666666668,34.37237554469827,11.482470619305426
662987,91.225,618.4316666666667,1851.45,20.295423403672242,6.779190645839043
662988,80.94333333333334,635.5716666666667,1902.845,23.50835975785529,7.852056994605279
662992,69.24666666666667,696.7783333333333,2068.57,29.87248483681525,10.06226533166458
662998,54.33166666666667,917.515,2612.3066666666664,48.08073867296542,16.88729715635449
663002,61.405,649.6966666666667,1898.9166666666667,30.92446326303504,10.580517330293407
663003,60.836666666666666,917.4733333333334,2612.1816666666664,42.93761985644622,15.08092707248918
663005,54.23833333333334,917.4483333333334,2612.108333333333,48.15981931598193,16.915127677227055
663015,25.801666666666666,775.785,1358.275,52.64291712421679,30.067243718106067
663016,56.92333333333333,779.4699999999999,1368.59,24.04268899689641,13.693330210224277
663017,25.925,775.785,1358.275,52.39247830279653,29.924204435872706
663020,27.823333333333334,762.565,1342.43,48.248352701569424,27.407391877321196
663021,30.921666666666667,741.9383333333334,1317.6666666666667,42.6130544925349,23.99412493936291
663024,37.56166666666666,164.88,414.7916666666667,11.04295159071749,4.389581576962329
663026,35.34,159.335,403.70166666666665,11.423363516317675,4.508630447085455
663032,9.641666666666667,156.085,396.9533333333333,41.17061365600691,16.1885911840968
663033,8.29,678.6983333333334,1218.63,147.00000000000003,81.86952151186169
663034,8.84,680.1616666666666,1242.6383333333333,140.5699472096531,76.94136500754148
663038,21.316666666666666,638.48,1158.695,54.35629397967162,29.952150117279125
663040,38.913333333333334,521.15,1017.8966666666668,26.15804351550454,13.392581805722116
663041,31.05666666666667,573.5183333333333,1080.7516666666666,34.799345282816354,18.466834818074485
663057,81.01,846.51,2399.4166666666665,29.618771345101425,10.449450685100604
663063,95.31,808.2733333333333,2291.741666666667,24.04513342426468,8.480467247228342
663064,115.24166666666666,915.5116666666667,2551.56,22.140950177163933,7.944276520355775
663067,114.82833333333333,790.16,2245.616666666667,19.556294178266107,6.881228500515261
663068,120.38666666666667,804.61,2290.33,19.024781260383207,6.683547458190276
663069,123.20166666666667,812.1,2312.7966666666666,18.772446260196695,6.591631606715278
663074,41.818333333333335,884.8633333333333,2463.7683333333334,58.91598581164561,21.159698696743853
663081,120.025,795.8666666666667,2305.773333333333,19.210775532875093,6.630840797056169
663082,119.74,856.6133333333333,2446.26,20.429764489727745,7.15394465786983
663085,37.53333333333333,1038.74,2920.976666666667,77.82353463587923,27.675133214920073
663086,259.88666666666666,1797.4833333333333,3481.7283333333335,13.397102583177283,6.91641228227689
663096,235.675,1971.4216666666666,3857.75,16.36894027792511,8.36500123758
663097,239.86,1971.4216666666666,3857.75,16.083340281831067,8.219051391089247
663099,273.28499999999997,1916.15,3692.585,13.511846607021974,7.011544724371994
663111,273.2883333333333,1909.8416666666667,3801.27,13.909375323986268,6.988376135095413
663122,265.0683333333333,1887.8766666666668,3751.3766666666666,14.152488980828842,7.122226344150251
663123,269.1633333333333,1907.1216666666667,3790.01,14.080706881818973,7.085369478259794
663125,256.815,1853.9883333333335,3643.8716666666664,14.188702632893976,7.21915905742785
663126,273.47333333333336,1923.8633333333335,3737.5783333333334,13.667066868189464,7.034921137953731
663133,247.2133333333333,1813.0983333333331,3528.4483333333333,14.272888463405426,7.334144598457472
663138,275.35166666666663,1982.8583333333333,3920.3716666666664,14.23768998432308,7.201185151109794
663141,259.07166666666666,1863.475,3653.3866666666668,14.10183797276172,7.1928938581988255
663149,296.005,1986.6883333333333,3937.3533333333335,13.301644679425461,6.711671537079892
663154,255.64333333333335,1849.2866666666666,3636.2466666666664,14.223905701954545,7.233854458685929
663155,262.6716666666667,1879.57,3726.586666666667,14.187242628630166,7.155587139838708
663156,254.04333333333335,1842.355,3615.44,14.231587786860509,7.252128901893378
663157,256.7133333333333,1853.9133333333334,3649.855,14.217629262212066,7.221725919962605
663158,209.17833333333334,1568.0283333333332,3419.1,16.345383126040776,7.496131689865903
663167,288.0,1559.2666666666667,3393.4266666666667,11.782731481481482,5.41412037037037
663169,289.15166666666664,1554.7433333333333,3379.851666666667,11.68885417687373,5.376912923436951
663178,288.96666666666664,1478.4333333333334,3151.0583333333334,10.904573768600763,5.116276387126543
663182,269.2966666666667,1473.0600000000002,3134.875,11.640972162051764,5.470026860092339
663183,264.2133333333333,1473.0316666666665,3135.0183333333334,11.865481176826808,5.5751602240613645
663185,262.92833333333334,1490.0166666666667,3185.7683333333334,12.116489284152209,5.667006852310832
663186,275.68333333333334,1461.3916666666667,3079.6266666666666,11.170884468895471,5.300979384559579
663202,219.28166666666667,1605.8166666666666,3462.1983333333333,15.788818034643418,7.323077624668425
663207,198.29333333333335,1551.4733333333331,3332.2066666666665,16.804431145777297,7.824132598171058
663208,182.95833333333334,1537.525,3296.141666666667,18.015805055795948,8.403689364609429
663209,194.755,1569.145,3390.6433333333334,17.409788366580234,8.05702035891248
663210,220.82999999999998,1614.78,3486.2833333333333,15.787181693308579,7.312321695421818
663216,145.20333333333335,1365.8866666666665,2715.836666666667,18.703679897155713,9.406717017515666
663218,119.32166666666667,1328.03,2639.561666666667,22.121394549746483,11.129831128741635
663219,124.30166666666668,1593.4166666666667,3427.2183333333332,27.571781016612807,12.818948525763934
663226,175.22166666666666,1516.9133333333334,3234.4533333333334,18.459208811695664,8.657110517154463
663229,253.69,2155.7033333333334,4213.091666666666,16.607243748932422,8.49739182992366
663232,277.97166666666664,1565.54,3411.4716666666664,12.272731633319943,5.632012855027192
663233,280.43666666666667,1572.115,3431.2216666666664,12.235281881827149,5.605953810129441
663252,95.45,765.7166666666667,1903.6033333333332,19.94346079972062,8.022175659158373
663260,81.28333333333333,789.3316666666667,1974.4666666666667,24.29116259995899,9.710867336477344
663261,71.28666666666666,825.7583333333333,2083.225,29.223206770784625,11.583629477228094
663262,73.74666666666667,801.875,2012.1083333333333,27.284058036521422,10.873372807810522
663264,66.99833333333333,818.6133333333333,2061.7766666666666,30.773551580885094,12.218413393367994
663265,65.13833333333334,686.52,2013.305,30.90814420592073,10.53941611442315
663267,67.06,818.7166666666667,2062.0866666666666,30.74987573317427,12.208718560493091
663268,76.39666666666668,834.285,2108.7933333333335,27.603211309393952,10.920437191849555
663269,76.39666666666668,834.285,2108.7933333333335,27.603211309393952,10.920437191849555
663270,65.93333333333334,816.8433333333334,2056.4633333333336,31.190040444893835,12.388928210313448
663271,60.66,823.7033333333333,2077.5783333333334,34.24956039125179,13.579019672491482
663274,66.68833333333333,818.0983333333334,2060.2316666666666,30.893434633744032,12.267488066378428
663276,46.093333333333334,848.0033333333333,2150.315,46.65132340179346,18.39752675730402
663278,80.15166666666667,871.5333333333333,2220.89,27.708594123640594,10.873552223908838
663280,82.39666666666668,1066.0366666666666,2180.7766666666666,26.466806909664626,12.937861563979123
663283,85.66666666666667,880.7266666666667,2248.476666666667,26.246809338521402,10.280856031128405
663286,48.961666666666666,864.4166666666666,2199.555,44.92402219423358,17.654968172379753
663287,51.166666666666664,839.5300000000001,2124.9933333333333,41.53081433224756,16.407752442996745
663290,33.055,874.7766666666666,2221.9416666666666,67.21953310139666,26.46427671053295
663293,32.08166666666667,878.6550000000001,2229.6916666666666,69.50049353213153,27.388072107641953
663298,29.69,937.3016666666666,2360.6216666666664,79.50898169978667,31.569608173346804
663299,30.951666666666664,889.59,2247.2766666666666,72.60599859996769,28.741263259921386
663301,24.621666666666666,914.4416666666667,2302.2166666666667,93.50368916266162,37.13971434373519
663307,27.375,931.9783333333332,2342.4866666666667,85.5702891933029,34.044870624048706
663310,26.053333333333335,948.3366666666666,2353.685,90.34103121801432,36.39982088024564
663314,65.835,1571.5233333333333,2622.4950000000003,39.834358623832316,23.870636186425664
663321,99.33500000000001,665.1800000000001,1699.8816666666667,17.112615560141606,6.696330598479891
663324,248.645,1590.4883333333335,3486.8083333333334,14.023239290286687,6.396623030156784
663325,254.88166666666666,1310.1833333333334,2653.1966666666663,10.409523373591666,5.140359251678884
663334,256.00666666666666,1414.3633333333335,2962.9033333333336,11.57353975156897,5.524712898101613
663336,249.49833333333333,1301.1966666666667,2626.266666666667,10.526189219700868,5.215251938890708
663337,252.09666666666666,1305.535,2639.26,10.469237990717847,5.178707903053062
663342,236.15333333333334,1257.9466666666667,2498.0049999999997,10.577894305959404,5.326821556615759
663346,250.37833333333336,1370.3083333333334,2802.7516666666666,11.19406631297969,5.472950934252831
663351,257.84333333333336,1417.87,2974.8433333333332,11.537406435432366,5.498959316380747
663357,228.285,1598.2350000000001,3615.725,15.838644676610377,7.001051317432158
663367,219.25333333333336,1341.2683333333334,2855.6600000000003,13.02447701289224,6.117436450985162
663370,196.25666666666666,1243.7633333333333,2563.6299999999997,13.062639061093465,6.337432274062877
663373,203.935,1264.1850000000002,2481.9716666666664,12.170405603092487,6.198960453085543
663374,203.94,1278.6333333333334,2435.36,11.941551436697068,6.269654473537969
663376,251.20666666666665,1361.7483333333332,2817.661666666667,11.216508319842893,5.420828799660306
663377,225.80666666666667,1326.4283333333333,2731.883333333333,12.098328953972423,5.874177024593309
663382,213.05666666666667,1291.0216666666668,2692.1549999999997,12.635863698233646,6.059522505749644
663384,266.5783333333333,1425.595,2894.116666666667,10.856533726797002,5.347752693079583
663387,83.20333333333333,1325.8899999999999,2165.1666666666665,26.022595248587795,15.935539441528784
663392,103.24,1285.8816666666667,2119.5566666666664,20.530382280769725,12.455266046751905
663393,110.21833333333333,1297.5133333333333,2154.4483333333333,19.547095915682508,11.77220970497951
663396,101.18,1508.0149999999999,2492.0333333333333,24.629702839823416,14.90427950187784
663397,108.35833333333333,1519.9816666666666,2527.915,23.329216334691992,14.027362916250095
663404,119.76833333333335,1313.4266666666667,2202.165,18.386871877652688,10.966393454029307
663406,106.44833333333332,1280.0766666666668,2114.14,19.860714900812603,12.025333103696632
663409,132.57,1334.775,2266.188333333333,17.094277237182872,10.068454401448292
663412,150.32666666666668,1415.7583333333334,2354.0833333333335,15.659785356335092,9.417878841633774
663416,158.90833333333333,900.2983333333334,1511.6583333333333,9.512769416330169,5.665519953851802
663418,136.255,1340.93,2284.6383333333333,16.767372451163872,9.841326923782614
663421,25.25,1560.24,2568.7516666666666,101.7327392739274,61.79168316831683
663427,70.80833333333334,1555.85,2555.645,36.0924326232788,21.972696245733786
663429,33.913333333333334,1566.4016666666669,2587.2483333333334,76.29000393159033,46.18837232160409
663432,66.05833333333334,1502.5483333333332,2441.17,36.95476220512173,22.745780244733186
663435,59.818333333333335,1505.6233333333332,2451.8533333333335,40.98832576411914,25.16993118051879
663439,90.32666666666667,1526.7783333333332,2514.07,27.833087312716806,16.902852609048637
663443,96.67333333333333,1537.3683333333333,2545.7716666666665,26.333752844631405,15.90271360595821
663445,92.08666666666666,1529.725,2522.851666666667,27.396492434663003,16.61179685803229
663447,95.59833333333333,1535.5766666666668,2540.4033333333336,26.57371990446138,16.062797468575116
663452,111.265,1561.645,2618.311666666667,23.532212885154063,14.03536601806498
663456,171.84,889.13,1456.2983333333332,8.474734248913718,5.17417364990689
663458,65.31666666666666,556.8116666666666,1179.2166666666667,18.05384026537382,8.524802245470783
663459,64.415,492.35833333333335,1001.435,15.54661181401847,7.643535408419363
663464,68.065,441.8233333333334,929.81,13.66061852640858,6.491197139988738
663465,216.66833333333335,1089.3666666666666,1966.3383333333334,9.075337882016292,5.027807478404012
663467,210.665,1081.3483333333334,1942.695,9.22172643770916,5.133023204297503
663472,78.91000000000001,707.6033333333332,2117.67,26.836522620707132,8.967220039707682
663489,78.86666666666666,382.53,1123.9833333333333,14.251690617075234,4.850338123415047
663493,117.295,383.90333333333336,1131.225,9.644272986913338,3.272972704150504
663498,95.84833333333333,327.38,963.1866666666666,10.049070580257004,3.415604514076058
663499,68.39666666666668,387.34666666666664,862.7,12.613187777182123,5.663238949266533
663501,72.8,376.15333333333336,1109.53,15.240796703296704,5.166941391941393
663502,91.775,375.64666666666665,1108.01,12.073113593026422,4.093126305275583
663510,3.8883333333333336,15.418333333333333,43.975,11.309472781825974,3.9652807543934845
663513,63.001666666666665,376.3833333333333,840.775,13.345281870849977,5.9741805772334065
663515,55.42333333333333,326.80333333333334,741.6016666666667,13.380676008901185,5.896493654898659
663519,75.56166666666667,352.3616666666667,829.2283333333332,10.974193263780133,4.66323312085052
663522,54.11666666666667,388.31,937.0949999999999,17.31619956883277,7.175423467816446
663529,113.13833333333334,310.30833333333334,796.5716666666667,7.0406876537572005,2.7427338214280454
663532,47.218333333333334,281.71,651.4583333333334,13.796724436130035,5.966114856517595
663545,82.33166666666666,324.7033333333333,970.4616666666666,11.787222413409177,3.9438450171056094
663553,104.22666666666667,402.02333333333337,1181.3683333333333,11.33460726621466,3.8572022515031343
663555,28.078333333333333,154.19166666666666,460.09000000000003,16.385944085000297,5.4914821629963795
663557,36.65833333333333,197.64666666666665,590.8716666666667,16.118345078426916,5.391588997499431
663561,44.968333333333334,109.99166666666666,328.31333333333333,7.300989585263704,2.4459805047996737
663562,32.596666666666664,81.41333333333334,243.67333333333332,7.475406483280499,2.497596891297679
663563,44.73833333333334,109.60833333333333,327.165,7.312856238125396,2.4499869612189396
663564,29.55,84.21499999999999,251.15833333333333,8.499435984207558,2.849915397631133
663570,33.46,82.85666666666665,248.00833333333333,7.412084080494122,2.4762900976290094
663571,36.16833333333333,87.37833333333333,261.57166666666666,7.232063038569652,2.41587945255979
663575,27.941666666666666,81.56333333333333,243.95166666666668,8.730748583358187,2.9190575603936773
663579,36.651666666666664,93.38166666666666,279.56333333333333,7.627574917011505,2.5478150152335046
663586,45.73833333333334,111.22333333333333,331.89166666666665,7.256313085304084,2.431731224720329
663599,20.63,120.09166666666667,312.63,15.154144449830344,5.821215058975603
663600,48.86333333333334,196.24666666666664,544.3349999999999,11.139948154717237,4.016235759601609
663606,55.32333333333334,174.05666666666667,450.54,8.14376092064831,3.1461709947580885
663612,57.22,174.05666666666667,450.54,7.873820342537575,3.0418851217523013
663614,52.41166666666666,211.645,590.5083333333333,11.266734505676219,4.0381276433364075
663618,66.35666666666667,273.415,802.5550000000001,12.094564725975788,4.120384789270106
663631,45.14333333333333,227.73999999999998,681.1383333333334,15.088348224174853,5.044820202318541
663633,98.20833333333333,286.42833333333334,740.2883333333334,7.537938056851932,2.916537971998303
663638,65.82333333333334,269.3,793.2883333333334,12.051780017217805,4.091254367752064
663639,65.82333333333334,273.67833333333334,803.185,12.202131969413074,4.157770800627944
663641,89.17166666666667,354.35999999999996,1059.4533333333334,11.88105339887483,3.973908005158589
663648,102.33999999999999,695.2,1200.96,11.735000977135043,6.793042798514756
663650,160.13500000000002,662.545,1490.8366666666666,9.309873960512483,4.137415305835701
663651,227.77,809.81,1931.6216666666667,8.48057982467694,3.555384818018176
663656,196.59666666666666,756.3816666666667,1772.0449999999998,9.013606537920277,3.8473778802624663
663661,175.91333333333333,628.035,1389.2516666666668,7.897364232387162,3.570138704665176
663662,175.59166666666667,661.8,1499.73,8.541008969673959,3.7689715723031654
663663,175.77,692.105,1522.2516666666668,8.660474862983824,3.9375604483131363
663670,150.17000000000002,614.0166666666667,1348.3683333333333,8.978946083327783,4.088810459257286
663673,153.00833333333333,640.8583333333333,1427.915,9.332269484232885,4.188388432002615
663674,114.11666666666666,287.5933333333333,789.1,6.914853220388492,2.520169417263035
663680,82.77166666666668,239.50166666666667,645.0516666666666,7.793145802710266,2.8935223405754784
663787,90.06166666666667,271.8183333333333,681.1516666666666,7.563169680034051,3.0181357218202343
663790,60.39833333333333,222.13333333333333,532.77,8.820938767626037,3.6778056789646514
663794,41.17333333333333,88.41333333333334,263.11833333333334,6.390503562176166,2.1473445595854925
663797,36.36333333333334,170.96,427.2883333333333,11.750527087725729,4.701439178659822
663798,33.82,163.87166666666664,394.34000000000003,11.659964518036665,4.845407056968263
663799,35.211666666666666,170.325,402.0866666666667,11.419131916504947,4.837175178681308
663803,11.123333333333333,87.59166666666667,260.9766666666667,23.46209169913096,7.874587953251424
663809,19.866666666666667,83.075,248.09666666666666,12.488087248322147,4.181627516778524
663810,14.981666666666666,52.51166666666666,155.87166666666664,10.404160640783179,3.505061742129269
663811,12.585,28.373333333333335,82.605,6.563766388557807,2.254535823069792
663812,20.496666666666666,42.983333333333334,127.76,6.233208651813303,2.097088957554074
663813,6.241666666666666,10.398333333333333,30.15,4.830440587449933,1.6659546061415222
663818,34.93833333333334,166.975,419.72833333333335,12.013404569956588,4.779134665839812
663819,6.6016666666666675,25.563333333333333,75.75,11.474375157788437,3.8722544811916175
663824,29.045,121.11999999999999,360.57166666666666,12.414242267745452,4.170080908934412
663826,144.93833333333333,420.59166666666664,1251.7033333333334,8.636109609834067,2.9018663109598335
663828,151.05833333333334,475.03333333333336,1421.535,9.410503668560711,3.144701274342142
663830,115.18666666666667,339.76166666666666,1016.7,8.826542423891654,2.9496614191457344
663841,126.59166666666667,522.095,1314.9216666666666,10.387110789283128,4.124244618524126
663842,126.60666666666665,451.195,1339.6183333333333,10.580946237691538,3.5637538834184617
663843,90.22333333333333,377.175,1129.2083333333333,12.51570177707171,4.180459600251229
663844,129.57666666666668,495.92,1106.7116666666666,8.540979600236666,3.8272322691842664
663846,132.98333333333332,491.7116666666667,1168.4399999999998,8.786364206040856,3.6975435518235376
663856,49.205000000000005,702.4616666666666,1309.4016666666669,26.61115062832368,14.27622531585543
663857,49.205000000000005,702.4616666666666,1309.4016666666669,26.61115062832368,14.27622531585543
663859,61.725,610.3216666666667,1191.4283333333333,19.302200621034157,9.88775482651546
663867,191.895,594.9883333333333,1780.8316666666665,9.280240061839372,3.1005932063541692
663869,128.10833333333332,451.0866666666667,1339.3583333333333,10.454888440772784,3.521134456514669
663871,71.22833333333332,340.9816666666667,800.9983333333333,11.245501556028735,4.787163347918666
663876,75.08999999999999,217.22666666666666,650.37,8.661206552137436,2.8928840946419854
663878,71.01166666666667,210.44166666666666,630.0066666666667,8.871875513413288,2.963480179313258
663881,81.695,247.29,723.5216666666668,8.856376359222313,3.02699063590183
663882,75.01166666666667,217.09666666666666,649.98,8.665052103006198,2.8941720176861376
663883,84.07,253.32833333333335,741.3083333333333,8.817751080448833,3.0133024067245553
663896,61.365,196.57833333333335,588.4916666666667,9.590021456313316,3.2034275781525845
663899,101.05833333333334,302.18666666666667,904.41,8.949385668343366,2.9902201698688877
663906,80.78166666666667,248.01000000000002,742.1266666666667,9.186820441931957,3.0701272978604885
663908,97.81833333333334,322.12,947.4233333333334,9.685539520539775,3.293043226389054
663916,98.56166666666667,292.2433333333333,857.7800000000001,8.702977831137867,2.9650810829091765
663918,99.93166666666666,295.94166666666666,868.19,8.687836688403744,2.961440317550326
663920,90.57666666666667,271.0266666666667,794.67,8.773451587973355,2.992234939093954
663922,90.56666666666666,270.99833333333333,794.5866666666666,8.7735001840265,2.992252484357748
663927,181.90833333333333,646.8216666666667,1935.2983333333332,10.638865729075999,3.555756104264969
663930,120.295,496.24666666666667,1485.175,12.346107485764163,4.125247655070175
663947,182.34,744.7900000000001,2228.5899999999997,12.222167379620487,4.08462213447406
663953,208.12,719.7966666666667,2154.1383333333333,10.350462873982957,3.4585655711448524
663957,71.78166666666667,704.4733333333334,2088.2850000000003,29.092177668392583,9.81411223850101
663963,118.52,461.9933333333333,1361.4816666666666,11.487357970525368,3.89802002474969
663965,115.59833333333333,606.9866666666666,1769.0683333333334,15.3035799247394,5.2508254155913425
663969,146.24166666666667,739.1983333333334,2008.305,13.732782494729044,5.054635591771611
663976,156.015,611.0283333333333,1771.6966666666667,11.35593799741478,3.916471706780331
663983,160.54333333333335,695.36,1874.6266666666668,11.676764321159396,4.331291655420135
663984,160.625,714.5333333333333,1931.8566666666666,12.027123216601815,4.448456549935149
663986,148.77333333333334,618.0883333333334,1773.2,11.918802652805162,4.154563989962359
663987,153.61833333333334,630.9783333333332,1811.9033333333332,11.794837855724685,4.107441603107267
664000,58.39,237.585,668.31,11.445624250727864,4.06893303647885
664005,77.63333333333334,305.52166666666665,895.5533333333333,11.535680549592097,3.9354443967367962
664008,91.76166666666667,371.60999999999996,1091.32,11.89298363514176,4.049730279528488
664012,69.03500000000001,276.135,824.7516666666667,11.946862702493902,3.9999275729702317
664015,80.49833333333332,316.7916666666667,946.7199999999999,11.760740387999752,3.9353816849210137
664016,81.30666666666666,320.27166666666665,957.1633333333334,11.772261397179406,3.9390578878320763
664020,80.58,317.15,947.795,11.762161826756019,3.9358401588483494
664021,86.98333333333333,344.87333333333333,1030.9816666666668,11.852634604330333,3.9648208469055373
664025,88.98833333333333,353.565,1057.0666666666666,11.878710692412863,3.9731612758226733
664026,99.14333333333335,360.19166666666666,1076.7083333333333,10.860118347174122,3.633039706821773
664027,87.49499999999999,347.0883333333333,1037.63,11.859306246071206,3.96695049240909
664032,80.87833333333333,273.17333333333335,663.8533333333332,8.20804912728996,3.3775836132462342
664033,82.10333333333332,276.18666666666667,670.4150000000001,8.16550282164752,3.363891031626812
664034,77.23666666666666,267.85,635.705,8.230611540287429,3.4679124768029004
664038,81.51666666666667,261.29333333333335,660.9483333333334,8.108137395215703,3.2053976691883053
664039,95.48833333333333,376.87666666666667,982.6,10.290262335712915,3.9468346918471715
664044,133.70833333333334,438.90999999999997,1070.2733333333333,8.004537239015269,3.282592708008725
664045,138.62166666666664,458.55333333333334,1109.555,8.004196073244925,3.307948492900341
664048,141.435,475.7933333333333,1156.4183333333335,8.176323635120964,3.3640423751782325
664050,99.83,382.28333333333336,973.3683333333333,9.750258773247856,3.829343216801897
664052,108.34166666666667,405.05,1006.605,9.291023767402507,3.738635489577725
664058,90.98166666666665,362.27000000000004,760.6116666666666,8.360054223378336,3.9817912033559884
664062,94.14,343.9,784.8383333333334,8.3369272714397,3.6530698958997236
664085,137.19333333333333,507.69166666666666,1311.775,9.561506875941495,3.700556392438894
664086,138.23166666666665,510.4616666666667,1320.09,9.549837832623977,3.6927983216580866
664091,65.445,236.91333333333333,425.26666666666665,6.498077265897574,3.620037181348206
664095,46.95166666666667,176.94333333333333,334.705,7.12871392566824,3.7686273117745195
664096,42.01166666666666,187.67833333333334,307.56166666666667,7.320863252271195,4.467290831911771
664098,47.46666666666667,227.20666666666665,343.685,7.2405547752808985,4.786657303370786
664104,25.476666666666667,69.28500000000001,207.70833333333334,8.152884992803873,2.7195472981813427
664108,87.33666666666666,358.98499999999996,1066.415,12.210392733101791,4.110358383267814
664123,150.38166666666666,818.5316666666666,2228.4783333333335,14.818816566735752,5.443028294672445
664128,143.125,917.8866666666667,2002.7733333333333,13.99317612809316,6.413181950509461
664138,135.56833333333333,887.2733333333333,1965.9,14.50117406965737,6.544842084557604
664139,140.77333333333334,866.95,1941.5116666666665,13.791757435120287,6.158481720022731
664142,158.82999999999998,910.6650000000001,1993.9666666666667,12.554093475204098,5.733583076245043
664144,142.92666666666668,917.8866666666667,2002.7733333333333,14.012593870982787,6.4220812537898215
664151,135.755,810.0366666666666,1873.2633333333333,13.798853326458204,5.966901157722859
664157,142.82833333333335,913.205,1997.1566666666665,13.982916554838557,6.393724401087552
664159,156.87333333333333,904.6366666666667,1986.7333333333333,12.664570141515448,5.766669499808763
664171,158.82999999999998,1074.7766666666666,2190.8483333333334,13.793668282650215,6.766836659741023
664174,158.82999999999998,1070.25,2185.415,13.759459799785935,6.738336586287226
664175,158.82999999999998,1070.25,2185.415,13.759459799785935,6.738336586287226
664176,158.82999999999998,1070.25,2185.415,13.759459799785935,6.738336586287226
664179,158.82999999999998,1070.25,2185.415,13.759459799785935,6.738336586287226
664180,158.82999999999998,910.6650000000001,1993.9666666666667,12.554093475204098,5.733583076245043
664182,158.82999999999998,1070.25,2185.415,13.759459799785935,6.738336586287226
664187,158.82999999999998,917.8866666666667,2002.7733333333333,12.609540598963253,5.779050976935508
664191,115.565,962.8833333333333,2056.628333333333,17.796290687780324,8.33196325300336
664199,158.82999999999998,1074.7766666666666,2190.8483333333334,13.793668282650215,6.766836659741023
664206,153.29500000000002,1021.0633333333334,2126.4466666666667,13.8715983343662,6.660773889124455
664221,156.54166666666666,1059.5449999999998,2172.5783333333334,13.878594623369711,6.768453553367047
664222,160.88,1077.6183333333333,2194.2783333333336,13.63922385214653,6.698274075915797
664225,185.47166666666666,1174.6899999999998,2324.7283333333335,12.534142681272073,6.3335280321342875
664226,183.93666666666667,1169.5516666666667,2309.226666666667,12.554466211195884,6.358447654083833
664231,197.05166666666668,1210.1466666666668,2353.635,11.944253199245546,6.141265827067351
664234,253.68166666666667,1219.7233333333331,2452.7850000000003,9.668751519292552,4.8080862498275385
664236,247.325,1230.3316666666665,2484.635,10.046032548266453,4.97455439873311
664239,127.71000000000001,776.475,1833.1116666666667,14.353705008743768,6.079985905567301
664240,183.31333333333333,1168.9316666666666,2307.4433333333336,12.587427719387572,6.376686547623377
664242,178.03,1149.0600000000002,2280.015,12.80691456496096,6.454305454136944
664243,175.53,1138.6466666666668,2267.51,12.918076682048653,6.486906321806339
664246,158.82999999999998,1070.25,2185.415,13.759459799785935,6.738336586287226
664249,22.243333333333332,632.3016666666666,1151.2833333333333,51.75857934961786,28.426569758729208
664250,26.423333333333336,771.895,1353.6066666666666,51.22770278793995,29.212627728018163
664251,279.71666666666664,1920.57,3808.9966666666664,13.617338973961747,6.866126437466485
664256,112.33333333333333,434.455,1300.7949999999998,11.579777448071216,3.867551928783383
664259,83.91333333333334,253.04666666666665,740.2883333333334,8.822058473027727,3.0155716215142605
664262,109.63333333333334,546.6416666666667,1634.3283333333334,14.907221039829736,4.986089996959562
664263,107.01833333333335,569.755,1703.0933333333335,15.914033421064927,5.323900889255734
664270,119.40333333333334,2119.5516666666667,5406.413333333333,45.27857960414282,17.75119343401915
664274,69.16333333333334,207.35666666666665,620.7633333333334,8.975324112005397,2.9980721962504213
664277,99.11833333333334,407.5866666666667,1177.51,11.879840594575507,4.11212187452708
664280,99.11833333333334,407.5866666666667,1177.51,11.879840594575507,4.11212187452708
664281,186.94666666666666,603.0366666666666,1647.5666666666666,8.813030454318522,3.2257149989301763
664285,235.92000000000002,1610.96,3653.9433333333336,15.488060924607211,6.8284164123431665
664287,241.40666666666667,1345.7066666666665,2757.9216666666666,11.424380713042998,5.574438706470409
664581,39.95166666666667,170.02833333333334,508.98833333333334,12.740102624004004,4.25585081974052
664582,7.795,17.666666666666668,51.635,6.6241180243745985,2.2664100919392776
664583,62.35333333333333,390.27166666666665,868.5433333333333,13.929380947289639,6.259034534373997
664588,113.13833333333334,310.30833333333334,796.5716666666667,7.0406876537572005,2.7427338214280454
665986,89.10666666666665,251.37333333333333,752.725,8.447459973065989,2.8210384557833312
665988,443.425,,,,
665996,1739.9183333333335,3583.086666666667,3602.851666666667,2.070701594231913,2.0593418656622773
665997,0.0,0.08166666666666668,0.19499999999999998,,
666001,441.8283333333333,,,,
666128,31.38,129.12666666666667,384.1766666666666,12.242723603144253,4.114935202889314
666132,33.085,152.25666666666666,453.46,13.705909022215504,4.601984786660621
668224,8.055,13.379999999999999,39.538333333333334,4.908545416925305,1.6610800744878957
669159,140.70333333333335,636.4416666666667,1397.1,9.929402288502995,4.523287768591126
672909,23.111666666666668,127.87166666666667,380.50166666666667,16.46361866301291,5.532775654431384
672910,22.058333333333334,121.90833333333333,362.6316666666667,16.43966754816774,5.526633925198338
672914,71.78,216.7,646.6333333333333,9.008544627101328,3.0189467818333795
672920,23.83833333333333,120.56333333333333,346.15,14.520729916800672,5.057540376144865
673613,48.961666666666666,864.315,2199.25,44.91779283112639,17.65289171801069
673616,88.65166666666667,885.6983333333334,2263.39,25.531274087721606,9.990769115075858
674018,114.57666666666667,752.8983333333333,1805.0133333333333,15.753760218776366,6.571131411282111
674156,19.30666666666667,33.10666666666667,97.67,5.058874309392265,1.714779005524862
674160,87.31,312.81333333333333,827.675,9.479727408086129,3.582789294849769
674161,88.68166666666666,315.09666666666664,834.5233333333333,9.41032532090436,3.553120712661392
674270,145.44666666666666,587.24,1267.66,8.715634596873999,4.037493697575286
674271,154.36833333333334,626.4983333333333,1231.2966666666666,7.976355254208008,4.0584640632254025
674272,167.83333333333334,1419.2583333333334,2795.82,16.658311817279046,8.45635551142006
674275,165.35166666666666,802.3716666666667,2314.6766666666667,13.998508229934181,4.852516354033323
674276,157.63500000000002,781.7883333333334,2252.9083333333333,14.291929668749535,4.959484463052833
674281,118.14333333333335,637.9633333333334,1829.345,15.484115340123578,5.399909714188979
674286,77.39833333333333,368.71666666666664,1087.215,14.047007902840285,4.763883804560821
674298,69.475,237.495,578.1783333333333,8.322106273239774,3.418423893486866
674402,29.065,912.9616666666666,2299.1200000000003,79.10270084293825,31.41103274270313
674435,118.08333333333333,828.1683333333333,1895.34,16.050868031051518,7.013422724064926
674639,74.955,305.205,869.9433333333333,11.606208169346052,4.071843105863518
674642,84.87833333333333,351.9183333333333,999.385,11.774324032438589,4.146150372101243
674644,74.955,399.84166666666664,1057.265,14.10532986458542,5.334422875947791
674648,85.33833333333334,353.8316666666667,1001.6816666666667,11.737769271331757,4.146221901060485
674650,158.82999999999998,1070.25,2185.415,13.759459799785935,6.738336586287226
674651,183.93666666666667,1169.5516666666667,2309.226666666667,12.554466211195884,6.358447654083833
674667,85.99499999999999,295.9616666666667,811.435,9.43583929298215,3.4416148225672045
674943,95.44666666666667,639.2366666666666,1668.7583333333334,17.483673255570302,6.697317873856253
674944,95.6,640.2616666666667,1669.9883333333335,17.468497210599722,6.697297768479777
674947,120.87666666666668,749.4033333333333,1854.7533333333333,15.344180018200367,6.199735267352397
674950,123.33833333333334,755.7333333333333,1872.4,15.18100617542532,6.1273191627366455
675043,29.053333333333335,875.0083333333333,2222.4049999999997,76.49397659476823,30.117312987608994
675044,29.029999999999998,875.0083333333333,2222.4049999999997,76.55545986910093,30.14152026639109
675159,147.48333333333332,673.8833333333333,1938.3233333333333,13.142660187591819,4.569216860662222
675163,123.57333333333332,623.5583333333333,1865.625,15.097310638757014,5.046059020284851
675165,76.78666666666666,531.89,1518.4216666666666,19.774548532731377,6.9268536204202125
675169,110.325,786.8433333333334,2355.366666666667,21.349346627388776,7.132049248432661
675212,78.73666666666666,1089.675,2210.07,28.069133398247324,13.83948605054824
675231,58.89833333333333,826.6416666666667,2086.3933333333334,35.42363960496902,14.03506041483913
675317,39.59166666666667,142.825,425.255,10.741022942538413,3.6074510629341185
675319,40.013333333333335,153.67000000000002,401.6433333333333,10.037737420859713,3.8404698433855384
675321,58.36666666666667,237.48,667.9966666666667,11.444831524842947,4.068760708166762
675322,58.36666666666667,237.48,667.9966666666667,11.444831524842947,4.068760708166762
675353,156.63500000000002,616.56,1365.2483333333332,8.716112831316966,3.936284993775337
675378,123.26833333333335,767.4233333333334,1900.4550000000002,15.417219886156218,6.225632427901191
675437,120.67,660.4266666666666,1888.7466666666667,15.652164304853457,5.472997983481119
675501,83.90666666666667,580.5366666666666,1576.4983333333332,18.7887136500874,6.918838391863975
675511,20.55666666666667,44.559999999999995,110.5,5.375385114318145,2.167666612615534
675622,82.35166666666667,875.2,2231.895,27.102001578595857,10.627593046082856
675623,94.12333333333332,987.89,2086.9983333333334,22.173017671848996,10.495697134964765
675624,121.21166666666666,807.35,1870.3583333333333,15.43051411442793,6.6606624774842915
675739,21.53666666666667,907.8683333333333,2289.6266666666666,106.3129546509828,42.15454264045813
675741,20.970000000000002,909.34,2292.58,109.32665712923222,43.36385312350977
675848,112.93,436.045,1305.5633333333333,11.560819386640691,3.8611972018064287
675850,126.59166666666667,522.095,1314.9216666666666,10.387110789283128,4.124244618524126
675851,75.83833333333334,291.7316666666667,820.7183333333334,10.821945805771048,3.8467573566578026
675853,47.245,380.6166666666667,897.3050000000001,18.992591808657004,8.056231700003528
675868,97.195,404.71500000000003,1211.7483333333332,12.467187955484679,4.163948762796441
675874,122.00666666666666,505.81,1513.865,12.408051472597126,4.145757062455604
675877,109.21666666666667,548.4633333333334,1639.7783333333332,15.013993590721805,5.02179154585686
675879,108.985,549.4716666666667,1642.805,15.073679864201496,5.041718279273907
675934,61.61,840.61,2128.2116666666666,34.54328301682627,13.64405129037494
675936,78.99499999999999,793.1433333333333,1985.905,25.139629090448764,10.040424499440894
676133,99.40333333333334,522.1333333333333,1562.1383333333333,15.71515039737098,5.252674289929915
676135,68.28166666666667,560.7716666666668,1678.4766666666667,24.581659303375723,8.212624179257489
676501,70.36166666666666,690.75,2060.1433333333334,29.279342444986618,9.817135277257977
676502,123.75,623.0816666666667,1864.2016666666668,15.064255892255893,5.035003367003367
676504,114.095,657.9833333333333,1955.6183333333333,17.140263230933286,5.766977810888587
676505,108.775,782.7066666666667,2342.9566666666665,21.539477514747563,7.1956485099210905
676506,114.07333333333332,657.8916666666667,1955.5083333333334,17.142554497107128,5.767269592659693
676512,84.68,588.1416666666667,1760.4283333333333,20.789186742245313,6.94546134467013
676516,135.09666666666666,984.16,2082.155,15.412334377852897,7.284857756174591
676518,186.97333333333333,1152.2416666666666,2283.8166666666666,12.214665192897384,6.1625989445910285
676522,183.93666666666667,1169.5516666666667,2309.226666666667,12.554466211195884,6.358447654083833
676526,9.646666666666667,156.29333333333335,397.37166666666667,41.1926399447132,16.201796821008987
676531,19.403333333333332,127.205,340.31333333333333,17.538910840061845,6.555832331214568
676537,47.43333333333333,271.8483333333333,681.2433333333333,14.362122276879832,5.731166549543218
676649,83.125,696.7783333333333,2068.57,24.88505263157895,8.38229573934837
676652,236.14166666666668,1965.2266666666667,3839.163333333333,16.25788192116314,8.322235945936407
676656,274.72666666666663,1912.2533333333333,3808.4533333333334,13.862699895653863,6.960566866461211
676662,39.669999999999995,625.5183333333333,1226.8466666666668,30.92630871355349,15.768044702125874
676822,94.15,294.56,837.1,8.891131173659055,3.128624535315985
676823,96.24333333333334,284.39500000000004,807.3349999999999,8.388477123956637,2.9549579191632325
676826,96.24333333333334,284.39500000000004,807.3349999999999,8.388477123956637,2.9549579191632325
676827,86.50166666666668,312.795,892.385,10.316390820986106,3.616057494075258
676832,85.66666666666667,880.7266666666667,2248.476666666667,26.246809338521402,10.280856031128405
676851,114.58,752.9183333333333,1805.0366666666666,15.753505556525282,6.571114796066794
676894,75.21499999999999,1607.4866666666667,3481.7166666666667,46.29019034323828,21.371889472401342
676900,145.54,466.935,1287.3616666666667,8.845414777151758,3.208293252714031
677024,131.74666666666667,1037.6333333333334,2471.383333333333,18.758602368181357,7.875974091691125
677087,68.50500000000001,156.48,445.9533333333333,6.509792472568911,2.2842128311802052
677089,61.805,157.92666666666668,451.67333333333335,7.308038723943587,2.5552409459860317
677094,8.37,37.873333333333335,86.075,10.283751493428914,4.52489048187973
677111,123.57333333333332,623.5583333333333,1865.625,15.097310638757014,5.046059020284851
677114,123.77166666666668,623.0266666666666,1864.035,15.06027227556118,5.033677605267764
677115,81.98166666666665,292.35499999999996,832.205,10.151111020756675,3.5661021773160666
677119,104.98666666666666,307.7066666666667,878.035,8.363300101600203,2.930911861823724
677125,94.08500000000001,278.64000000000004,790.0766666666666,8.397477458326689,2.9615772971249403
677127,87.805,265.0983333333333,750.5283333333333,8.547671924529734,3.019171269669532
677129,82.82833333333333,256.805,725.6483333333333,8.760870877517757,3.100448719238586
677142,94.12333333333332,987.89,2086.9983333333334,22.173017671848996,10.495697134964765
677143,114.58,752.9183333333333,1805.0366666666666,15.753505556525282,6.571114796066794
677151,109.48833333333333,885.4783333333332,1964.1116666666667,17.93900415569391,8.087421795320658
677318,208.07999999999998,719.9033333333333,2154.4566666666665,10.353982442650263,3.4597430475458157
677322,158.86499999999998,630.725,1736.5683333333334,10.931094535192356,3.9701948195008345
677359,137.91833333333335,376.52333333333337,1022.7933333333333,7.415934550639871,2.7300455583618324
677362,3.3216666666666668,11.488333333333333,25.986666666666668,7.8233818364274965,3.458605117912694
677365,3.7800000000000002,12.416666666666666,28.445,7.5251322751322745,3.284832451499118
677369,36.61,183.17333333333332,262.5183333333333,7.170672858053355,5.003368842756988
677372,54.45,187.4633333333333,418.6116666666667,7.688001224364861,3.442852770125497
677376,63.82666666666667,620.45,978.6016666666667,15.332175684144557,9.720858575308126
677379,18.458333333333332,314.09833333333336,487.2683333333333,26.398284424379234,17.01661399548533
677414,192.12333333333333,1605.6100000000001,3532.1533333333336,18.384822249596613,8.35718375349168
677416,250.59,1498.195,3209.9166666666665,12.809436396770288,5.978670338002314
677418,254.505,1605.1316666666667,3530.7166666666667,13.872877415636891,6.306876747673589
677423,277.83,1466.575,3117.7149999999997,11.221664327106504,5.2786776086095815
677435,53.669999999999995,1256.43,2410.258333333333,44.90885659275822,23.410285075461154
677581,137.91833333333335,492.28499999999997,1452.885,10.534386291404331,3.569394931783301
677584,156.19833333333332,593.9366666666666,1757.7783333333332,11.253502491490519,3.802452010798237
677589,146.3383333333333,514.2933333333333,1517.5800000000002,10.370351810302612,3.5144129471658148
677596,132.27166666666668,584.625,1701.3666666666666,12.862669001927848,4.4198808008769825
677691,89.84166666666667,887.6883333333334,2269.351666666667,25.259456451164088,9.880586216491977
677694,119.85333333333332,782.9766666666667,1840.9716666666668,15.360204138391369,6.532790076760485
677698,173.04666666666665,657.535,1486.9583333333333,8.592816966521555,3.7997553646415225
677699,159.41,625.2533333333333,1390.8333333333333,8.72488133324969,3.922296802793635
677701,219.12833333333336,795.4233333333334,1888.4483333333333,8.61800162766111,3.629942879743225
677702,204.32666666666668,969.2533333333333,2059.8333333333335,10.081079317432868,4.743645795947665
677799,265.8283333333333,1992.91,3923.101666666667,14.75802679674226,7.496981134441401
677864,138.17000000000002,1001.2933333333333,2362.7783333333336,17.100516272225036,7.246821548334177
677905,212.37,1640.3916666666667,3551.1583333333333,16.721562995401108,7.724215598562258
677908,136.17333333333332,1547.97,3323.7916666666665,24.40853568980711,11.367644178987566
677915,207.80499999999998,1581.1316666666667,3407.31,16.396669955005898,7.6087277335322385
677937,164.95,601.5966666666667,1799.5966666666668,10.90995251086188,3.64714559967667
677942,66.315,209.77166666666665,628.0466666666667,9.470657719470207,3.1632612028450073
678029,165.725,656.63,1445.555,8.722612762105898,3.9621662392517725
678030,165.725,675.6949999999999,1491.3083333333334,8.998692613264948,4.077206215115401
678033,136.31333333333333,924.9833333333333,1961.325,14.38835770528684,6.785714285714286
678109,44.2,1180.5433333333335,3190.991666666667,72.19438159879336,26.709125188536955
678113,247.58666666666667,1522.5916666666667,3283.1533333333336,13.260622542947925,6.149732080348969
678114,262.2,2111.05,4081.451666666667,15.566177218408342,8.051296720061023
678116,274.31166666666667,2100.7483333333334,4054.8283333333334,14.781829670630122,7.658253689538056
678117,259.7083333333333,2111.05,4081.451666666667,15.715520616075727,8.12854163324242
678292,21.926666666666666,134.35166666666666,354.635,16.17368501064153,6.127318333840073
678293,12.305,94.05666666666666,273.9116666666667,22.260192333739674,7.643776242719761
678341,53.50833333333333,227.095,605.8449999999999,11.322441987229402,4.244105279551472
678344,53.50833333333333,227.095,605.8449999999999,11.322441987229402,4.244105279551472
678347,112.38000000000001,332.2966666666667,994.2900000000001,8.847570742124933,2.9569021771370942
678377,29.256666666666668,79.30166666666668,237.28,8.110288253389541,2.7105503019254873
678565,148.80166666666668,487.31666666666666,1136.9633333333334,7.640797034083399,3.274940916880411
678566,148.96,489.51166666666666,1197.3866666666665,8.03831006086645,3.2861953992123163
678568,105.94,319.6,740.0816666666667,6.9858567742747475,3.016801963375496
678569,106.14,303.98499999999996,724.3266666666666,6.824257270271967,2.8640003768607496
678573,39.16166666666666,172.27833333333334,446.27333333333337,11.395667532025367,4.3991573392347965
678857,95.49666666666667,562.8583333333333,1612.1066666666666,16.881287304967014,5.894010262138295
678869,147.515,673.935,1938.48,13.140900925329628,4.5685862454665624
678870,147.515,673.935,1938.48,13.140900925329628,4.5685862454665624
678877,147.515,673.935,1938.48,13.140900925329628,4.5685862454665624
679107,41.615,217.40833333333333,645.9633333333334,15.522367735992631,5.224278104850014
679110,155.79333333333335,615.5166666666667,1361.6233333333332,8.739933244897085,3.9508536950661126
679112,160.52,627.6216666666667,1399.0466666666666,8.715715590995929,3.909928150178586
679119,65.825,1571.495,2622.4100000000003,39.83911887580707,23.873832130649447
679120,26.673333333333336,948.3366666666666,2353.685,88.24112721819544,35.55373656585853
679215,7.371666666666667,30.94,70.57666666666667,9.57404476599593,4.197151254804432
679217,35.22833333333333,734.9449999999999,2067.13,58.67805270378957,20.86232672564697
679235,176.76166666666668,883.035,2011.875,11.38185126865742,4.995624994106942
679236,148.77166666666665,957.0683333333333,2230.585,14.993345507097008,6.433135789744911
679240,160.06833333333333,926.6183333333333,2139.7283333333335,13.367593007153197,5.788892243937485
679244,184.07666666666668,928.1966666666667,2141.8383333333336,11.635577567317966,5.042446082248339
679245,158.26666666666668,931.4533333333333,2154.2083333333335,13.611257371524852,5.885341196293175
679253,97.21166666666666,1538.2766666666669,2548.43,26.21526908635795,15.823992319166084
679258,147.41833333333335,673.775,1938.0,13.146261772054583,4.570496659167222
679259,105.765,552.37,1575.385,14.89514489670496,5.222616177374368
679445,64.44,497.12,1012.8633333333333,15.717928822677427,7.714463066418374
679446,79.10833333333333,382.53,1123.9833333333333,14.208153376171916,4.835520910144316
679455,123.5,367.3566666666667,1081.585,8.757773279352227,2.9745479082321187
679593,102.805,293.05333333333334,744.85,7.245270171684257,2.8505747126436782
679594,61.87,293.745,746.9233333333334,12.072463768115943,4.747777598189753
679596,104.18666666666667,295.3683333333333,751.7666666666667,7.215574609674942,2.834991681597133
679597,58.255,293.4533333333333,746.0516666666666,12.806654650530712,5.037393070694932
679598,103.21666666666667,293.745,746.9233333333334,7.23646051994187,2.845906668819635
679600,104.00666666666666,295.06666666666666,750.8616666666666,7.219360938401384,2.8369976283571567
679601,102.805,293.05333333333334,744.85,7.245270171684257,2.8505747126436782
679603,17.513333333333332,44.54333333333333,110.44833333333332,6.30652835934526,2.5433955081842408
679618,154.035,942.87,2188.4066666666668,14.207203990435076,6.1211412990554095
679619,163.67333333333332,846.4566666666667,1902.9583333333333,11.62656307278726,5.171622337175676
679620,155.08333333333334,940.05,2179.9533333333334,14.056657710908114,6.061579795808704
679634,14.338333333333333,938.1616666666666,2354.8533333333335,164.23480181332096,65.43031500639312
679636,13.958333333333334,932.84,2344.21,167.9434029850746,66.83032835820896
679640,76.71000000000001,213.29500000000002,609.5849999999999,7.946617129448571,2.78053708773302
679641,116.68333333333334,305.56666666666666,742.1816666666667,6.360648478788745,2.618768747321811
679656,55.91166666666666,576.0816666666667,1092.265,19.53554714281456,10.303425045458612
679657,66.08,540.1616666666666,1130.0416666666667,17.101114810330913,8.174359362389023
679670,87.08,382.53,1123.9833333333333,12.907479712142091,4.392857142857142
680006,115.565,956.1366666666667,2048.53,17.72621468437676,8.2735834090483
680009,156.41333333333333,912.3483333333334,1995.9850000000001,12.760964538402524,5.8329319751086866
680020,76.975,478.5866666666667,988.9300000000001,12.847417992854824,6.217429901483166
680030,147.53833333333333,1172.645,2204.548333333333,14.942207110016605,7.948069993109136
680035,27.55666666666667,155.595,462.86333333333334,16.796782387806942,5.646365065924761
680047,162.255,688.9,1852.4350000000002,11.41681304120058,4.245785954207883
680048,158.89666666666665,651.4833333333333,1901.2716666666668,11.965459732740358,4.1000440537875775
680051,148.14666666666665,628.16,1718.9716666666668,11.60317478174782,4.240122401224013
680052,146.54166666666666,617.4733333333334,1706.1399999999999,11.642695479101507,4.213636622121126
680071,139.21,395.4566666666667,836.3183333333333,6.007602423197566,2.84072025477097
680119,144.63666666666668,581.4983333333333,1680.2783333333332,11.61723629324053,4.02040745776774
680249,56.585,391.5933333333333,610.0433333333333,10.781007923183411,6.9204441695384515
680251,69.105,291.47333333333336,499.475,7.227769336516895,4.21783276656296
680355,172.63333333333333,,,,
680359,169.05166666666668,,,,
680360,137.59666666666666,986.9733333333334,2319.891666666667,16.860086242399284,7.17294508103394
680383,40.23166666666667,163.51000000000002,474.22833333333335,11.787439413397406,4.064211442064709
680388,156.91666666666666,850.1633333333334,2294.0183333333334,14.6193414763675,5.417928836962295
680392,451.72999999999996,1527.6466666666668,3067.5816666666665,6.790741519639313,3.3817693459957647
680417,118.36,721.8833333333333,1979.535,16.72469584319027,6.099048101836206
680438,21.19,78.205,168.67333333333332,7.960044045933615,3.6906559697970738
680444,121.67666666666668,1145.68,1977.6583333333333,16.25339013231789,9.415774045968824
680477,143.76833333333335,,,,
680490,55.24166666666667,461.02000000000004,1165.355,21.095580027153417,8.345512143611405
680492,221.25666666666666,,,,
680502,255.985,,,,
680536,179.275,,,,
680537,36.013333333333335,288.62333333333333,593.9316666666667,16.4919937060348,8.01434653831914
680970,68.28833333333334,156.41333333333333,465.3566666666667,6.814585214653552,2.290483977253313
680977,109.775,325.35,973.4483333333334,8.867668716313672,2.963789569574129
680978,140.35666666666665,924.9833333333333,1961.325,13.973864203101623,6.590234402830884
680984,30.02,368.8066666666667,642.8816666666667,21.41511214745725,12.285365312014212
680992,194.14833333333334,942.125,1978.4416666666666,10.190361321669856,4.852604108542438
680993,135.90833333333333,765.7883333333334,2064.1466666666665,15.187785885094119,5.634594395732418
680994,184.255,600.855,1785.4916666666666,9.690329525205104,3.2609969878700715
681002,217.68166666666667,1574.1966666666667,3437.61,15.791913267845247,7.2316455986953425
681006,213.82999999999998,1966.43,3842.2833333333333,17.968869351042105,9.196230650516767
681008,236.28333333333333,1482.285,3162.188333333333,13.38303590322353,6.273337095295197
681014,254.88166666666666,1310.1833333333334,2653.1966666666663,10.409523373591666,5.140359251678884
681015,254.88166666666666,1310.1833333333334,2653.1966666666663,10.409523373591666,5.140359251678884
681016,222.89833333333334,1271.6866666666667,2536.201666666667,11.378289055548494,5.705231832150681
681017,237.94333333333333,1341.7883333333334,2746.3816666666667,11.542166902483785,5.639108751383383
681020,213.395,1557.3166666666666,3391.795,15.89444457461515,7.297812351117255
681023,262.9766666666667,1410.82,2876.5183333333334,10.938302510995905,5.364810566209929
681024,116.41000000000001,1570.2866666666666,2643.8216666666663,22.711293416945846,13.489276408097814
681028,56.3,331.62333333333333,751.2433333333333,13.34357608052102,5.8902901124925995
681040,20.96833333333333,108.4,300.89666666666665,14.350051665209444,5.169700341785233
681044,116.01666666666667,335.54833333333335,985.205,8.491926447349519,2.8922424938945555
681051,117.00333333333333,352.65166666666664,848.2033333333333,7.249394604142331,3.0140309392894786
681053,102.61333333333333,397.90166666666664,1169.5916666666667,11.398047687110187,3.8776799636174637
681170,346.0833333333333,,,,
681178,81.35,230.68833333333333,690.6633333333334,8.490022536365501,2.8357508707232126
681184,4922.591666666666,4941.458333333333,5073.206666666667,1.0305966877203914,1.0038326694441106
681186,0.0,0.08166666666666668,0.19499999999999998,,
681196,3865.8733333333334,3329.3799999999997,3384.661666666667,0.8755231676844042,0.8612232509773556
681199,4928.67,5019.736666666667,5252.8116666666665,1.0657665590649539,1.0184769251474874
681211,2205.233333333333,2190.3799999999997,2223.3283333333334,1.008205480901492,0.9932645071572168
681213,136.195,425.12,733.69,5.387055325085356,3.1214068064172698
681233,56.57833333333333,135.22,404.53499999999997,7.149998527115797,2.389960821280231
681235,11.84,122.37833333333333,221.56333333333333,18.71311936936937,10.336007882882884
681800,75.33,292.85999999999996,767.7933333333333,10.19239789371211,3.8876941457586613
681816,90.185,272.025,681.77,7.559682874092143,3.016299828131064
681867,57.22,173.87166666666664,450.09833333333336,7.866101596178493,3.0386519864849117
681988,81.115,3242.05,3247.2783333333336,40.03301896484416,39.9685631510818
682171,64.78166666666667,463.78,956.1566666666666,14.759679950603308,7.159124237824487
682210,67.125,238.79500000000002,576.5316666666666,8.588926132836747,3.557467411545624
682222,102.61833333333334,396.75166666666667,1176.5433333333335,11.465235256857937,3.866284452095954
682238,24.265,89.28666666666666,260.21,10.723676076653616,3.67964832749502
682254,1739.9183333333335,3583.086666666667,3602.851666666667,2.070701594231913,2.0593418656622773
682284,41.54333333333333,162.105,454.69666666666666,10.945117547941908,3.90207012757763
682296,131.46833333333333,,,,
682307,102.61333333333333,,,,
682316,71.105,312.01166666666666,768.9883333333333,10.814827836767222,4.388041159787169
682329,0.0,145.99666666666664,277.7083333333333,,
682334,1729.4266666666667,1737.8616666666667,1777.3633333333335,1.0277182418836301,1.0048773389254242
682342,46.02333333333333,302.14833333333337,669.0550000000001,14.537299920330268,6.565111899760992
682351,37.833333333333336,155.11166666666668,437.3,11.558590308370043,4.099867841409692
682637,,3583.086666666667,3602.851666666667,,
682638,4927.673333333334,5019.736666666667,5252.8116666666665,1.0659821200268955,1.0186829213516586
682658,467.335,,,,
682692,74.37333333333332,245.03333333333333,668.8766666666667,8.993501254930084,3.2946396557906064
682696,4922.591666666666,4917.7283333333335,5012.301666666666,1.0182241400617222,0.99901203803552
682730,82.83333333333333,202.50666666666666,603.4466666666667,7.285070422535212,2.444748490945674
682742,33.27,102.48,306.025,9.198226630598136,3.0802524797114517
682745,87.15166666666667,521.035,1430.8466666666668,16.417892180298715,5.978485781492035
682837,86.84333333333333,268.045,791.985,9.119698307296664,3.0865351399071126
682868,38.88,145.79333333333335,433.1116666666667,11.139703360768175,3.7498285322359397
682871,18.586666666666666,49.59166666666667,145.47,7.826578192252511,2.6681312769010046
682872,30.46833333333333,272.3933333333333,694.4616666666666,22.792899731962148,8.940211148186643
682939,109.55166666666668,251.425,734.41,6.703777517457516,2.2950358278437872
682940,116.135,319.99833333333333,951.0283333333333,8.188989825059915,2.7553996067794664
682942,3.3233333333333333,7.3533333333333335,21.103333333333335,6.350050150451355,2.212637913741224
682970,3.9633333333333334,12.0,28.683333333333334,7.23717409587889,3.027754415475189
683012,126.58333333333333,,,,
683013,126.73833333333333,538.9133333333333,1545.8716666666667,12.197348868403404,4.25217311258104
683015,3.0966666666666667,5.2283333333333335,15.545,5.0199138858988155,1.6883745963401509
683032,86.24833333333332,283.2966666666667,848.6066666666667,9.839108002086999,3.2846625055556635
683071,6.7716666666666665,13.905,40.843333333333334,6.031503814915087,2.053408811223234
683162,5.21,11.393333333333334,26.93166666666667,5.169225847728727,2.1868202175303906
683164,4.241666666666666,10.733333333333333,21.668333333333333,5.108447937131631,2.5304518664047153
683168,4.8149999999999995,14.42,32.531666666666666,6.756317064728281,2.994807892004154
683177,4.086666666666667,9.305,22.608333333333334,5.532218597063621,2.276916802610114
683178,5.803333333333333,13.6,34.035,5.864732912119472,2.3434807581849513
683179,6.65,16.8,40.86333333333334,6.144862155388472,2.526315789473684
683252,72.53,282.79833333333335,681.33,9.393768095960292,3.899053265315502
683297,152.12833333333336,579.5633333333334,1224.5133333333333,8.049212835654107,3.8097001435191777
683343,15.178333333333335,50.385,138.14833333333334,9.101680026353355,3.319534424069397
683346,4.838333333333334,10.011666666666667,27.783333333333335,5.742335514984498,2.0692387185669996
683347,3.7550000000000003,8.003333333333334,22.061666666666667,5.875277407900577,2.1313803817132713
683349,6.755,46.18,76.44666666666667,11.31704909943252,6.836417468541821
683360,97.85166666666667,278.8883333333333,814.2216666666667,8.320979032889918,2.850113266679157
683404,35.22833333333333,162.965,481.37166666666667,13.664332686757819,4.62596394947249
683415,4.036666666666666,32.52,71.43833333333333,17.69735755573906,8.056151940545005
683417,46.276666666666664,317.2083333333333,688.86,14.885687531513362,6.854606353093712
683420,42.13666666666666,146.57833333333335,417.32166666666666,9.90400284787596,3.478640930306147
683427,57.88333333333333,210.41333333333333,602.1766666666666,10.4032824647279,3.6351281312985892
683428,48.09166666666667,142.015,424.6383333333333,8.829769537341882,2.95300641136718
683433,92.22666666666667,259.68833333333333,777.6666666666666,8.43212375307214,2.8157618909932047
683435,84.30666666666666,238.56,714.2883333333334,8.472501186145818,2.829669460699036
683438,95.99166666666666,280.10999999999996,833.4599999999999,8.68262870040802,2.918065804323292
683448,77.045,219.21166666666667,656.225,8.517424881562723,2.8452419581629784
683482,81.35,230.68833333333333,690.6633333333334,8.490022536365501,2.8357508707232126
683483,81.35,230.68833333333333,690.6633333333334,8.490022536365501,2.8357508707232126
683492,467.8183333333333,,,,
683682,18.03166666666667,109.385,231.62833333333336,12.845641926240871,6.0662722987337085
683687,69.66000000000001,272.97166666666664,793.2733333333333,11.387788305100965,3.9186285768973095
683748,1739.9183333333335,3583.086666666667,3602.851666666667,2.070701594231913,2.0593418656622773
683794,55.55166666666666,175.18166666666667,392.5183333333333,7.065824607722541,3.153490744352105
683798,0.9966666666666666,3.06,7.531666666666666,7.55685618729097,3.0702341137123748
683804,3.941666666666667,7.796666666666667,19.8,5.023255813953488,1.978012684989429
683931,2205.588333333333,3303.741666666667,3353.945,1.5206577534490044,1.4978958750990856
683975,210.49833333333333,1081.155,1942.0883333333334,9.226145891891465,5.136168932453939
683979,21.748333333333335,945.9083333333333,2346.51,107.89378496436508,43.493371139550916
683986,129.645,382.32,923.8716666666667,7.126165040430919,2.9489760499826447
684000,21.433333333333334,944.3966666666668,2342.463333333333,109.29066874027993,44.06205287713842
684046,207.52833333333334,697.1633333333334,2038.2966666666666,9.821775339913426,3.3593645847554954
684092,170.72666666666666,601.17,1733.8066666666666,10.155453160998087,3.521242531922371
684109,96.06,552.87,1518.125,15.803924630439308,5.755465334166146
684134,217.02833333333334,3928.0899999999997,5016.929999999999,23.116474807436813,18.099434021671517
684159,167.36666666666667,673.1566666666666,1355.5933333333335,8.099541923919539,4.0220474009161515
684172,248.035,6082.1,10254.45,41.34275404680791,24.521136129981656
684191,2.6966666666666668,7.508333333333334,19.133333333333333,7.095179233621755,2.784301606922126
684192,2.6966666666666668,7.16,21.185,7.855995055624227,2.65512978986403
685944,54.67666666666666,132.75833333333333,357.8,6.543924891788088,2.428061939889045
685947,14.666666666666666,40.766666666666666,114.59833333333333,7.813522727272727,2.7795454545454548
685954,123.26666666666667,604.34,1192.4716666666668,9.673918334234722,4.902704164413197
685958,28.378333333333334,163.21666666666667,431.7433333333333,15.213836847360072,5.751453573735831
685960,23.483333333333334,69.38166666666666,195.785,8.337189496096522,2.954506742370475
685961,25.466666666666665,67.48333333333333,161.96833333333333,6.360013089005236,2.649869109947644
685964,53.67166666666667,411.0066666666667,633.3383333333334,11.800236002856877,7.657795857528803
685965,69.105,288.1816666666667,491.5883333333333,7.113643489376069,4.17019993729349
685967,70.35,253.13166666666666,425.6333333333333,6.050225065150439,3.5981757877280267
685973,76.15,206.36,461.45,6.059750492449113,2.709914642153644
685979,72.065,249.11166666666668,525.6216666666667,7.29371632091399,3.456763569925299
685981,70.05666666666666,159.07833333333335,453.74,6.47675691107199,2.2707094257030027
685984,12.44,203.64,501.6333333333333,40.32422293676313,16.369774919614148
685985,9.075,36.215,86.97333333333333,9.583838383838383,3.9906336088154277
685988,8.083333333333334,14.656666666666666,40.51166666666666,5.011752577319587,1.8131958762886595
686007,153.0883333333333,621.1766666666666,1237.6850000000002,8.084776762871112,4.057635569877958
686010,120.64666666666668,483.4633333333333,974.4266666666666,8.076697795214676,4.007266397745482
686013,180.08666666666667,1012.0550000000001,2295.6233333333334,12.747325361862806,5.619821937585607
686018,142.52,892.7683333333333,1937.8600000000001,13.597109177659275,6.26416175507531
686020,119.76833333333335,647.5400000000001,1842.0916666666667,15.380456715047103,5.406604416860327
686022,107.33833333333334,634.2766666666666,1818.9216666666666,16.945685759980122,5.909134667639706
686023,112.10833333333333,633.9816666666667,1816.79,16.20566416412696,5.655080651155876
686027,118.75833333333334,637.6083333333333,1828.8516666666667,15.39977545435408,5.368956564451617
686032,159.93333333333334,845.9266666666666,2096.2316666666666,13.106909128803668,5.2892455189662355
686040,164.715,718.1433333333333,1728.4933333333333,10.493842900363253,4.359914599965597
686049,58.36666666666667,273.67833333333334,803.185,13.761022272986864,4.68894917190177
686053,147.515,673.935,1938.48,13.140900925329628,4.5685862454665624
686054,107.57333333333332,524.4916666666667,1480.3833333333334,13.76161998016857,4.8756662121963315
686056,106.68333333333334,522.265,1475.9333333333334,13.834713326042806,4.895469457897203
686057,104.83166666666666,517.6366666666667,1466.675,13.990762969204598,4.937789154040605
686064,100.56666666666666,506.99666666666667,1445.3816666666667,14.372373218428903,5.041398740470666
686069,5.955,10.031666666666666,29.15,4.89504617968094,1.6845787853344527
686073,198.785,625.0483333333334,1858.0816666666665,9.347192527940571,3.144343553755733
686076,7.026666666666667,27.516666666666666,75.77833333333334,10.784392789373813,3.9160341555977225
686079,50.78666666666666,122.44333333333334,297.835,5.864432922026779,2.410934628511421
686083,79.83333333333333,285.7,780.6383333333334,9.778350730688937,3.5787056367432153
686084,93.98166666666665,323.95166666666665,861.0116666666667,9.16148539608789,3.4469666069623512
686086,115.03833333333334,275.6983333333334,744.705,6.4735378062385,2.3965779522767776
686087,100.17,227.175,670.3916666666667,6.692539349772054,2.267894579215334
686091,62.86666666666667,239.1,642.2716666666668,10.216410392364795,3.803287380699894
686094,59.635,227.43333333333334,607.6683333333333,10.189793465805874,3.8137559039713818
686101,211.36833333333334,1052.87,2931.3333333333335,13.868365649222133,4.981209736557825
686108,46.80166666666666,197.73833333333332,578.9166666666666,12.369573733129162,4.225027598732239
686114,2.378333333333333,4.985,14.625,6.149264190609672,2.0960056061667838
686131,72.83833333333334,241.565,501.14666666666665,6.880259936388805,3.3164542479921284
686133,71.22,251.11833333333334,693.3366666666666,9.735139941963867,3.5259524478142845
686135,50.575,156.39833333333334,464.6983333333334,9.188301202834076,3.0924040204317023
686143,65.89666666666668,241.62833333333336,673.1483333333333,10.21521068339319,3.6667762658708076
686147,68.95,292.75166666666667,805.1316666666667,11.677036499879138,4.24585448392555
686154,1.9066666666666667,7.943333333333333,22.078333333333333,11.579545454545453,4.166083916083916
686155,2.256666666666667,7.071666666666667,17.970000000000002,7.963072378138849,3.133677991137371
686170,129.41833333333335,598.4966666666667,1790.9766666666667,13.838662734543018,4.624512240666571
686172,67.06833333333333,690.75,2060.1433333333334,30.717079595437493,10.299197336050298
686176,88.91000000000001,852.48,2408.8566666666666,27.09320286431972,9.588122820830051
686180,31.876666666666665,735.5683333333333,1310.0133333333333,41.09630868974171,23.075447035449127
686183,91.42166666666667,852.48,2408.8566666666666,26.348859679507044,9.324704209432483
686185,278.2433333333333,2039.4783333333332,3949.036666666667,14.19274495944797,7.32983719286476
686190,232.52833333333334,1547.5116666666665,3357.8866666666668,14.440763491187454,6.6551531354601945
686193,213.68833333333333,1553.02,3378.9716666666664,15.81261650534657,7.267687363995851
686194,286.35999999999996,1540.3,3336.7683333333334,11.652354844717607,5.378893700237464
686202,260.82666666666665,1477.805,3148.6033333333335,12.071631223801248,5.665850884367652
686206,283.87666666666667,1426.5833333333333,2997.7233333333334,10.559949743433181,5.025363127179643
686207,105.13000000000001,1310.4,2604.645,24.775468467611525,12.464567678112813
686212,245.28833333333333,1518.3883333333333,3270.5533333333337,13.333505466355923,6.190218314500622
686213,242.61666666666667,1484.5816666666665,3158.786666666667,13.019660644363537,6.1190423851068205
686214,19.363333333333333,948.3366666666666,2353.685,121.55370976071613,48.975899466345325
686221,50.885,840.0,2126.4066666666668,41.78847728538207,16.507811732337625
686223,59.825,825.0949999999999,2081.753333333333,34.797381250870586,13.791809444212284
686227,56.22166666666667,953.4833333333333,2399.445,42.678297216375654,16.95935730590223
686229,94.49166666666666,632.8833333333333,1661.1316666666667,17.57966310962166,6.6977687626774856
686231,66.10666666666667,817.13,2057.3283333333334,31.121344292053248,12.360780556676078
686235,64.95666666666666,686.2166666666667,2012.3966666666668,30.98060245291733,10.56422230204752
686239,64.21833333333333,817.775,2059.7883333333334,32.074770963639665,12.734291868884794
686241,74.355,861.865,2191.898333333333,29.478829040862525,11.591217806468967
686243,47.348333333333336,1573.6133333333335,2491.4283333333337,52.6191347812313,33.234819951423844
686244,64.04166666666667,684.6883333333334,2007.8149999999998,31.351698113207544,10.691294729993494
686245,114.61166666666666,935.2833333333333,2023.5066666666667,17.655328864135413,8.160454869341399
686249,115.725,760.565,1814.21,15.676906459278463,6.572175415856557
686251,100.06,758.0366666666666,1880.57,18.794423345992403,7.5758211739622885
686255,249.14166666666668,1383.1066666666666,2856.3683333333333,11.464835936716058,5.5514867712479505
686257,223.03166666666667,1589.4883333333335,3589.4950000000003,16.09410472354449,7.126738355539946
686259,215.42999999999998,1280.49,2437.4283333333337,11.314247474044162,5.943879682495475
686262,260.8283333333333,1401.8416666666667,2865.7916666666665,10.987271321494982,5.374575870463971
686263,201.73999999999998,1258.35,2499.4733333333334,12.389577343775818,6.237483890155646
686270,192.36333333333332,1229.4016666666669,2566.6116666666667,13.34252023081322,6.391039525897176
686276,111.31333333333333,1561.725,2618.55,23.524136072348327,14.029990417440258
686279,8.26,23.558333333333334,69.23666666666666,8.382163034705407,2.8520984665052462
686281,90.34166666666667,209.70666666666665,599.1533333333333,6.632081911262798,2.3212618762106816
686284,183.61499999999998,1169.7333333333333,2309.85,12.579854587043544,6.370576114878052
686288,156.41333333333333,912.3483333333334,1995.9850000000001,12.760964538402524,5.8329319751086866
686296,79.31833333333334,707.6333333333333,2117.76,26.699502006681936,8.921434725053055
686297,122.61333333333333,1081.1066666666668,1857.8333333333333,15.151968247063941,8.817203131796434
686302,151.01000000000002,1174.105,2208.6783333333337,14.626040218087104,7.775014899675518
686304,63.093333333333334,375.6683333333333,899.15,14.25110946745562,5.9541684277261195
686308,92.79833333333333,2204.55,5617.9400000000005,60.53923382244653,23.75635338278346
686310,93.24333333333334,388.77166666666665,1145.8266666666668,12.28856397240196,4.169431237264504
686313,79.72166666666666,382.53,1123.9833333333333,14.09884389438254,4.79831915204984
686314,79.875,382.53,1123.9833333333333,14.071778821074595,4.789107981220657
686317,78.86666666666666,382.53,1123.9833333333333,14.251690617075234,4.850338123415047
686318,66.68333333333334,232.84,564.2099999999999,8.46103474131467,3.4917270682329415
686321,17.691666666666666,63.81333333333334,189.005,10.683278379651437,3.6069712670748943
686324,45.155,110.17833333333333,327.60833333333335,7.2551950688369695,2.440002952792234
686327,42.24666666666667,117.93166666666666,350.8666666666667,8.305191731103045,2.791502288148966
686335,42.394999999999996,117.53500000000001,349.6766666666666,8.248063844006762,2.7723788182568705
686339,37.91,159.585,475.9216666666667,12.553987514288227,4.209575309944606
686346,43.53,199.395,585.715,13.45543303468872,4.580634045485872
686348,43.126666666666665,202.03333333333333,569.8066666666667,13.212397588498996,4.6846498686041125
686351,179.15333333333334,679.34,1738.7649999999999,9.705457150299557,3.79194730770662
686357,170.89333333333335,536.1433333333333,1567.2883333333334,9.17114964500273,3.137298119684793
686359,48.651666666666664,223.77833333333334,658.9233333333334,13.543694974478438,4.599602617245042
686362,50.166666666666664,291.3016666666666,770.5966666666667,15.360730897009969,5.806677740863787
686366,112.40666666666667,388.5683333333333,1108.475,9.861292331415692,3.456808611588874
686367,114.43,393.71,1125.4516666666668,9.835285035975415,3.4406187188674293
686372,68.16666666666667,214.69666666666666,642.8266666666666,9.430220048899754,3.1495843520782394
686378,53.50833333333333,227.095,605.8449999999999,11.322441987229402,4.244105279551472
686381,98.05833333333334,596.1216666666667,1777.5066666666667,18.12703322852044,6.079255545168692
686384,166.97166666666666,606.9966666666667,1815.8149999999998,10.874988770549892,3.6353273509477657
686386,111.08999999999999,563.5233333333333,1684.62,15.164461247637051,5.0726738080235245
686391,116.67333333333333,602.0733333333334,1754.32,15.036169361750757,5.160333695217417
686397,164.01833333333335,658.705,1895.0433333333335,11.553850687423154,4.016044954324212
686398,166.11499999999998,664.285,1911.7816666666665,11.508784075289208,3.998946512957891
686401,56.656666666666666,211.38500000000002,622.6383333333334,10.989674648467378,3.7309819379890574
686402,99.10166666666667,360.12166666666667,1076.5,10.862582196733992,3.633860849968887
686411,114.20333333333333,428.5833333333333,1261.07,11.042322173900352,3.752809316715799
686417,11.553333333333335,54.17166666666667,162.17833333333334,14.03736295441431,4.688834391229082
686421,47.480000000000004,198.82166666666666,546.6883333333334,11.514076102218478,4.187482448750351
686425,178.27833333333334,708.2283333333332,1628.2166666666667,9.133003636635598,3.9725990258677903
686429,109.86666666666666,442.19166666666666,884.5699999999999,8.051304611650485,4.024802791262136
686432,93.485,342.15333333333336,779.6066666666667,8.339377083667612,3.659981102137598
686435,124.24666666666667,472.28,1209.0766666666668,9.73126039598648,3.8011482534742713
686436,50.568333333333335,171.17666666666668,449.85166666666663,8.895916416729836,3.3850565241752086
689860,0.0,0.08166666666666668,0.19499999999999998,,
689863,0.0,144.68166666666667,274.40166666666664,,
689880,24.240000000000002,157.30833333333334,290.28499999999997,11.975453795379536,6.489617711771177
689883,97.74333333333334,280.10999999999996,833.4599999999999,8.52702656617672,2.8657708965658353
689886,47.263333333333335,139.80499999999998,418.01,8.844276747302349,2.9580012694830375
689890,78.99666666666667,224.41833333333335,671.8466666666667,8.504747035739905,2.840858264061775
689895,97.80833333333334,273.5733333333334,818.6983333333334,8.370435375308853,2.797035017466133
689897,57.083333333333336,187.85333333333335,548.0433333333333,9.60075912408759,3.2908613138686134
689904,864.8349999999999,873.9083333333333,916.4616666666666,1.0596953946899312,1.0104914039479593
689906,867.7716666666668,879.1883333333334,931.3833333333333,1.0733046135408122,1.0131563026372143
689907,859.2033333333333,864.5583333333333,889.2383333333333,1.0349568010676558,1.0062325177199034
689912,81.115,3242.05,3247.2783333333336,40.03301896484416,39.9685631510818
689914,81.115,3242.05,3247.2783333333336,40.03301896484416,39.9685631510818
689916,,3583.086666666667,3602.851666666667,,
689935,3859.6583333333333,3837.705,3875.938333333333,1.0042179899343422,0.994312104482478
689937,126.58333333333333,,,,
689941,0.0,67.25833333333334,199.74333333333334,,
689948,255.46166666666667,,,,
689950,303.96500000000003,,,,
689957,169.1,81.00333333333333,240.98166666666665,1.425083776857875,0.4790262172284644
689977,441.8283333333333,,,,
689987,443.425,,,,
689994,443.425,,,,
689998,443.425,,,,
690406,13.483333333333333,288.58,353.8816666666667,26.245859085290487,21.40271940667491
690416,50.24166666666667,272.62166666666667,621.605,12.372300547354454,5.426206667772433
690420,83.88000000000001,255.30666666666667,739.7766666666666,8.819464314099505,3.0437132411381334
690424,40.730000000000004,339.2366666666667,766.6983333333334,18.823921761191585,8.3289139864146
690427,51.81166666666666,183.47166666666666,543.4150000000001,10.48827484157365,3.541126515906971
690432,190.14833333333334,700.4233333333334,1581.625,8.317848346466356,3.6835628325254848
690436,174.03333333333333,850.1633333333334,2294.0183333333334,13.181488220647386,4.8850603332694895
690439,179.41,850.1633333333334,2294.0183333333334,12.786457462423128,4.738661910335731
690444,80.48166666666665,223.90833333333333,662.5983333333334,8.232910186584938,2.782103584667316
690450,113.89833333333333,271.28333333333336,809.3466666666667,7.105869269377662,2.3818024846720034
690451,117.05333333333333,282.97,830.2733333333333,7.0931199453240685,2.4174450392983258
690454,114.025,276.9166666666667,825.6866666666666,7.241277497624789,2.428560988087408
690461,68.73833333333333,153.23833333333332,446.39500000000004,6.494120214339404,2.2292995174938777
690463,86.46333333333334,232.01666666666668,524.5383333333333,6.066598558155672,2.6834110798411657
690466,22.85666666666667,94.34833333333333,265.385,11.610835642409215,4.127825579699577
690473,143.42833333333334,481.9433333333333,1202.3833333333334,8.38316464668766,3.3601682605714815
690475,128.74666666666667,695.545,1858.4166666666667,14.43467792046396,5.402431130903065
690478,120.89333333333335,496.3833333333333,1442.1183333333333,11.928849123193999,4.105961177897871
690495,126.05666666666666,345.19666666666666,1022.4316666666667,8.110889282597775,2.738424518073882
690496,127.03666666666666,397.64500000000004,1175.8416666666667,9.255923486657396,3.1301592716013755
690500,82.31666666666666,228.75833333333333,677.715,8.233022879125329,2.7790038469325773
690510,102.81166666666667,750.3983333333333,2102.03,20.445442313615512,7.2987663527161315
690513,161.07333333333332,748.0433333333333,1437.7050000000002,8.925779148214065,4.64411655146724
690515,168.22,923.8216666666667,2020.4866666666667,12.010977687948321,5.491746918717553
690519,171.04833333333332,,,,
690522,220.845,,,,
690524,131.015,,,,
690528,22.85666666666667,75.15333333333334,219.34333333333333,9.596470759807495,3.2880268338923724
690534,30.696666666666665,314.325,582.2933333333333,18.969269193180583,10.239711152133783
690535,23.759999999999998,74.07333333333332,218.06,9.177609427609429,3.117564534231201
690551,20.73,220.31,642.1650000000001,30.977568740955142,10.62759286058852
690559,7.913333333333333,21.191666666666666,59.385,7.504422914911542,2.6779696714406067
692160,45.38333333333333,215.025,571.5033333333333,12.59280205655527,4.737972824091076
692164,148.64166666666668,646.4216666666667,1442.09,9.701788417334752,4.348859113079554
692168,160.715,883.0083333333333,2140.746666666667,13.320142280849124,5.494249655186717
692174,26.46833333333333,108.96833333333333,224.785,8.492601221585543,4.116932183111895
692180,37.74,775.785,1358.275,35.99032856385798,20.5560413354531
692183,118.2,856.4449999999999,2458.5899999999997,20.800253807106596,7.245727580372249
692188,268.7916666666667,1908.6616666666666,3670.1183333333333,13.654137343047589,7.100895985118585
692190,210.5,1581.2383333333335,3459.061666666667,16.43259699129058,7.511821060965954
692196,158.82999999999998,1074.9016666666666,2190.9966666666664,13.794602195219207,6.767623664714895
692204,147.31833333333333,548.23,1640.1266666666668,11.13321492007105,3.7213969748051277
692207,148.86499999999998,550.8083333333333,1647.8633333333335,11.06951488485093,3.700052620383121
692484,443.425,,,,
692505,50.71,1168.6183333333333,2032.465,40.080161703805956,23.04512587918228
692506,164.10333333333335,842.0699999999999,2269.9416666666666,13.832392191911598,5.131340009343705
