id_demanda,id_instalacion,duracion_min,distancia_km,estimado_por_fallback
110023,00002161,148.04666666666665,147.1305,False
110042,00003494,32.695,32.9022,False
110056,00016148,39.89833333333333,38.241,False
110096,00003494,162.285,126.0612,False
110129,00000001,126.58333333333333,101.05069999999999,False
110131,00003727,265.1166666666667,196.28910000000002,False
110176,00003523,192.47833333333335,201.70420000000001,False
110184,00003727,158.20333333333335,208.53879999999998,False
110187,00031235,80.53,69.35010000000001,False
110246,00003727,57.845,77.48689999999999,False
110286,00010723,13.55,10.774899999999999,False
110306,00012243,1.8933333333333333,1.074,False
110339,00010267,20.745,21.404700000000002,False
110346,00002021,37.233333333333334,28.440900000000003,False
110374,00003494,69.73333333333333,77.52289999999999,False
110380,00031235,38.535,40.9123,False
110460,00031235,138.80166666666668,80.2572,False
110578,00003727,111.52,103.4668,False
110587,00008154,26.06,20.6238,False
110610,00000001,126.58333333333333,101.05069999999999,False
110612,00003727,57.845,77.48689999999999,False
110623,00003792,101.35833333333333,61.633,False
110669,00010777,108.045,130.3417,False
110673,00003727,118.155,73.4537,False
110684,00000210,1739.9183333333335,152.1286,False
110699,00003792,29.19333333333333,26.977700000000002,False
110724,00000001,124.56833333333334,100.9382,False
110732,00003727,195.25,142.5711,False
110756,00003494,73.10666666666665,81.49589999999999,False
110759,00003494,156.76833333333335,154.3861,False
110762,00003792,39.37,30.6315,False
110770,00003792,1.7666666666666666,1.2997999999999998,False
110827,00008154,21.773333333333333,17.8368,False
110843,00002161,107.6,97.0933,False
110852,00037376,44.835,29.7699,False
110878,00037376,128.24166666666667,112.0128,False
110886,00003655,25.551666666666666,24.5443,False
110894,00031235,109.08666666666666,116.9205,False
110905,00003727,225.65333333333334,166.977,False
110914,00002161,441.8283333333333,616.3942,False
110962,00002021,3.8133333333333335,3.4893,False
110983,00003494,51.68,38.4786,False
110989,00000001,126.31333333333333,102.29469999999999,False
111034,00003494,122.29333333333334,120.85910000000001,False
111150,00003494,80.24499999999999,87.9799,False
111192,00037376,85.67833333333333,53.9892,False
111251,00003727,147.98166666666665,151.3086,False
111265,00003727,113.19666666666667,158.7593,False
111271,00003792,31.751666666666665,16.4748,False
111277,00003523,46.45666666666667,48.912800000000004,False
111319,00000066,0.0,0.0,False
111401,00002161,17.848333333333336,18.1197,False
111426,00003727,195.13500000000002,150.3985,False
111427,00003727,158.69333333333333,201.3247,False
111467,00003754,21.116666666666667,21.054,False
111552,00003494,15.756666666666666,9.658299999999999,False
111595,00011409,7.191666666666666,4.9532,False
111628,00010777,114.53500000000001,138.73270000000002,False
111656,00003655,84.46833333333333,75.7259,False
111683,00008154,65.825,46.986599999999996,False
111693,00000001,125.83666666666666,100.7404,False
111825,00003727,250.63,191.2209,False
111832,00003727,264.39500000000004,289.1343,False
111845,00003727,30.351666666666667,42.789199999999994,False
111855,00003727,57.223333333333336,69.5395,False
111869,00003727,136.73666666666668,144.5161,False
111875,00016148,84.22333333333333,76.3921,False
111899,00036217,3.1933333333333334,1.6681,False
111914,00003494,156.98,154.5285,False
111925,00011409,3859.6583333333333,322.5409,False
111948,00031235,80.03999999999999,55.3986,False
111977,00003494,184.08666666666667,148.6934,False
111979,00003494,53.04833333333333,25.987299999999998,False
112060,00003494,46.501666666666665,64.24969999999999,False
112091,00016148,92.67,88.0096,False
112110,00003494,136.56166666666667,90.81280000000001,False
112141,00003523,114.07333333333332,134.98170000000002,False
112156,00016148,70.81666666666666,59.2474,False
112173,00003727,147.42000000000002,146.1069,False
112238,00000066,0.0,0.0,False
112241,00000001,67.82166666666667,46.2034,False
112259,00003523,20.771666666666665,27.9428,False
112324,00002161,159.01000000000002,162.78070000000002,False
112406,00011775,44.37833333333333,29.9161,False
112411,00037376,164.09833333333333,121.924,False
112436,00011775,120.66666666666667,106.92460000000001,False
112474,00003754,65.015,66.5294,False
112481,00010777,156.06333333333333,164.37,False
112482,00010723,35.766666666666666,31.7907,False
112607,00003494,287.68833333333333,217.9001,False
112655,00003523,107.77833333333334,110.4785,False
112678,00037376,160.13500000000002,144.87439999999998,False
112712,00010777,117.45333333333333,162.6704,False
112770,00037376,95.52166666666668,60.4176,False
112774,00015230,7.703333333333333,6.4876000000000005,False
112775,00016148,37.07,44.75,False
112795,00003494,56.52166666666667,33.7677,False
112856,00000066,11.84,6.3898,False
112890,00003792,135.185,129.8891,False
112895,00016148,46.125,42.8415,False
112969,00000001,81.115,53.4968,False
112982,00016148,62.20333333333333,59.2719,False
113002,00003727,9.583333333333334,13.4848,False
113009,00010723,21.425,15.974200000000002,False
113039,00035125,79.84166666666667,53.410199999999996,False
113051,00003494,69.17333333333333,78.35860000000001,False
113139,00003727,39.519999999999996,40.8469,False
113159,00003727,191.355,162.7729,False
113290,00003792,25.36,22.0778,False
113295,00037376,119.58500000000001,89.45660000000001,False
113297,00003727,42.01166666666666,46.281099999999995,False
113321,00003727,70.265,78.1742,False
113330,00003727,101.23666666666666,114.5352,False
113334,00003727,108.70666666666666,102.29769999999999,False
113401,00003754,60.94833333333334,74.0589,False
113408,00002161,84.50166666666668,86.33030000000001,False
113446,00008154,38.236666666666665,26.534599999999998,False
113456,00003792,58.43666666666666,51.342699999999994,False
113514,00003727,90.46000000000001,108.1701,False
113752,00003727,10.953333333333335,4.546600000000001,False
113762,00003494,85.33833333333334,82.9369,False
113818,00003523,57.294999999999995,58.3125,False
113824,00000066,0.0,0.0,False
113840,00010777,108.84166666666667,113.45219999999999,False
113881,00003523,114.24166666666666,122.44839999999999,False
113882,00002161,93.73666666666666,99.2446,False
113901,00000066,0.0,0.0,False
113952,00037376,196.46666666666667,169.1149,False
114017,00003727,119.02166666666668,129.9993,False
114068,00037376,116.48166666666665,88.8787,False
114086,00003727,45.315000000000005,32.706900000000005,False
114087,00010723,7.36,4.5705,False
114122,00002161,69.51,69.82610000000001,False
114136,00003727,97.235,95.7838,False
114153,00002161,165.92166666666665,211.3296,False
114194,00037376,75.52,48.513400000000004,False
114205,00003523,54.85,71.93719999999999,False
114222,00031235,80.06333333333333,55.4849,False
114226,00030990,0.4216666666666667,0.16340000000000002,False
114266,00002021,13.458333333333334,13.5313,False
114296,00016148,120.98833333333333,100.02510000000001,False
114315,00003494,136.56166666666667,90.81280000000001,False
114352,00003523,140.41666666666666,90.3762,False
114354,00011396,89.855,80.1844,False
114355,00031235,71.78999999999999,60.7199,False
114362,00003494,96.25666666666666,73.66,False
114375,00037376,110.44333333333334,79.42530000000001,False
114408,00011409,2205.588333333333,184.78529999999998,False
114413,00031235,44.83833333333334,44.288199999999996,False
114454,00031235,20.903333333333332,12.0404,False
114464,00003727,163.47166666666666,152.4289,False
114488,00003727,275.28,273.37379999999996,False
114507,00016148,50.24333333333333,65.48440000000001,False
114533,00031235,125.00666666666666,75.40910000000001,False
114565,00003727,5.198333333333333,7.3005,False
114566,00003792,28.523333333333333,23.1487,False
114605,00003523,129.43166666666667,102.4092,False
114611,00003523,124.97666666666667,134.1,False
114634,00003494,156.69166666666666,130.5634,False
114635,00002161,195.28333333333333,172.82379999999998,False
114670,00002161,443.425,619.8240999999999,False
114691,00003523,59.41833333333333,45.7836,False
114698,00037783,137.69833333333332,138.9133,False
114731,00010777,138.09666666666666,190.77179999999998,False
114733,00000210,1739.9183333333335,152.1286,False
114739,00031235,19.323333333333334,16.3561,False
114743,00016148,113.74333333333334,96.91069999999999,False
114756,00037376,105.37333333333332,91.3181,False
114762,00037783,302.89500000000004,267.9495,False
114779,00010777,77.70833333333333,96.8214,False
114808,00008154,32.913333333333334,24.2065,False
114814,00010777,82.14333333333335,99.8594,False
114817,00016148,54.11333333333334,59.8705,False
114823,00003727,14.638333333333332,13.0441,False
114831,00003523,89.98,98.58,False
114849,00031235,96.02333333333333,75.9106,False
114852,00010723,26.14333333333333,23.5796,False
114868,00008154,11.586666666666668,11.0165,False
114894,00037376,75.60333333333332,48.850699999999996,False
114902,00010777,42.281666666666666,51.279,False
114963,00035125,9.03,6.8013,False
114981,00000001,67.82166666666667,46.2034,False
114995,00000001,126.58333333333333,101.05069999999999,False
115021,00010777,111.92833333333333,114.5663,False
115059,00003727,70.02,78.0857,False
115097,00003494,65.31333333333333,72.6123,False
115121,00031235,8.08,5.443899999999999,False
115135,00003523,145.75666666666666,144.2164,False
115183,00003494,142.70333333333335,119.23939999999999,False
115275,00035125,10.18,7.524100000000001,False
115325,00000001,81.115,53.4968,False
115327,00035125,77.09833333333333,62.4908,False
115481,00031235,57.318333333333335,47.6743,False
115492,00011396,2.0216666666666665,1.6254000000000002,False
115512,00002161,467.335,616.1188000000001,False
115570,00013494,2.7116666666666664,1.2465,False
115580,00003494,37.14,29.3706,False
115582,00003494,45.736666666666665,31.8432,False
115654,00003494,106.37833333333333,110.5787,False
115680,00000066,0.0,0.0,False
115748,00016148,8.121666666666666,7.0317,False
115759,00037376,60.11,38.572199999999995,False
115777,00003523,18.751666666666665,9.9022,False
115804,00011775,110.3,95.788,False
115815,00003494,36.995,35.603199999999994,False
115872,00003727,159.49833333333333,202.1204,False
115886,00016148,69.57333333333332,66.1106,False
115923,00003727,193.21,149.123,False
115946,00003727,266.1933333333333,268.4805,False
115984,00000001,26.695,20.7692,False
115989,00003494,47.72666666666667,34.9982,False
115990,00003523,18.955,17.7765,False
116114,00010777,144.31166666666667,128.9099,False
116142,00003655,106.69,107.4178,False
116164,00003494,111.40166666666667,95.0948,False
116220,00003494,100.28666666666666,64.89059999999999,False
116223,00037783,151.785,142.6535,False
116244,00037376,111.03666666666666,83.2642,False
116317,00003523,138.67333333333332,139.4242,False
116351,00003523,52.32166666666667,61.103300000000004,False
116359,00002161,114.07333333333332,108.12780000000001,False
116409,00003523,34.986666666666665,46.3852,False
116414,00003792,41.68,37.8887,False
116504,00003494,209.29833333333332,158.0625,False
116543,00016148,89.83500000000001,80.37689999999999,False
116554,00003494,111.42333333333333,100.3145,False
116586,00002161,163.88166666666666,172.3186,False
116626,00003494,93.13333333333334,99.7295,False
116679,00000066,0.0,0.0,False
116764,00016148,33.75,47.1262,False
116846,00003494,175.82166666666666,136.9272,False
116884,00003494,82.855,60.190599999999996,False
116941,00003523,180.29,193.0086,False
116959,00016148,82.77666666666667,81.4639,False
117001,00002161,44.60666666666667,45.8898,False
117020,00031235,76.70833333333333,64.0271,False
117048,00031235,153.71833333333333,169.6224,False
117061,00031235,65.61833333333333,36.0689,False
117083,00003727,149.95833333333334,119.367,False
117087,00014092,4.088333333333334,2.0422000000000002,False
117110,00003727,93.58500000000001,102.1448,False
117241,00011775,139.78166666666667,114.55560000000001,False
117275,00002161,110.28333333333333,97.1549,False
117311,00010723,17.958333333333332,14.736600000000001,False
117371,00016148,71.425,65.8222,False
117426,00003655,12.101666666666667,6.5465,False
117440,00000001,126.58333333333333,101.05069999999999,False
117453,00002161,40.538333333333334,41.8539,False
117490,00003523,22.763333333333332,20.726599999999998,False
117493,00003494,44.10666666666667,29.821099999999998,False
117508,00031235,161.54666666666665,138.46439999999998,False
117559,00003494,36.74333333333333,29.3642,False
117683,00003727,128.57833333333332,124.3943,False
117692,00020274,97.67,68.10730000000001,False
117696,00003494,105.315,106.8684,False
117723,00012953,1.845,1.2207000000000001,False
117756,00031235,12.671666666666665,9.9171,False
117801,00031235,10.853333333333333,11.1949,False
117824,00003523,125.69,124.56160000000001,False
117840,00003792,136.01833333333335,139.00310000000002,False
117874,00003727,95.055,109.4255,False
118024,00003727,147.65333333333334,164.00910000000002,False
118041,00003727,91.20166666666667,103.51180000000001,False
118098,00003727,90.03500000000001,74.5379,False
118155,00037376,174.375,154.4159,False
118156,00008154,35.98833333333334,25.5718,False
118160,00008154,24.045,19.3409,False
118196,00000001,126.11833333333334,96.8797,False
118197,00003727,68.94833333333332,53.047599999999996,False
118213,00002161,149.15666666666667,126.3744,False
118241,00003727,208.68666666666667,210.594,False
118288,00003523,127.83166666666666,105.62289999999999,False
118350,00000001,10.753333333333334,4.853800000000001,False
118361,00037376,47.559999999999995,23.1241,False
118373,00003727,147.63500000000002,163.99710000000002,False
118382,00010777,119.74666666666667,157.007,False
118393,00003523,101.525,87.3787,False
118402,00003523,75.02166666666668,85.4095,False
118437,00003523,111.03166666666667,118.79780000000001,False
118456,00016148,54.46333333333334,53.3851,False
118458,00037783,169.1,157.7113,False
118487,00000001,81.115,53.4968,False
118518,00037376,109.43,95.7003,False
118526,00003494,161.27,162.5712,False
118572,00010723,19.858333333333334,15.2648,False
118592,00037376,73.94,47.8901,False
118666,00002161,112.33999999999999,154.8256,False
118684,00003494,33.57666666666667,26.048299999999998,False
118686,00003727,110.80666666666666,121.745,False
118720,00003523,11.74,10.6759,False
118736,00003494,262.6333333333333,206.91639999999998,False
118759,00003494,107.55,83.2517,False
118803,00002161,441.8283333333333,616.3942,False
118809,00010777,179.94666666666666,223.8775,False
118819,00003494,284.385,228.0715,False
118857,00037376,64.48666666666666,44.7596,False
118886,00016148,28.151666666666664,38.511300000000006,False
118918,00003494,105.46499999999999,79.9735,False
118930,00037783,1.845,0.6972999999999999,False
118949,00020274,91.37666666666668,64.1858,False
119057,00003523,91.86,113.3696,False
119089,00000066,0.0,0.0,False
119096,00008154,70.23,55.3838,False
119125,00000162,217.02833333333334,149.34720000000002,False
119230,00002161,467.8183333333333,616.2855999999999,False
119232,00003494,149.29833333333332,149.3023,False
119262,00003792,9.423333333333334,6.8401000000000005,False
119302,00031235,165.40833333333333,98.2953,False
119313,00002161,40.068333333333335,43.314800000000005,False
119332,00003523,78.25166666666668,81.34660000000001,False
119422,00003494,185.435,187.44889999999998,False
119450,00003727,177.56333333333333,157.53570000000002,False
119452,00003494,293.205,220.1955,False
119502,00037376,159.78833333333333,143.9418,False
119510,00011409,3.54,2.8139000000000003,False
119589,00003727,72.80166666666668,67.39089999999999,False
119597,00003494,42.605000000000004,27.9668,False
119598,00011775,97.35833333333333,89.13080000000001,False
119604,00002161,145.53833333333333,144.2003,False
119609,00037783,137.69833333333332,138.9133,False
119721,00003494,256.29333333333335,209.4691,False
119749,00011396,53.74,69.25569999999999,False
119789,00010777,123.86,144.3466,False
119805,00037376,82.15833333333333,53.239,False
119812,00000001,126.58333333333333,101.05069999999999,False
119828,00010777,97.82166666666667,135.8957,False
119888,00011409,4922.591666666666,415.9765,False
119892,00003770,21.21333333333333,22.3672,False
119895,00008154,86.105,60.3255,False
119918,00003727,125.71000000000001,123.1665,False
120008,00010723,23.021666666666665,18.714299999999998,False
120039,00003523,87.16333333333334,84.99239999999999,False
120044,00002161,77.92333333333333,76.3102,False
120058,00003727,208.42666666666668,229.1277,False
120141,00010723,20.451666666666664,15.950899999999999,False
120158,00003494,34.875,25.375400000000003,False
120159,00003655,20.208333333333332,9.0955,False
120183,00037783,296.5933333333333,265.4316,False
120256,00031235,81.7,66.101,False
120264,00037376,71.05666666666666,53.421699999999994,False
120291,00003523,9.156666666666666,3.6976,False
120310,00003792,37.690000000000005,25.0289,False
120406,00003523,106.01666666666667,97.0891,False
120439,00037376,196.81166666666667,169.3444,False
120450,00003792,23.813333333333333,17.6393,False
120500,00003523,233.61666666666667,222.9218,False
120542,00011775,79.555,48.711400000000005,False
120565,00038493,2.585,1.3207,False
120593,00016148,6.776666666666667,6.2014,False
120633,00008154,83.81666666666666,63.5504,False
120668,00003727,168.61333333333332,157.288,False
120711,00002161,62.285,63.2782,False
120719,00003727,140.77333333333334,118.45939999999999,False
120770,00003494,35.593333333333334,34.3598,False
120841,00003727,158.82999999999998,132.2579,False
120857,00003494,78.045,76.4561,False
120868,00016148,78.61,76.3438,False
120883,00008154,7.928333333333333,5.1925,False
120915,00003494,37.50666666666667,24.1493,False
120935,00002161,160.99833333333333,168.84920000000002,False
120937,00016148,23.88,21.067,False
120973,00037376,30.421666666666667,19.504099999999998,False
120997,00010777,88.99833333333332,113.4936,False
121023,00003655,338.455,217.2988,False
121033,00010777,137.14166666666668,152.5911,False
121072,00016148,108.40166666666667,94.79780000000001,False
121090,00003727,83.47,107.80539999999999,False
121154,00003494,17.584999999999997,19.1159,False
121185,00038493,3.5949999999999998,2.7702,False
121186,00016148,7.795,7.8303,False
121205,00020274,81.35,57.5077,False
121210,00010777,177.79500000000002,236.8725,False
121221,00016148,35.391666666666666,42.848,False
121234,00003655,44.97,45.964,False
121241,00002161,86.55,46.6366,False
121256,00003494,77.58833333333334,75.9589,False
121284,00003655,6.126666666666667,2.5815,False
121293,00003494,158.92999999999998,161.56429999999997,False
121297,00003523,160.03833333333333,177.409,False
121345,00003727,88.205,104.82130000000001,False
121378,00010777,71.69166666666666,99.13369999999999,False
121384,00031235,75.70166666666667,67.1584,False
121504,00003494,31.955,41.255300000000005,False
121551,00003494,253.19333333333333,207.4127,False
121578,00000210,869.2566666666667,77.98389999999999,False
121594,00003494,77.66666666666667,85.3403,False
121600,00003494,68.55333333333333,77.8635,False
121611,00031235,81.75500000000001,87.0798,False
121642,00003727,15.286666666666667,8.6797,False
121644,00037376,28.813333333333333,16.323,False
121664,00037783,169.1,157.7113,False
121773,00003655,20.916666666666668,19.322599999999998,False
121779,00003792,13.648333333333333,12.943299999999999,False
121809,00003727,168.60666666666665,151.5683,False
121842,00003523,248.315,178.2234,False
121872,00003523,98.71833333333333,73.2903,False
121967,00008154,34.00833333333333,24.8736,False
121975,00000066,11.84,6.3898,False
122039,00003494,132.39666666666668,96.9264,False
122068,00031235,129.57166666666666,136.3159,False
122168,00003655,11.74,7.6513,False
122188,00003523,39.6,55.1799,False
122200,00010723,46.30333333333333,41.7155,False
122212,00011396,9.764999999999999,10.2545,False
122293,00003494,167.495,161.83939999999998,False
122318,00011775,138.675,117.2241,False
122323,00003494,40.07833333333333,36.419,False
122363,00003655,11.431666666666667,10.6829,False
122377,00010723,39.809999999999995,35.1271,False
122464,00016148,70.4,58.962300000000006,False
122480,00003727,148.69166666666666,165.4638,False
122483,00002161,232.53,188.24370000000002,False
122500,00003523,85.64666666666668,98.3125,False
122516,00011396,58.94666666666667,73.9026,False
122542,00001910,18.0,14.0052,False
122570,00003792,28.98166666666667,22.755,False
122596,00016148,17.02,23.311,False
122600,00003727,90.03500000000001,74.5379,False
122603,00016148,4.155,4.424300000000001,False
122626,00011775,63.85,56.500699999999995,False
122649,00003727,9.16,4.1338,False
122679,00003792,5.241666666666666,3.6096,False
122742,00011775,104.75333333333333,95.7893,False
122758,00037376,179.22333333333333,128.15810000000002,False
122840,00000162,0.0,0.0,False
122841,00010723,41.51833333333333,39.764300000000006,False
122892,00002161,467.8183333333333,616.2855999999999,False
122925,00003523,90.53666666666666,110.95989999999999,False
122981,00003727,83.52833333333334,95.152,False
123090,00003792,31.381666666666668,25.4235,False
123124,00010777,190.00166666666667,244.9818,False
123157,00001910,26.863333333333333,23.366799999999998,False
123163,00000066,0.0,0.0,False
123182,00003727,146.03833333333333,143.9204,False
123232,00003523,121.02166666666668,99.6851,False
123324,00003494,84.75333333333333,83.55330000000001,False
123328,00002161,138.985,121.8267,False
123374,00003727,92.81,107.0318,False
123411,00000001,81.115,53.4968,False
123414,00000001,67.82166666666667,46.2034,False
123442,00010723,34.62166666666667,30.8935,False
123448,00003494,178.54500000000002,145.00889999999998,False
123486,00003655,41.02833333333333,33.7736,False
123517,00003727,112.08666666666666,122.4738,False
123533,00002161,450.26500000000004,609.0385,False
123587,00003655,81.08500000000001,72.8588,False
123594,00031235,99.44,60.3589,False
123599,00016148,77.055,61.887800000000006,False
123701,00003727,137.91333333333333,145.3022,False
123718,00003494,230.57166666666666,166.8903,False
123727,00003727,120.18166666666666,125.8208,False
123728,00003727,148.51666666666668,161.3682,False
123780,00003494,152.48999999999998,122.82430000000001,False
123792,00037376,55.67833333333333,35.8894,False
123805,00003655,19.185,10.754700000000001,False
123829,00011775,145.37333333333333,121.35589999999999,False
123860,00003494,73.69333333333334,56.184599999999996,False
123862,00031235,114.57833333333333,68.45639999999999,False
123873,00010723,15.736666666666668,13.134,False
123891,00003754,82.96166666666666,85.4192,False
123932,00031235,124.645,87.7212,False
123985,00010723,57.291666666666664,44.0935,False
123990,00003655,49.65,51.259,False
124010,00003494,47.263333333333335,24.8006,False
124033,00003494,183.93666666666667,148.69289999999998,False
124053,00031235,140.56666666666666,140.1057,False
124061,00003655,61.07,60.0279,False
124071,00003523,119.90666666666667,126.06410000000001,False
124093,00037783,346.0833333333333,312.5431,False
124111,00003523,35.96,26.219900000000003,False
124133,00003727,107.15833333333333,109.6798,False
124138,00031235,14.486666666666668,14.8926,False
124147,00011409,3864.1266666666666,324.459,False
124239,00037376,117.03,104.575,False
124258,00035125,43.044999999999995,29.2729,False
124289,00003494,96.00333333333333,91.4143,False
124340,00016148,7.623333333333333,6.7036999999999995,False
124438,00016148,114.86666666666666,102.9101,False
124517,00010777,111.925,119.8236,False
124634,00003523,13.139999999999999,17.2694,False
124641,00003727,45.86333333333334,64.7568,False
124643,00000066,0.0,0.0,False
124662,00002161,91.6,96.5872,False
124686,00037376,40.14333333333333,24.0823,False
124729,00012243,14.668333333333333,15.6213,False
124743,00010777,158.77833333333334,214.44070000000002,False
124760,00003494,183.86166666666668,144.0856,False
124779,00003727,221.1,170.6326,False
124841,00037376,85.72166666666666,68.66239999999999,False
124950,00002161,443.425,619.7011,False
125012,00000001,11.821666666666665,8.4806,False
125041,00003727,216.665,156.7908,False
125048,00003494,152.05166666666668,93.2287,False
125070,00037783,255.725,246.8972,False
125091,00003494,175.91333333333333,136.96439999999998,False
125140,00003598,2.565,1.8961,False
125255,00003727,156.04,206.40370000000001,False
125265,00010723,38.32,33.077400000000004,False
125306,00003494,40.70166666666667,25.6496,False
125319,00010723,16.8,13.2626,False
125322,00003727,141.4,95.8532,False
125413,00015230,16.5,13.092,False
125515,00031235,66.575,34.9915,False
125526,00000066,0.0,0.0,False
125591,00003727,143.58333333333334,143.5275,False
125592,00011409,4906.8,409.5034,False
125657,00003494,210.82333333333332,170.9617,False
125661,00003655,22.811666666666667,22.749200000000002,False
125672,00008154,39.995,29.012700000000002,False
125721,00011409,4927.673333333334,418.1921,False
125722,00011775,134.405,112.33160000000001,False
125790,00003523,200.905,176.3346,False
125808,00003727,279.3316666666667,203.114,False
125886,00003727,246.13833333333332,188.448,False
125940,00003727,177.71166666666667,157.63410000000002,False
125969,00037376,78.33333333333333,46.747699999999995,False
126044,00010723,32.336666666666666,29.5177,False
126054,00003494,80.39833333333333,88.284,False
126062,00003494,79.70333333333333,64.5374,False
126075,00010723,21.740000000000002,17.5728,False
126104,00003494,70.31166666666667,48.3376,False
126107,00031235,81.38333333333334,56.849599999999995,False
126112,00000162,0.0,0.0,False
126123,00003727,123.33833333333334,75.6106,False
126126,00003494,33.656666666666666,21.6542,False
126144,00000001,125.83666666666666,100.5907,False
126151,00010723,8.285,6.0074,False
126155,00003792,10.061666666666667,10.5094,False
126159,00003792,60.894999999999996,44.8722,False
126189,00003523,118.35333333333332,114.8474,False
126193,00002021,28.133333333333333,28.392,False
126208,00031235,83.92666666666668,53.9602,False
126286,00035125,25.451666666666664,17.6602,False
126377,00003727,76.39666666666668,56.1475,False
126405,00002161,89.13333333333334,85.1281,False
126435,00031235,69.11833333333334,48.161,False
126438,00011409,3865.8733333333334,325.1849,False
126442,00000001,126.46166666666666,102.3048,False
126492,00002161,64.48833333333333,62.3837,False
126510,00003494,94.79166666666667,86.08239999999999,False
126531,00003727,27.651666666666664,37.6235,False
126568,00003494,115.79833333333333,99.5535,False
126575,00003494,36.74333333333333,29.3642,False
126587,00003727,91.01,101.0212,False
126690,00003727,22.371666666666666,30.7012,False
126740,00003494,115.94666666666667,89.05460000000001,False
126790,00003494,116.53500000000001,77.0561,False
126801,00002161,59.44666666666667,60.3196,False
126807,00003792,55.56666666666667,38.2726,False
126897,00003523,12.25,9.656799999999999,False
126955,00002161,43.269999999999996,52.523900000000005,False
126960,00031235,85.13833333333334,49.0486,False
126961,00003727,268.195,211.2272,False
126982,00016148,49.05,64.98830000000001,False
126984,00008154,4.251666666666667,3.3906,False
127081,00003494,64.80666666666667,78.8334,False
127083,00003792,121.60666666666665,120.8488,False
127135,00003523,70.14333333333335,54.7741,False
127141,00031235,91.40833333333333,97.8995,False
127145,00000001,21.868333333333332,17.015700000000002,False
127204,00003727,18.490000000000002,22.7613,False
127266,00010777,43.72166666666667,34.905,False
127321,00002161,28.295,21.2445,False
127325,00003494,115.79833333333333,99.5535,False
127376,00016148,19.065,23.663,False
127390,00003727,151.43833333333333,144.2689,False
127412,00011775,1.2666666666666666,0.5127999999999999,False
127436,00031235,83.56,65.3269,False
127457,00031235,5.05,5.0835,False
127472,00003494,153.90166666666667,158.11829999999998,False
127536,00003727,126.51666666666667,131.9845,False
127569,00003655,29.453333333333333,25.251,False
127666,00038493,23.005,23.7183,False
127690,00011409,2205.588333333333,184.78529999999998,False
127695,00003523,81.25833333333334,74.5948,False
127742,00003727,110.17666666666668,123.44189999999999,False
127772,00003494,260.3483333333333,212.16279999999998,False
127796,00003727,97.37833333333333,86.4382,False
127801,00037376,62.13166666666667,41.222699999999996,False
127817,00003523,157.03333333333333,128.6518,False
127832,00003523,111.47666666666667,132.3726,False
127846,00003494,89.18833333333333,97.7842,False
127860,00003792,65.60833333333333,66.92460000000001,False
127946,00003655,12.773333333333333,8.5827,False
127952,00016148,47.775,41.511199999999995,False
127971,00003727,209.54,160.1598,False
128016,00002161,441.8283333333333,616.3942,False
128020,00000001,126.58333333333333,101.05069999999999,False
128023,00003727,82.43333333333334,89.8981,False
128055,00010777,88.76166666666667,109.984,False
128160,00003727,92.845,105.5126,False
128221,00008154,65.32166666666667,45.823800000000006,False
128225,00003523,142.90166666666667,126.332,False
128238,00031235,7.921666666666667,7.514600000000001,False
128290,00003523,165.80833333333334,180.5845,False
128352,00010723,26.07,21.6702,False
128379,00003727,283.34166666666664,301.6605,False
128380,00003598,1.995,1.0428,False
128545,00003494,68.06666666666666,53.8367,False
128548,00000001,126.58333333333333,101.05069999999999,False
128590,00003727,11.375,15.1951,False
128655,00003727,34.913333333333334,31.6341,False
128688,00037376,107.76,81.94630000000001,False
128734,00003523,193.65833333333333,203.0344,False
128742,00003523,65.02833333333334,49.5088,False
128756,00003727,16.571666666666665,23.3571,False
128777,00002161,163.46666666666667,161.34810000000002,False
128808,00003523,71.99499999999999,81.37480000000001,False
128809,00011775,47.72666666666667,47.025800000000004,False
128851,00003523,70.825,54.6049,False
128855,00003494,123.28999999999999,118.44210000000001,False
128891,00000066,0.0,0.0,False
128933,00016148,47.415,62.6931,False
129012,00003727,87.74499999999999,89.7739,False
129033,00003494,173.88833333333332,176.53320000000002,False
129051,00003792,47.42166666666667,35.8467,False
129076,00037376,15.285,9.2458,False
129089,00002161,103.45,95.90180000000001,False
129185,00003494,86.92333333333333,94.6352,False
129188,00003727,94.04666666666667,101.5227,False
129247,00003727,243.50833333333333,253.7406,False
129263,00003494,144.61666666666667,118.2625,False
129305,00003494,183.81166666666667,144.0519,False
129311,00031235,79.55,45.1113,False
129329,00016148,71.07666666666667,59.4007,False
129374,00008154,61.958333333333336,49.8678,False
129434,00031235,84.60833333333333,58.4628,False
129458,00003494,6.816666666666666,8.0221,False
129463,00003494,213.64333333333335,159.86270000000002,False
129474,00003494,103.725,91.8527,False
129484,00003523,220.17166666666665,220.5615,False
129489,00003727,263.7583333333333,283.1463,False
129534,00011396,201.04333333333335,174.4205,False
129546,00003494,106.15,74.2365,False
129561,00003523,4.538333333333333,2.95,False
129583,00031235,129.32666666666668,132.5377,False
129592,00003655,57.223333333333336,52.447,False
129600,00002161,149.05166666666668,206.6145,False
129629,00016148,31.975,35.5799,False
129635,00000001,126.58333333333333,101.05069999999999,False
129654,00002161,81.365,78.64439999999999,False
129661,00016148,43.99,41.310199999999995,False
129703,00000001,93.89166666666667,70.8639,False
129801,00037376,29.038333333333334,15.411700000000002,False
129840,00003523,80.38166666666666,94.7227,False
129850,00003523,16.986666666666668,23.375700000000002,False
129935,00003523,104.58,77.1959,False
129938,00002161,93.31666666666666,87.2255,False
130012,00003727,93.58500000000001,102.1448,False
130131,00002161,444.1166666666667,619.7659,False
130137,00003727,5.6,7.9157,False
130259,00010777,75.685,104.6391,False
130293,00002021,2.835,2.5125,False
130305,00011775,21.685,23.7085,False
130321,00031235,80.27833333333334,41.705400000000004,False
130390,00003727,74.83833333333334,105.00689999999999,False
130419,00003727,86.34833333333333,105.4934,False
130457,00031235,76.64833333333333,53.1834,False
130504,00000001,126.58333333333333,101.05069999999999,False
130512,00003523,4.261666666666667,3.5784000000000002,False
130599,00008154,74.74333333333334,49.1626,False
130613,00010723,42.98166666666667,42.2902,False
130682,00003727,226.48833333333332,172.162,False
130697,00003523,8.675,3.4987,False
130742,00031235,47.61833333333333,33.9435,False
130763,00003727,80.93666666666667,94.55669999999999,False
130766,00003523,208.36499999999998,158.67010000000002,False
130776,00010777,24.891666666666666,22.654400000000003,False
130840,00031235,116.45666666666666,79.2522,False
130900,00010777,44.16166666666666,52.7981,False
131014,00003494,48.655,29.896900000000002,False
131035,00016148,46.125,42.8415,False
131041,00002161,19.991666666666667,24.794,False
131045,00000066,0.0,0.0,False
131073,00010777,34.19166666666667,44.662699999999994,False
131131,00003727,253.435,191.4801,False
131181,00003727,266.93666666666667,285.5132,False
131199,00031235,67.47166666666666,37.299099999999996,False
131208,00003494,99.01666666666667,105.6814,False
131413,00031235,95.95666666666666,102.81530000000001,False
131424,00003727,80.67666666666668,70.6556,False
131454,00037376,71.90333333333334,54.9595,False
131456,00003494,143.82000000000002,113.15889999999999,False
131499,00003655,26.916666666666668,27.182,False
131537,00037376,73.655,35.5399,False
131550,00011775,20.16,16.9802,False
131568,00003727,116.045,125.2375,False
131577,00002161,443.425,619.7011,False
131662,00003494,70.81,68.61110000000001,False
131684,00003727,20.648333333333333,28.438299999999998,False
131695,00003727,117.88333333333334,131.636,False
131720,00031235,69.02166666666668,54.930800000000005,False
131743,00002161,164.73,220.8446,False
131776,00003727,76.93666666666667,90.51589999999999,False
131795,00003727,85.2,98.92989999999999,False
131838,00010777,157.82166666666666,133.0584,False
131849,00003523,173.87166666666664,189.9094,False
131964,00016148,43.41833333333333,49.6888,False
131977,00003792,48.35,35.3211,False
131992,00002021,25.220000000000002,24.0021,False
132032,00003523,101.26166666666667,73.2115,False
132042,00003494,90.89833333333333,88.7037,False
132045,00003727,72.86666666666666,67.4178,False
132065,00000162,5.253333333333333,2.1881999999999997,False
132144,00002161,143.48333333333332,122.6033,False
132146,00002161,151.56,133.932,False
132156,00003494,180.42833333333334,175.65179999999998,False
132177,00003655,135.575,129.2388,False
132211,00003494,73.24333333333334,72.10289999999999,False
132293,00003494,212.52666666666667,172.0944,False
132366,00002161,34.84,37.4996,False
132367,00031235,67.56833333333333,42.8875,False
132401,00010777,81.57833333333333,112.8345,False
132436,00037376,12.221666666666666,7.430899999999999,False
132636,00003494,39.34666666666667,34.749300000000005,False
132647,00003523,2.6766666666666667,2.6961,False
132655,00002161,166.735,135.7784,False
132659,00020274,97.74333333333334,68.1183,False
132701,00016148,39.39,53.1387,False
132742,00037376,23.298333333333336,14.9308,False
132842,00003494,78.135,55.6848,False
132872,00010723,28.466666666666665,24.331799999999998,False
132881,00031235,52.24333333333333,36.5334,False
132905,00010723,28.28166666666667,25.5537,False
132911,00016148,15.748333333333333,18.834,False
132923,00003727,115.78999999999999,129.4179,False
132932,00010777,142.55499999999998,198.74429999999998,False
132979,00003523,49.236666666666665,62.859199999999994,False
132995,00003792,69.03999999999999,56.0817,False
133118,00002161,40.75,42.3928,False
133120,00003494,109.21499999999999,102.1184,False
133145,00003727,133.22333333333333,115.3178,False
133166,00002161,148.56833333333333,128.15019999999998,False
133191,00002161,104.655,107.2718,False
133209,00037783,169.1,157.7113,False
133217,00000001,81.115,53.4968,False
133224,00002161,173.94,186.4383,False
133244,00002161,166.03,172.986,False
133302,00011775,11.215,14.8204,False
133342,00002161,173.215,240.5133,False
133346,00031235,125.49666666666667,85.476,False
133353,00003494,26.39,17.801099999999998,False
133363,00003727,258.3616666666667,261.7314,False
133375,00003494,69.73333333333333,77.52289999999999,False
133406,00003792,15.133333333333333,15.130600000000001,False
133428,00003792,54.90333333333333,48.674800000000005,False
133430,00003727,222.24166666666667,171.6563,False
133459,00002161,226.095,185.5727,False
133501,00003727,83.46499999999999,93.45639999999999,False
133505,00001910,2.835,1.6072,False
133521,00003523,82.59333333333333,61.2646,False
210012,00031235,36.516666666666666,34.8677,False
210045,00003727,82.32833333333333,94.3514,False
210046,00000001,5.04,2.7213000000000003,False
210096,00002161,89.28666666666666,93.3168,False
210169,00003523,77.73333333333333,53.3494,False
210197,00003523,51.47166666666667,42.0353,False
210213,00003727,28.346666666666668,37.999900000000004,False
210300,00011775,11.65,11.378200000000001,False
210310,00010777,43.56333333333334,53.224599999999995,False
210348,00003494,145.06333333333333,123.89989999999999,False
210365,00011396,8.296666666666667,6.575,False
210480,00010777,48.208333333333336,62.2116,False
210501,00003727,129.12,125.33,False
210539,00010723,18.735,14.5085,False
210611,00003727,36.55333333333333,50.9634,False
210663,00003727,64.66,77.538,False
210670,00035125,78.34333333333333,56.9679,False
210671,00003727,9.104999999999999,4.5607,False
210714,00003727,90.68666666666667,102.6422,False
210834,00003523,74.77833333333334,53.572,False
210874,00003523,50.52166666666667,59.789,False
210927,00003523,90.12833333333333,80.5095,False
210942,00003494,32.95666666666667,27.4542,False
210989,00010777,140.90333333333334,127.4697,False
211093,00003727,130.80166666666668,135.0426,False
211134,00003494,84.78666666666666,66.1539,False
211246,00035125,82.65,64.4851,False
211301,00003727,54.53333333333333,36.7455,False
211394,00011409,3865.701666666667,325.113,False
211396,00003494,41.63333333333333,28.7256,False
211397,00003523,138.05666666666667,157.4242,False
211420,00003523,80.95166666666667,60.173300000000005,False
211472,00031235,104.02166666666668,111.5468,False
211523,00010723,30.275,25.9686,False
211564,00003494,56.288333333333334,52.916599999999995,False
211572,00000001,56.57833333333333,36.3961,False
211761,00002161,134.82666666666668,186.59189999999998,False
211813,00010777,199.75166666666667,251.4661,False
211815,00003494,98.985,92.9969,False
211842,00037376,103.65666666666667,76.6603,False
211851,00003523,123.07666666666667,103.1781,False
211861,00003494,137.89333333333335,118.0501,False
211866,00003494,127.66499999999999,83.0363,False
211919,00003523,23.043333333333333,24.0729,False
211937,00000066,0.0,0.0,False
211958,00003523,75.08999999999999,54.0848,False
212021,00003770,15.175,16.407,False
212090,00003494,110.76,102.72439999999999,False
212148,00016148,10.99,12.163,False
212179,00003523,89.49499999999999,67.5736,False
212374,00002161,79.63666666666667,79.66760000000001,False
212431,00002161,131.51333333333335,123.7195,False
212447,00003494,161.16666666666666,133.53910000000002,False
212506,00010777,136.72166666666666,184.34810000000002,False
212562,00003727,114.79833333333333,160.3868,False
212567,00003727,149.48166666666665,122.0707,False
212575,00011409,4927.673333333334,418.1921,False
212592,00031235,24.186666666666667,25.194200000000002,False
212628,00016148,95.41000000000001,71.8802,False
212637,00002021,17.09,8.9839,False
212661,00003655,70.36166666666666,73.6262,False
212672,00003727,83.69166666666666,97.6958,False
212682,00016148,152.33666666666667,112.92139999999999,False
212706,00003727,273.05,212.07,False
212764,00000210,1746.3316666666665,159.1198,False
212797,00010777,90.66166666666666,122.6512,False
212806,00000001,92.67333333333333,75.92580000000001,False
213016,00003655,3.9516666666666667,4.3228,False
213019,00003727,142.82833333333335,119.31160000000001,False
213048,00000001,81.115,53.4968,False
213051,00010777,131.27666666666667,182.8137,False
213121,00003727,89.84166666666667,61.7374,False
213172,00003655,31.71833333333333,25.5045,False
213295,00002161,91.05666666666666,95.8151,False
213338,00000066,0.0,0.0,False
213513,00003727,260.56333333333333,262.8665,False
213516,00003792,84.19166666666666,66.0992,False
213548,00003727,138.84,145.9225,False
213552,00003494,224.01166666666668,175.2707,False
213557,00003792,273.31333333333333,232.5217,False
213558,00003727,93.58500000000001,102.1448,False
213573,00003494,24.466666666666665,14.1,False
213591,00010267,16.433333333333334,16.8375,False
213625,00003727,158.82999999999998,132.2579,False
213727,00003727,8.33,11.7103,False
213732,00003754,93.2,95.99789999999999,False
213740,00037783,37.65833333333333,27.8794,False
213792,00003494,212.56333333333333,172.11929999999998,False
213797,00037783,169.07166666666666,157.6997,False
213895,00003727,133.705,182.47879999999998,False
213933,00011775,62.30333333333333,61.9174,False
214000,00002161,175.30666666666667,181.40279999999998,False
214011,00003655,396.6766666666666,275.8065,False
214033,00003494,126.16000000000001,93.7713,False
214057,00003754,27.154999999999998,38.3385,False
214077,00003727,73.39,86.13380000000001,False
214082,00003727,59.18666666666666,70.16510000000001,False
214089,00003494,162.84,132.8572,False
214148,00010777,62.07333333333334,80.8569,False
214174,00002161,138.95499999999998,177.2029,False
214276,00003523,45.95333333333333,53.6724,False
214330,00003727,5.295,7.4358,False
214594,00003523,170.93333333333334,187.3819,False
214649,00010777,83.59833333333333,95.072,False
214737,00003523,118.27,103.3869,False
214764,00031235,35.080000000000005,37.1751,False
214773,00011775,31.825,31.146,False
214794,00000001,33.84166666666667,24.2607,False
214803,00003727,215.245,235.3651,False
214909,00003727,74.28166666666667,55.2776,False
214925,00003792,137.21,76.5413,False
215000,00016148,49.440000000000005,54.2835,False
215050,00003727,271.00166666666667,198.6305,False
215094,00003494,66.35666666666667,75.7912,False
215130,00003727,63.29833333333333,50.7083,False
215179,00003727,116.77333333333333,125.73689999999999,False
215244,00037376,80.865,61.1404,False
215256,00011409,4928.67,418.5697,False
215268,00037376,110.925,83.13239999999999,False
215325,00003523,16.54,19.9436,False
215384,00003494,260.12333333333333,203.7551,False
215407,00011775,139.79500000000002,117.7867,False
215485,00003523,177.00833333333333,191.6446,False
215551,00003754,73.01166666666667,87.6145,False
215589,00003494,110.24666666666667,102.5273,False
215600,00003727,95.43833333333333,93.761,False
215605,00003523,82.65833333333333,96.3695,False
215638,00000001,82.74166666666666,59.3966,False
215651,00003655,21.220000000000002,14.333,False
215684,00003727,148.91666666666666,147.08079999999998,False
215739,00003523,63.934999999999995,64.8775,False
215839,00003754,91.68833333333333,95.3714,False
216003,00003727,119.94833333333332,115.6703,False
216043,00003727,147.23,163.72889999999998,False
216054,00010777,81.16333333333334,108.9254,False
216154,00003523,54.97166666666667,44.6857,False
216218,00016148,63.51833333333333,62.2757,False
216281,00003727,120.51333333333334,74.4355,False
216285,00002161,115.01333333333334,127.1134,False
216351,00003770,21.478333333333335,9.128200000000001,False
216358,00011409,3865.8733333333334,325.1849,False
216395,00037783,151.785,142.6535,False
216437,00010723,17.526666666666664,13.8544,False
216573,00003523,11.245000000000001,8.5748,False
216616,00003727,257.2583333333333,259.7324,False
216621,00037783,137.69833333333332,138.9133,False
216643,00003727,83.935,95.4221,False
216671,00010777,214.84666666666666,261.49379999999996,False
216715,00003523,32.55833333333333,35.104800000000004,False
216764,00003727,60.995,72.03869999999999,False
216768,00016148,2.43,2.8183000000000002,False
216781,00003727,90.44166666666666,96.0262,False
216803,00003727,315.755,316.28929999999997,False
216848,00003792,26.89333333333333,21.540200000000002,False
216929,00002161,443.425,619.8240999999999,False
216983,00003727,48.65333333333333,48.9706,False
217030,00011409,2211.211666666667,186.5399,False
217060,00016148,5.301666666666667,5.6423000000000005,False
217097,00003727,58.663333333333334,78.207,False
217201,00010777,102.71666666666667,128.3367,False
217204,00008154,32.885,24.0671,False
217216,00003727,94.76166666666667,63.7838,False
217236,00003727,89.93166666666666,100.6246,False
217244,00011396,101.6,90.69439999999999,False
217283,00003792,69.72,47.762,False
217292,00003727,185.44166666666666,215.0166,False
217301,00001910,6.23,4.9015,False
217355,00011409,2205.233333333333,184.65179999999998,False
217382,00003727,140.32166666666666,95.40480000000001,False
217397,00003727,129.87,82.6568,False
217475,00003523,64.28333333333333,65.88210000000001,False
217533,00002021,30.528333333333332,25.8406,False
217536,00003655,40.748333333333335,22.47,False
217575,00003494,177.74333333333334,140.0199,False
217606,00003494,142.01166666666668,119.507,False
217678,00001910,6.135000000000001,5.071,False
217683,00031235,104.56,75.4876,False
217732,00003727,94.71000000000001,63.7625,False
217756,00011409,2211.211666666667,186.5399,False
217763,00010723,168.185,117.3148,False
217790,00003727,63.065000000000005,80.3732,False
217811,00003494,62.708333333333336,36.2725,False
217863,00000066,0.0,0.0,False
217868,00003655,19.188333333333333,12.364799999999999,False
217892,00016148,71.39166666666667,66.7092,False
217906,00037376,49.495,23.933799999999998,False
217958,00010777,190.14833333333334,243.2593,False
217992,00000066,0.0,0.0,False
218015,00003727,8.67,12.2001,False
218065,00008154,27.636666666666667,21.5025,False
218173,00003727,95.64166666666667,109.99730000000001,False
218232,00003727,101.48666666666666,116.211,False
218279,00003792,125.45833333333333,129.1447,False
218290,00003523,19.28666666666667,26.2227,False
218324,00003494,162.38666666666668,144.778,False
218366,00002161,443.425,619.8240999999999,False
218367,00002161,160.34666666666666,150.7136,False
218383,00003727,53.66,74.2042,False
218391,00003727,147.63500000000002,163.99710000000002,False
218406,00003494,112.78166666666667,86.9487,False
218439,00003727,80.04166666666667,92.8323,False
218459,00003727,111.35,156.2247,False
218516,00011409,3865.8733333333334,325.1849,False
218685,00003727,210.53166666666667,224.1523,False
218832,00003494,137.51833333333335,114.18060000000001,False
218856,00003727,134.61333333333334,84.60010000000001,False
218956,00003494,181.35666666666665,152.4564,False
219040,00003727,20.368333333333332,28.7142,False
219050,00003523,59.66,47.8004,False
219074,00003494,50.86333333333334,44.7354,False
219139,00003727,186.11833333333334,150.5434,False
219145,00031235,158.84833333333333,95.56939999999999,False
219152,00035125,20.65666666666667,14.5562,False
219170,00003727,203.22833333333335,205.37820000000002,False
219190,00003727,101.92,105.5577,False
219274,00003523,116.02833333333334,84.2218,False
219291,00037376,98.77666666666667,63.3785,False
219308,00016148,42.61333333333334,45.5339,False
219387,00011396,53.785,39.2031,False
219409,00003727,127.54833333333333,81.6926,False
219412,00003523,26.141666666666666,22.1318,False
219417,00003523,96.59166666666667,90.74560000000001,False
219428,00000066,0.0,0.0,False
219446,00003727,147.515,151.1097,False
219468,00000210,140.24833333333333,14.3115,False
219483,00003727,61.105000000000004,72.112,False
219591,00003494,200.87333333333333,163.602,False
219612,00016148,63.611666666666665,69.3497,False
219628,00003727,59.18666666666666,70.16510000000001,False
219655,00031235,88.97333333333333,51.4605,False
219698,00038493,21.83833333333333,23.1369,False
219726,00003754,67.575,78.47330000000001,False
219727,00003727,148.95166666666668,137.6072,False
219776,00003727,117.29166666666667,163.9029,False
219831,00002161,443.425,619.8240999999999,False
219848,00003494,55.885,29.962799999999998,False
219919,00003770,76.11999999999999,52.7804,False
219969,00003792,67.94833333333334,47.041199999999996,False
220049,00003523,122.75166666666668,100.4033,False
220054,00003523,144.65333333333334,112.5607,False
220066,00003494,68.91166666666666,38.63,False
220106,00010777,27.188333333333333,34.2346,False
220162,00003523,47.43333333333333,49.288,False
220168,00016148,4.715,4.8279,False
220180,00003792,123.58166666666666,122.1618,False
220188,00003494,159.75666666666666,132.59879999999998,False
220219,00015230,2.5,1.5184000000000002,False
220316,00003727,66.63000000000001,75.8162,False
220321,00003727,164.97666666666666,128.5003,False
220322,00037783,296.5933333333333,265.4316,False
220410,00003523,84.07166666666667,82.3973,False
220480,00002161,170.765,226.7152,False
220510,00003494,65.82333333333334,75.43639999999999,False
220726,00003727,117.235,124.0024,False
220769,00003523,207.65333333333334,220.5856,False
220773,00003727,143.67166666666665,143.5854,False
220797,00003494,91.88000000000001,96.1692,False
220800,00003727,71.4,76.2877,False
220819,00037376,102.33666666666666,88.0438,False
220884,00010723,22.926666666666666,17.4897,False
220886,00016148,49.855000000000004,43.808699999999995,False
220911,00003494,78.70666666666666,58.2562,False
220938,00015230,22.616666666666667,19.0306,False
220963,00003727,150.38166666666666,148.0726,False
221087,00002161,443.425,619.8240999999999,False
221099,00031235,165.40333333333334,150.9733,False
221105,00010723,37.781666666666666,33.168699999999994,False
221164,00003727,123.73333333333333,120.8327,False
221240,00003523,92.88000000000001,66.9658,False
221243,00003727,257.22166666666664,259.71729999999997,False
221310,00003727,113.32,107.0504,False
221311,00000001,126.63833333333334,100.927,False
221330,00010777,40.81666666666667,53.4602,False
221383,00003523,107.58999999999999,84.02980000000001,False
221458,00012243,5.258333333333334,3.1264000000000003,False
221463,00031235,137.275,83.4204,False
221529,00003494,174.38833333333332,152.6773,False
221552,00003727,147.515,151.1097,False
221558,00003523,86.135,84.5206,False
221577,00003494,154.67999999999998,127.2151,False
221604,00003754,88.05833333333334,90.2031,False
221644,00035125,91.385,60.413599999999995,False
221650,00011775,51.57333333333334,47.255199999999995,False
221720,00003494,105.95666666666666,81.9308,False
221781,00003727,79.28333333333333,80.62110000000001,False
221897,00003494,93.71499999999999,102.6199,False
221903,00003655,91.855,93.0203,False
221965,00003494,137.95166666666668,118.0888,False
222058,00003727,113.44833333333332,104.2684,False
222081,00003494,69.11833333333334,78.5242,False
222141,00003727,14.633333333333333,14.451799999999999,False
222191,00003494,151.42999999999998,125.7835,False
222251,00008154,73.38166666666666,52.0177,False
222308,00003494,128.795,101.3467,False
222330,00003727,85.66666666666667,59.9989,False
222334,00002161,443.425,619.7011,False
222368,00031235,149.86833333333334,154.6599,False
222420,00000001,81.115,53.4968,False
222633,00000210,1739.9183333333335,152.1286,False
222641,00003727,80.32,89.0167,False
222648,00003494,134.14666666666668,120.01889999999999,False
222672,00010723,5.131666666666666,3.208,False
222709,00000066,0.0,0.0,False
222760,00003792,59.82166666666667,40.700199999999995,False
222808,00003727,146.665,163.7114,False
222825,00003494,66.92166666666667,52.405199999999994,False
222851,00003727,47.67833333333333,63.205,False
222869,00002161,97.66499999999999,102.7682,False
222924,00003494,138.86666666666667,118.69810000000001,False
222936,00031235,174.45833333333334,154.7254,False
222945,00031235,56.681666666666665,60.5597,False
222987,00000001,126.58333333333333,101.05069999999999,False
223077,00003494,20.698333333333334,18.762,False
223086,00003494,139.01833333333335,119.07039999999999,False
223116,00003727,40.755,29.360400000000002,False
223206,00008154,80.26,53.532199999999996,False
223230,00003494,267.7966666666667,217.0395,False
223249,00011409,3859.483333333333,322.5386,False
223263,00003727,128.18333333333334,133.3332,False
223405,00003727,89.10333333333332,65.656,False
223410,00002161,159.745,166.5095,False
223422,00000001,81.115,53.4968,False
223448,00003494,122.65833333333333,121.3257,False
223478,00000001,126.58333333333333,101.05069999999999,False
223600,00000001,126.58333333333333,101.05069999999999,False
223602,00010777,118.11833333333334,123.8675,False
223636,00003727,120.985,128.5484,False
223690,00011409,2205.588333333333,184.78529999999998,False
223760,00002161,192.31666666666666,175.124,False
223788,00031235,74.15333333333334,59.0088,False
223789,00037376,74.32333333333332,58.0541,False
223824,00011775,22.348333333333336,23.4417,False
223859,00035125,66.77333333333334,52.104,False
223860,00002161,127.52333333333333,169.92970000000003,False
223915,00031235,180.82833333333335,160.1842,False
223987,00003727,128.205,176.5282,False
223995,00003727,143.20499999999998,143.27579999999998,False
224071,00011775,74.13000000000001,45.097199999999994,False
224075,00003494,160.69500000000002,131.4256,False
224105,00003727,114.68833333333333,128.2458,False
224147,00037376,59.65833333333333,38.473699999999994,False
224150,00010723,33.55,30.1343,False
224162,00002161,103.45833333333333,105.1166,False
224188,00003727,92.79833333333333,105.2098,False
224237,00037376,124.88666666666667,85.43,False
224242,00003523,133.86666666666667,105.3648,False
224244,00003727,255.71833333333333,279.8444,False
224296,00003494,110.23166666666665,102.5217,False
224339,00003494,134.565,94.6316,False
224397,00016148,28.366666666666667,31.8759,False
224452,00010723,39.306666666666665,34.378699999999995,False
224476,00003494,45.63166666666667,37.716699999999996,False
224534,00003494,266.0516666666667,194.6382,False
224535,00037783,302.99666666666667,267.9918,False
224536,00010777,146.76666666666668,171.2174,False
224539,00010777,91.89,123.63539999999999,False
224563,00003494,75.87833333333333,60.2564,False
224648,00003727,238.73666666666668,180.46710000000002,False
224839,00037376,116.44,103.28460000000001,False
224842,00003523,124.16833333333334,90.2326,False
224905,00003655,120.69333333333334,112.6187,False
224942,00011409,4916.708333333333,413.63340000000005,False
225027,00002161,443.425,619.7011,False
225033,00011409,2211.211666666667,186.5399,False
225040,00000001,126.58333333333333,101.05069999999999,False
225044,00031235,20.351666666666667,14.8851,False
225102,00011409,2205.233333333333,184.65179999999998,False
225123,00000162,7.778333333333333,3.235,False
225130,00003494,58.980000000000004,38.2989,False
225175,00008154,39.623333333333335,29.701900000000002,False
225211,00003727,158.82999999999998,132.2579,False
225245,00010777,153.41666666666666,212.2114,False
225286,00000001,126.52333333333333,97.04780000000001,False
225399,00003792,85.66666666666667,86.3043,False
225422,00003727,168.505,184.5968,False
225423,00016148,18.861666666666668,23.2325,False
225428,00031235,58.92333333333333,42.5593,False
225466,00003523,9.623333333333333,8.2045,False
225482,00003523,46.84166666666667,30.7417,False
225565,00003727,69.74,81.1172,False
225787,00002161,153.58666666666667,158.4278,False
225845,00003523,105.42833333333333,91.24310000000001,False
225860,00010723,17.733333333333334,13.832799999999999,False
225883,00010777,126.76333333333334,161.67610000000002,False
225884,00010777,106.2,134.2954,False
225891,00000001,126.58333333333333,101.05069999999999,False
225951,00011409,3865.8733333333334,325.1849,False
225965,00002161,174.32000000000002,156.9691,False
226025,00011775,53.901666666666664,55.2143,False
226042,00011409,2205.9316666666664,184.941,False
226078,00003494,143.37,126.07469999999999,False
226114,00003523,72.87666666666668,69.0855,False
226153,00000066,0.0,0.0,False
226209,00003655,40.66833333333333,22.416700000000002,False
226212,00011409,2205.233333333333,184.65179999999998,False
226239,00003727,7.3,3.0124,False
226242,00003494,38.335,23.704099999999997,False
226275,00000210,1739.9183333333335,152.1286,False
226295,00003727,83.37166666666667,95.6572,False
226372,00003523,116.11666666666666,131.93179999999998,False
226373,00003494,157.84833333333333,128.5277,False
226376,00003523,18.866666666666667,19.5587,False
226420,00003494,125.095,110.7802,False
226437,00003655,89.4,94.2068,False
226454,00010723,25.186666666666667,20.9458,False
226463,00003523,93.17666666666668,69.9658,False
226566,00003727,217.48333333333332,157.8511,False
226569,00003523,81.325,95.1546,False
226577,00016148,116.88000000000001,104.2446,False
226681,00003727,98.195,137.80960000000002,False
226684,00000066,0.0,0.0,False
226728,00003727,186.685,137.54070000000002,False
226745,00003494,116.59166666666667,84.5828,False
226751,00003523,31.918333333333333,34.8374,False
226763,00003727,117.61166666666666,116.7638,False
226770,00003727,45.665,32.9392,False
226778,00002161,193.00333333333336,180.9878,False
226783,00003494,198.63,162.75029999999998,False
226795,00003494,112.86333333333333,105.81869999999999,False
226813,00003727,6.861666666666666,3.6292,False
226874,00002161,444.1166666666667,619.7659,False
226914,00010723,57.22666666666667,52.3213,False
226918,00003494,31.645,19.6966,False
226940,00012953,41.01166666666666,40.8059,False
226955,00003727,94.91333333333334,107.45960000000001,False
226990,00036915,5.746666666666667,2.5555,False
226999,00000001,100.35666666666665,73.54169999999999,False
227028,00011775,128.15666666666667,108.577,False
227037,00003494,147.99833333333333,103.5008,False
227105,00015230,4.0216666666666665,3.1231999999999998,False
227124,00003494,143.57999999999998,132.255,False
227146,00037376,92.82333333333332,60.9182,False
227205,00003655,335.655,216.1551,False
227254,00037376,118.19,105.1764,False
227302,00003523,73.935,69.7903,False
227352,00003523,116.01666666666667,84.21889999999999,False
227372,00010777,128.78333333333333,165.5625,False
227378,00003523,138.75833333333333,106.7867,False
227399,00003727,130.47166666666666,167.1107,False
227506,00003655,9.28,3.92,False
227547,00011409,4909.201666666666,410.5363,False
227567,00031235,24.21833333333333,14.3156,False
227598,00003727,168.12333333333333,129.8106,False
227618,00003727,140.75333333333336,185.338,False
227715,00003727,245.685,254.8715,False
227730,00003727,173.75333333333336,100.9046,False
227750,00037376,90.20333333333333,58.2365,False
227837,00035125,6.97,6.4169,False
227864,00003727,17.666666666666668,9.6695,False
227909,00003494,193.45833333333334,162.13129999999998,False
228021,00010777,92.45333333333333,106.89139999999999,False
228057,00003727,76.39666666666668,56.1475,False
228074,00037783,137.69833333333332,138.9133,False
228087,00003727,51.03666666666666,72.076,False
228128,00003727,158.82999999999998,132.2579,False
228134,00003727,184.34333333333333,143.2194,False
228136,00010723,55.016666666666666,47.5313,False
228152,00031235,89.56,95.9062,False
228174,00003523,29.891666666666666,30.9912,False
228201,00003523,112.35,130.3627,False
228211,00003727,133.74333333333334,146.289,False
228214,00003494,166.32166666666666,141.3692,False
228220,00002161,140.29666666666665,130.5577,False
228291,00003727,75.18,88.65180000000001,False
228323,00008154,82.00833333333334,57.678599999999996,False
228342,00000210,12.854999999999999,10.1039,False
228397,00003655,60.32833333333333,59.923300000000005,False
228410,00012243,1.5416666666666667,0.804,False
228424,00003727,55.80833333333333,75.9233,False
228445,00000001,126.58333333333333,101.05069999999999,False
228459,00003494,103.60833333333333,74.1034,False
228489,00002161,121.67666666666668,96.31269999999999,False
228544,00003523,105.61666666666666,90.834,False
228555,00011409,2211.211666666667,186.5399,False
228565,00010777,107.77833333333334,133.1866,False
228571,00010777,26.971666666666668,22.8841,False
228574,00003754,90.18833333333333,94.7478,False
228608,00003494,151.48166666666665,116.01610000000001,False
228618,00035125,53.22166666666667,38.542300000000004,False
228647,00002161,116.88666666666667,118.6772,False
228741,00015230,21.790000000000003,18.1492,False
228768,00000001,111.03333333333333,85.73660000000001,False
228809,00003523,42.49166666666667,28.9357,False
229048,00003494,38.925,36.3561,False
229064,00003792,30.21833333333333,21.999299999999998,False
229080,00000162,217.02833333333334,149.34720000000002,False
229082,00003727,107.12333333333332,73.1768,False
229091,00003727,198.35333333333335,144.70770000000002,False
229098,00010777,115.30166666666668,159.968,False
229102,00003792,71.51833333333335,73.0828,False
229112,00003754,71.97833333333332,81.4068,False
229164,00003727,52.65333333333333,66.5056,False
229330,00003494,148.56,103.874,False
229393,00003727,68.60666666666665,79.90910000000001,False
229399,00000210,1743.3966666666668,157.2451,False
229400,00003523,23.52,23.9027,False
229423,00003727,94.50666666666666,107.0264,False
229492,00003792,75.025,60.0747,False
229499,00003494,162.45333333333335,133.2629,False
229507,00002021,33.44166666666667,35.5002,False
229564,00003792,54.22166666666667,46.2053,False
229577,00003727,147.515,151.1097,False
229640,00003727,134.43166666666667,142.9847,False
229652,00003727,231.64833333333334,218.98620000000003,False
229655,00011396,16.666666666666668,16.436700000000002,False
229670,00010723,20.101666666666667,16.1991,False
229707,00016148,61.775,66.2765,False
229745,00010723,32.27166666666667,30.8156,False
229763,00031235,123.38000000000001,128.7492,False
229769,00003494,93.26333333333334,67.4713,False
229843,00003754,93.44666666666667,97.06689999999999,False
229853,00031235,167.38166666666666,166.2244,False
229871,00003792,51.980000000000004,44.5601,False
229966,00003655,59.098333333333336,57.518699999999995,False
230000,00003494,252.12,188.8395,False
230012,00000066,0.0,0.0,False
230083,00003727,102.38666666666667,107.7121,False
230145,00003523,15.685,15.7023,False
230198,00003727,140.53333333333333,124.66,False
230227,00011396,46.669999999999995,47.6798,False
230322,00003792,34.38,33.183800000000005,False
230387,00010777,95.55,132.69729999999998,False
230389,00003523,80.37166666666667,60.667,False
230393,00003494,14.076666666666666,16.4805,False
230401,00003523,121.83666666666666,106.1502,False
230426,00011775,17.509999999999998,20.7398,False
230457,00035125,3.14,2.4844,False
230546,00003727,141.30499999999998,185.70620000000002,False
230566,00003727,269.0866666666667,212.0454,False
230592,00003727,178.565,135.66379999999998,False
230607,00003523,129.155,93.0572,False
230749,00003494,65.01666666666667,51.613800000000005,False
230821,00003523,58.53666666666666,62.6352,False
230846,00002161,117.94833333333332,107.82,False
230925,00003655,211.345,168.59279999999998,False
230932,00003494,39.67333333333333,33.228699999999996,False
231033,00011409,4909.201666666666,410.5363,False
231048,00003727,33.24333333333333,37.7428,False
231080,00003523,104.30833333333334,109.0301,False
231092,00003727,117.59833333333333,126.2684,False
231101,00002161,89.85,94.1154,False
231187,00003727,46.09,57.5223,False
231199,00000066,0.0,0.0,False
231244,00011775,58.62,52.321,False
231251,00037783,6.873333333333333,4.8488999999999995,False
231273,00003523,90.185,48.768,False
231300,00003727,90.86666666666666,127.75269999999999,False
231364,00003494,117.46000000000001,70.69369999999999,False
231379,00010723,12.835,10.3539,False
231403,00003494,68.52666666666667,66.13789999999999,False
231406,00031235,161.74166666666667,169.2179,False
231436,00011409,3865.8733333333334,325.1849,False
231551,00037376,91.83833333333334,74.5355,False
231613,00000066,0.0,0.0,False
231648,00037376,139.98666666666668,119.5442,False
231686,00003494,93.71499999999999,102.6199,False
231738,00003655,12.443333333333333,5.2358,False
231762,00037376,172.03333333333333,152.8584,False
231768,00003523,156.88333333333333,111.9872,False
231807,00016148,7.888333333333334,9.258899999999999,False
231831,00003655,26.81,17.3899,False
231989,00003523,185.61666666666667,200.5065,False
232027,00003523,103.59666666666666,76.9148,False
232071,00003727,122.09666666666666,116.98219999999999,False
232093,00003494,43.18,22.1067,False
232141,00003494,213.515,172.6839,False
232177,00011409,2211.211666666667,186.5399,False
232209,00003727,138.84,145.9225,False
232272,00000001,82.74166666666666,59.3966,False
232308,00003792,45.92666666666666,35.420300000000005,False
232309,00003727,141.16333333333333,127.2764,False
232346,00003523,44.141666666666666,61.6068,False
232369,00003727,94.12333333333332,101.0192,False
232389,00003655,14.668333333333333,10.347299999999999,False
232468,00003727,144.61833333333334,149.7657,False
232491,00003494,19.775,18.560200000000002,False
232498,00003494,139.085,98.1893,False
232510,00003494,58.36666666666667,55.1608,False
232543,00008154,83.45666666666666,54.2652,False
232576,00035125,9.725,7.22,False
232640,00003727,57.568333333333335,77.3307,False
232690,00003494,55.31666666666667,51.8633,False
232694,00003494,41.915,37.0287,False
232738,00003727,122.34666666666666,117.0865,False
232744,00002161,204.2133333333333,237.233,False
232745,00003727,83.52666666666667,59.114599999999996,False
232769,00010777,106.86,129.48489999999998,False
232807,00003494,209.97,162.9399,False
232842,00003770,1.6483333333333334,1.7792999999999999,False
232917,00015230,20.883333333333333,17.583299999999998,False
232936,00002161,251.32999999999998,243.69320000000002,False
232944,00003494,259.92333333333335,192.0913,False
233003,00003754,124.25500000000001,108.898,False
233017,00000066,0.0,0.0,False
233020,00003727,172.98999999999998,131.8379,False
233023,00002161,138.12333333333333,191.25629999999998,False
233066,00003494,90.44166666666666,90.4857,False
233171,00003727,183.675,206.2569,False
233196,00003727,53.57,73.5783,False
233228,00003727,138.84,145.9225,False
233258,00037376,121.17833333333333,108.4039,False
233341,00003727,52.276666666666664,73.0948,False
233363,00003494,56.13166666666667,38.609300000000005,False
233392,00003523,11.501666666666667,9.3455,False
233402,00003655,34.833333333333336,18.5882,False
233420,00003727,7.035,9.8933,False
233437,00002161,169.04666666666665,135.533,False
233453,00003494,119.57833333333333,109.4812,False
233480,00012243,5.495,5.7201,False
233516,00000066,0.0,0.0,False
233525,00031235,31.136666666666667,30.5045,False
233606,00003792,61.059999999999995,45.2288,False
233715,00003727,108.76833333333335,108.2288,False
233746,00000001,126.58333333333333,101.05069999999999,False
233772,00037376,104.315,81.0762,False
233883,00003523,64.83333333333333,67.6213,False
233959,00011409,3859.6583333333333,322.5409,False
233964,00010723,23.285,17.5435,False
234017,00003727,80.10333333333332,90.68169999999999,False
234061,00003494,39.730000000000004,36.0803,False
234187,00002161,144.255,181.3335,False
234246,00037376,36.40833333333333,19.9617,False
234254,00003727,58.080000000000005,52.8931,False
234295,00003727,216.52833333333334,238.4358,False
234349,00010777,21.465,20.4213,False
234378,00010777,121.655,142.734,False
234389,00002161,112.87833333333333,153.8048,False
234521,00003523,31.990000000000002,44.1842,False
234595,00037376,50.73166666666667,32.8926,False
234596,00011396,36.61,26.8965,False
234634,00003727,67.06,52.2689,False
234666,00002161,12.2,12.9781,False
234677,00003655,82.05666666666666,86.2743,False
234700,00000001,126.52333333333333,97.04780000000001,False
234781,00011775,1.66,0.6805,False
234797,00010777,92.86666666666666,120.22019999999999,False
234798,00003523,120.09666666666666,106.44,False
234826,00020274,81.35,57.5077,False
234931,00002161,104.79333333333334,106.6131,False
234947,00003727,122.36833333333334,150.5076,False
234965,00002021,6.886666666666667,5.1167,False
234967,00037376,119.945,107.0721,False
235096,00003727,114.94666666666667,147.4165,False
235135,00003727,41.27333333333333,52.325,False
235156,00010777,35.385,40.331199999999995,False
235161,00003494,65.31333333333333,72.6123,False
235171,00003792,68.82333333333332,70.1575,False
235209,00011409,3865.8733333333334,325.1849,False
235240,00000066,0.0,0.0,False
235244,00010777,179.94666666666666,223.8775,False
235362,00003754,71.075,80.8069,False
235397,00002161,443.425,619.8240999999999,False
235424,00003523,141.67833333333334,101.8783,False
235427,00016148,99.91333333333334,78.57339999999999,False
235429,00003494,129.3,75.61280000000001,False
235430,00031235,66.95,42.5907,False
235437,00003494,62.519999999999996,59.654199999999996,False
235453,00003727,47.663333333333334,48.5586,False
235515,00000066,0.0,0.0,False
235527,00037376,131.65666666666667,112.261,False
235553,00002161,116.00666666666666,103.73230000000001,False
235578,00003494,190.13833333333332,159.2124,False
235579,00003727,103.875,116.26289999999999,False
235661,00003523,40.785,41.9266,False
235682,00002161,162.74833333333333,212.641,False
235692,00035125,66.75666666666667,55.841800000000006,False
235734,00003727,107.18,101.6576,False
235777,00031235,38.605000000000004,34.242599999999996,False
235803,00010723,17.791666666666668,15.098799999999999,False
235818,00000001,33.84166666666667,24.2607,False
235843,00003494,40.013333333333335,36.397400000000005,False
235850,00000001,93.89166666666667,70.8639,False
235877,00000066,0.0,0.0,False
235929,00003727,57.91,54.832699999999996,False
235950,00031235,41.09666666666667,38.825199999999995,False
235953,00003494,175.84333333333333,138.7558,False
235960,00003494,55.0,67.0574,False
236000,00011775,119.42166666666667,101.7457,False
236042,00003494,159.85166666666666,88.3022,False
236070,00003792,42.335,41.7576,False
236089,00003523,113.19,101.8493,False
236149,00000001,126.58333333333333,101.05069999999999,False
236164,00003523,63.15,62.6127,False
236170,00003523,114.1,78.5153,False
236197,00010777,112.00666666666666,136.0005,False
236258,00002161,260.0133333333333,210.317,False
236368,00003727,160.05499999999998,173.9853,False
236392,00031235,140.54166666666666,152.35070000000002,False
236393,00000001,10.753333333333334,4.853800000000001,False
236408,00003523,119.76833333333335,100.25580000000001,False
236423,00003523,85.69,89.5216,False
236445,00000066,0.0,0.0,False
236513,00003727,53.269999999999996,74.98610000000001,False
236553,00003494,201.77,158.74779999999998,False
236571,00016148,14.108333333333333,16.7368,False
236656,00031235,152.09166666666667,101.693,False
236667,00003727,170.815,158.20589999999999,False
236718,00002161,133.88,179.51739999999998,False
236758,00037376,148.11833333333334,134.7681,False
236761,00016148,6.175,5.2462,False
236790,00003792,31.241666666666667,29.8488,False
236812,00002161,141.98166666666665,141.15879999999999,False
236841,00003727,84.33999999999999,89.1453,False
236876,00000066,0.0,0.0,False
236907,00003494,190.74166666666667,153.22060000000002,False
236956,00011775,20.725,21.2135,False
236998,00003727,125.92666666666668,112.2833,False
237050,00016148,82.73833333333333,83.647,False
237061,00003727,63.67833333333333,80.78089999999999,False
237166,00003523,142.27666666666667,110.964,False
237201,00003727,259.3383333333333,185.64,False
237213,00010723,24.998333333333335,19.3416,False
237215,00003494,186.19666666666666,150.19320000000002,False
237241,00003727,159.86166666666668,210.2906,False
237297,00000001,126.52333333333333,97.04780000000001,False
237326,00002161,246.99333333333334,279.8596,False
237329,00003727,11.828333333333335,16.7208,False
237387,00003494,71.96000000000001,51.1246,False
237399,00003727,118.25666666666666,117.06569999999999,False
237485,00003727,261.2033333333333,283.124,False
237519,00011396,13.821666666666665,13.383700000000001,False
237537,00000066,0.0,0.0,False
237594,00003727,147.515,151.1097,False
237627,00016148,16.38,19.7619,False
237632,00003494,88.185,94.63489999999999,False
237665,00003727,158.82999999999998,132.2579,False
237731,00010777,103.01166666666667,104.7024,False
237746,00003727,126.45166666666667,174.6305,False
237749,00003727,83.35166666666667,95.6364,False
237750,00003523,215.30499999999998,164.867,False
237757,00008154,43.255,31.984599999999997,False
237761,00003727,285.76166666666666,302.10020000000003,False
237771,00003770,121.54333333333334,74.2941,False
237795,00003494,114.145,69.3165,False
237810,00016148,23.508333333333333,24.210900000000002,False
237814,00003598,3.4483333333333333,1.4727000000000001,False
237999,00003494,142.52333333333334,121.1346,False
238048,00037376,107.02333333333333,86.1509,False
238071,00003494,260.12333333333333,203.7551,False
238104,00003727,150.38166666666666,148.0726,False
238108,00003494,185.13833333333332,144.9331,False
238143,00000001,99.00833333333334,72.9889,False
238163,00003494,88.015,68.2763,False
238167,00002161,187.085,230.0948,False
238229,00003792,72.70166666666667,66.3533,False
238301,00003727,66.24666666666667,75.562,False
238373,00003494,53.47,47.756800000000005,False
238397,00037376,61.108333333333334,40.8175,False
238442,00000066,0.0,0.0,False
238506,00003494,81.845,77.4218,False
238540,00003727,158.82999999999998,132.2579,False
238657,00016148,86.66666666666667,78.16189999999999,False
238678,00011775,110.03,96.65589999999999,False
238761,00002161,216.36499999999998,269.1098,False
238821,00001910,32.41833333333333,27.164,False
238839,00003494,62.730000000000004,59.8825,False
239005,00003655,33.47666666666667,27.2018,False
239048,00003727,5.348333333333333,7.0644,False
239093,00003792,45.78333333333333,30.555799999999998,False
239179,00010267,15.658333333333333,17.1527,False
239197,00003523,185.17333333333332,200.1035,False
239202,00003494,153.33666666666667,128.3277,False
239215,00003523,59.20333333333333,78.8459,False
239291,00003523,144.65833333333333,163.4531,False
239309,00003494,54.75833333333333,39.6752,False
239313,00002161,182.32000000000002,243.328,False
239403,00003494,243.76833333333335,185.3684,False
239431,00003494,117.43666666666667,70.6842,False
239444,00003523,42.49166666666667,28.9357,False
239446,00037376,197.60333333333335,169.8729,False
239463,00003494,240.31166666666667,182.6372,False
239464,00011396,18.191666666666666,19.3652,False
239511,00012243,48.16166666666666,37.9029,False
239519,00000066,0.0,0.0,False
239567,00003727,203.63,195.5901,False
239579,00003494,90.615,70.6315,False
239734,00003494,258.465,203.06529999999998,False
239772,00003523,144.65833333333333,163.4531,False
239795,00003655,65.02,65.972,False
239827,00000066,0.0,0.0,False
239878,00003792,73.96833333333333,53.6038,False
239898,00003727,81.03833333333334,93.167,False
239937,00003494,183.81166666666667,144.0519,False
239964,00003727,188.41833333333335,160.25879999999998,False
240000,00003494,66.86833333333333,52.3831,False
240012,00003494,136.40666666666667,113.3172,False
240050,00037783,296.5933333333333,265.4316,False
240065,00003494,260.12333333333333,203.7551,False
240067,00003727,89.03166666666667,65.6828,False
240125,00003494,66.27666666666667,76.04469999999999,False
240132,00003494,66.94166666666666,42.178,False
240144,00002161,43.36,49.306400000000004,False
240158,00003727,100.82666666666667,141.5491,False
240169,00036217,3.828333333333333,2.1143,False
240188,00003523,115.435,136.5206,False
240369,00003494,104.12833333333333,80.65610000000001,False
240373,00002161,153.85666666666665,213.4689,False
240390,00016148,32.105,37.725,False
240426,00003727,158.82999999999998,132.2579,False
240445,00002161,152.025,152.57979999999998,False
240461,00003655,36.375,19.5639,False
240520,00003494,86.11,67.25439999999999,False
240572,00003494,187.155,146.27720000000002,False
240651,00003727,118.86166666666666,117.57939999999999,False
240732,00003494,267.69,208.1828,False
240749,00003494,143.29500000000002,132.0665,False
240789,00003727,123.33833333333334,75.6106,False
240812,00003655,71.40333333333334,68.8359,False
240852,00010777,79.015,86.61030000000001,False
240861,00003494,169.10333333333335,140.8247,False
240870,00003727,116.02833333333334,94.246,False
240873,00003494,96.21833333333333,105.2838,False
240889,00003727,114.70333333333333,109.1097,False
240909,00003754,124.25500000000001,108.898,False
241000,00003655,74.70666666666666,78.3266,False
241012,00011396,72.05333333333333,51.6946,False
241023,00003494,164.99666666666664,129.1278,False
241026,00002084,2.915,2.6324,False
241078,00003523,117.86,103.2158,False
241087,00003727,112.75666666666666,123.06039999999999,False
241088,00002161,160.66833333333335,150.8462,False
241173,00010723,20.773333333333333,16.953599999999998,False
241273,00003727,160.74666666666664,154.9316,False
241276,00003523,63.281666666666666,68.3275,False
241315,00037783,302.89500000000004,267.9495,False
241348,00011775,126.68,103.32910000000001,False
241503,00003727,50.151666666666664,70.82339999999999,False
241530,00003655,195.04833333333332,157.7307,False
241543,00003523,105.62333333333332,91.53569999999999,False
241562,00016148,61.96666666666667,63.1223,False
241585,00031235,106.47833333333332,100.1062,False
241609,00002161,141.42666666666668,120.37039999999999,False
241616,00003727,268.43666666666667,264.7811,False
241667,00003792,56.84,50.278800000000004,False
241673,00003655,85.10333333333332,89.5675,False
241675,00002161,147.68833333333333,145.4455,False
241758,00003494,12.853333333333333,8.873299999999999,False
241788,00003494,184.47333333333333,152.58589999999998,False
241856,00003494,131.15333333333334,112.2662,False
241865,00003727,103.33,107.1344,False
241900,00011409,3865.8733333333334,325.1849,False
241901,00031235,88.66666666666667,94.93639999999999,False
241906,00003494,43.41166666666666,29.799599999999998,False
241956,00002161,145.29333333333335,201.318,False
241960,00003727,173.5366666666667,194.358,False
241974,00003494,80.39833333333333,88.284,False
241977,00000001,126.58333333333333,101.05069999999999,False
242069,00010777,44.55,59.1704,False
242173,00008154,28.435,21.9877,False
242186,00003727,49.151666666666664,67.3092,False
242209,00000066,10.615,5.922,False
242214,00002161,441.8283333333333,616.3942,False
242240,00010723,124.43666666666667,123.7355,False
242250,00003494,126.13333333333334,109.936,False
242295,00003727,84.14166666666667,63.672599999999996,False
242337,00003655,89.635,90.9917,False
242340,00003494,60.626666666666665,57.6009,False
242472,00003727,99.85333333333332,70.2018,False
242580,00003494,139.32333333333332,123.4617,False
242584,00010777,37.001666666666665,48.4378,False
242607,00002161,177.1,167.2106,False
242630,00031235,128.275,90.2679,False
242757,00035125,50.05,32.9814,False
242811,00003727,158.82999999999998,132.2579,False
242816,00003494,64.18666666666667,61.4559,False
242846,00003727,215.35,165.43810000000002,False
242888,00002161,121.82833333333333,168.2155,False
242896,00003523,119.16833333333334,86.9086,False
242965,00000001,98.815,72.9085,False
243090,00003523,7.430000000000001,6.8903,False
243091,00003727,137.11166666666668,139.2176,False
243092,00031235,70.50333333333333,49.15,False
243115,00002161,172.37666666666667,137.7346,False
243158,00003523,46.825,30.734599999999997,False
243186,00003792,25.675,21.9785,False
243223,00003655,16.845000000000002,16.3014,False
243225,00003494,137.73999999999998,116.65939999999999,False
243227,00031235,176.47,155.83960000000002,False
243289,00003494,148.49666666666664,103.8326,False
243328,00000001,126.58333333333333,101.05069999999999,False
243354,00002161,166.63166666666666,147.9699,False
243361,00010723,32.10666666666667,27.758599999999998,False
243372,00003523,46.00333333333333,44.423,False
243392,00003494,133.61499999999998,94.0001,False
243437,00003655,46.041666666666664,26.0027,False
243441,00003523,48.79833333333333,65.97919999999999,False
243466,00003792,52.638333333333335,48.768,False
243479,00003494,69.62166666666667,54.4819,False
243501,00011775,59.08166666666667,51.8724,False
243567,00003494,89.91666666666667,68.59039999999999,False
243592,00010723,7.9783333333333335,7.7127,False
243596,00003727,26.673333333333336,34.775800000000004,False
243649,00000162,0.0,0.0,False
243676,00003727,225.81,171.88039999999998,False
243693,00003727,124.27,129.0315,False
243746,00011409,2204.5433333333335,184.4171,False
243756,00003494,50.19833333333334,26.1688,False
243765,00011775,50.79833333333333,50.1105,False
243777,00003727,213.37166666666664,163.53560000000002,False
243940,00003727,112.125,114.1845,False
243948,00003494,190.33166666666665,157.3329,False
243955,00008154,78.125,61.825199999999995,False
243986,00003727,65.13833333333334,60.7963,False
244025,00003754,50.14666666666667,67.5564,False
244027,00002161,107.37333333333332,125.8195,False
244052,00003494,248.27833333333334,204.1296,False
244058,00016148,66.29166666666667,56.241,False
244061,00003655,108.29166666666667,107.6816,False
244083,00003727,84.92333333333333,95.671,False
244101,00010777,127.24666666666667,161.99689999999998,False
244172,00003727,94.12333333333332,101.0192,False
244214,00003727,103.33,107.1344,False
244246,00016148,28.191666666666666,32.2824,False
244316,00003523,33.33166666666667,45.161699999999996,False
244352,00003727,99.48666666666666,97.56160000000001,False
244440,00003494,146.85333333333335,108.8018,False
244693,00003727,93.58500000000001,102.1448,False
244696,00010777,145.02833333333334,185.58020000000002,False
244710,00003494,67.62333333333333,53.6529,False
244740,00003727,126.26666666666667,132.0624,False
244773,00002161,228.79666666666665,197.32489999999999,False
244809,00020274,90.61166666666666,63.676300000000005,False
244840,00003494,265.675,215.68179999999998,False
244873,00003770,81.2,57.661699999999996,False
244899,00003523,50.190000000000005,48.2458,False
244928,00003523,108.08500000000001,79.8456,False
244940,00000066,0.0,0.0,False
244957,00003494,86.925,95.33189999999999,False
244958,00003523,166.19500000000002,141.87460000000002,False
245020,00011775,141.69833333333332,119.6383,False
245027,00000066,11.84,6.3898,False
245030,00037376,138.49166666666667,118.7668,False
245046,00031235,128.98666666666665,137.95839999999998,False
245060,00003727,94.12333333333332,101.0192,False
245062,00003494,58.36666666666667,55.1608,False
245076,00003727,113.83500000000001,107.2637,False
245108,00003523,84.71000000000001,90.61030000000001,False
245130,00000162,0.0,0.0,False
245167,00003727,134.85833333333332,181.4213,False
245199,00037376,85.11999999999999,58.452400000000004,False
245230,00003727,223.73166666666665,173.0393,False
245244,00003727,158.005,156.3614,False
245267,00016148,75.42833333333333,75.07260000000001,False
245272,00000066,0.0,0.0,False
245357,00003727,62.919999999999995,56.921,False
245390,00016148,10.770000000000001,13.2705,False
245396,00037376,146.07666666666668,114.4259,False
245429,00035125,69.185,55.080400000000004,False
245518,00002161,155.56833333333333,204.45479999999998,False
245599,00003494,114.96833333333333,99.3329,False
245681,00003494,134.63333333333333,114.06830000000001,False
245732,00003727,250.255,191.0646,False
245769,00002161,209.65833333333333,264.6549,False
245812,00011409,4927.673333333334,418.1921,False
245882,00003523,102.805,54.0057,False
245915,00003727,191.17166666666665,147.7644,False
245983,00003727,100.37333333333332,98.1514,False
245991,00003727,55.35666666666667,37.089800000000004,False
246020,00003792,70.98,57.375099999999996,False
246038,00003523,133.27833333333334,103.5493,False
246074,00031235,119.94166666666666,71.9233,False
246088,00003727,96.02666666666667,94.8203,False
246098,00010723,22.241666666666667,15.7393,False
246110,00003727,269.12166666666667,210.4351,False
246156,00003494,65.01666666666667,51.613800000000005,False
246157,00003770,31.296666666666667,15.101899999999999,False
246228,00000066,10.665,5.9485,False
246235,00010723,14.110000000000001,11.255600000000001,False
246244,00003494,125.11333333333333,88.35260000000001,False
246305,00002161,208.49166666666667,263.87859999999995,False
246437,00003727,78.66333333333334,90.633,False
246457,00003727,177.71166666666667,157.63410000000002,False
246494,00003655,2.1016666666666666,2.9024,False
246549,00002161,142.12666666666667,126.1,False
246598,00003754,57.705000000000005,71.8978,False
246605,00031235,40.735,30.4723,False
246621,00010777,73.04666666666667,100.9308,False
246665,00003727,52.656666666666666,57.363099999999996,False
246681,00003523,52.13,42.6714,False
246742,00010723,27.365000000000002,21.823,False
246756,00003727,65.74833333333333,64.4579,False
246958,00010777,107.92,145.8467,False
250005,00003727,47.833333333333336,67.5419,False
250011,00000066,0.0,0.0,False
250016,00003727,218.72833333333335,164.09629999999999,False
250023,00011409,2211.135,186.5207,False
250147,00003494,151.77833333333334,106.0835,False
250163,00003727,213.01833333333335,233.32420000000002,False
250171,00035125,78.84166666666667,62.8333,False
250187,00003494,33.795,26.1393,False
250244,00003792,64.54166666666667,46.42,False
250251,00000001,126.12666666666668,100.8613,False
250275,00003494,83.80166666666668,67.2673,False
250282,00000001,126.58333333333333,101.05069999999999,False
250283,00000001,81.115,53.4968,False
250290,00003727,127.82333333333332,115.8669,False
250295,00037376,99.66000000000001,85.61739999999999,False
250303,00000001,56.57833333333333,36.3961,False
250304,00000001,124.56833333333334,100.9382,False
250340,00000210,1739.9183333333335,152.1286,False
250389,00003494,215.96,160.8247,False
250400,00000066,0.0,0.0,False
250442,00011409,4909.201666666666,410.5363,False
250482,00000162,88.685,36.1461,False
250524,00003494,173.73333333333332,146.1117,False
250531,00008154,23.775,20.8942,False
250546,00000001,81.115,53.4968,False
250559,00003494,22.084999999999997,15.0229,False
250564,00000001,126.58333333333333,101.05069999999999,False
250566,00003494,99.69666666666667,71.742,False
250601,00037376,36.980000000000004,20.3693,False
250611,00010723,85.22,79.2962,False
250634,00011396,44.16,54.597,False
250647,00003494,135.21,99.3446,False
250674,00003494,234.70833333333334,188.4778,False
250693,00003727,29.9,40.048199999999994,False
250702,00011409,2211.211666666667,186.5399,False
250706,00003523,50.37833333333333,56.529300000000006,False
250734,00000066,0.0,0.0,False
250763,00000001,126.58333333333333,101.05069999999999,False
250767,00003523,136.52333333333334,106.1267,False
250786,00003727,206.935,227.76270000000002,False
250790,00003494,30.476666666666667,42.719,False
250791,00037376,134.43666666666667,89.3841,False
250792,00000001,81.115,53.4968,False
250803,00003523,69.985,73.1124,False
310009,00003754,41.80833333333333,59.0567,False
310024,00003523,28.826666666666664,39.9537,False
310026,00002021,14.248333333333333,13.901200000000001,False
310039,00011396,12.221666666666666,12.8604,False
310055,00003727,76.35166666666667,68.8623,False
310056,00011396,16.616666666666667,11.335799999999999,False
310073,00003523,148.63,106.72760000000001,False
310080,00003727,97.62166666666667,86.5673,False
310085,00003727,90.98166666666665,98.9319,False
310101,00003727,126.77,128.0482,False
310134,00012953,24.834999999999997,28.955,False
310143,00003727,25.408333333333335,35.838800000000006,False
310153,00003494,167.83333333333334,139.0334,False
310156,00003727,68.645,77.1161,False
310174,00011396,24.65666666666667,28.7754,False
310179,00008154,18.67,17.705299999999998,False
310183,00003523,156.84,112.19189999999999,False
310204,00003494,209.66,170.1875,False
310227,00003727,49.46,69.8442,False
310246,00011775,57.294999999999995,50.757,False
310259,00003727,295.92333333333335,306.3245,False
310265,00003727,112.40666666666667,92.74430000000001,False
310266,00003727,65.32,81.8751,False
310268,00003494,87.03999999999999,95.4551,False
310289,00035125,46.605000000000004,31.4984,False
310298,00003727,110.92,92.0921,False
310302,00003727,25.821666666666665,36.391,False
310308,00003655,17.81,17.8952,False
310330,00003727,84.205,99.17830000000001,False
310352,00003727,231.10833333333332,240.76239999999999,False
310363,00003754,20.083333333333332,28.379099999999998,False
310378,00003727,26.638333333333332,34.7521,False
310390,00003727,13.286666666666667,5.848,False
310445,00003494,71.935,49.2377,False
310491,00003494,73.565,49.6466,False
310495,00003494,155.38166666666666,125.3258,False
310541,00003523,207.41666666666666,172.8692,False
310542,00003792,79.445,63.018800000000006,False
310545,00010723,28.273333333333333,24.912200000000002,False
310561,00003727,78.03666666666666,89.3011,False
310570,00003727,69.11,73.1759,False
310579,00003727,126.975,128.18630000000002,False
310585,00003727,121.865,112.13889999999999,False
310590,00003523,166.65833333333333,153.53820000000002,False
310604,00003727,74.53999999999999,86.23310000000001,False
310639,00003727,223.52833333333334,242.9545,False
310655,00003727,64.67333333333333,81.4456,False
310664,00003727,248.24166666666667,261.95189999999997,False
310675,00003727,14.973333333333333,21.084400000000002,False
310685,00003727,67.29333333333334,42.0511,False
310697,00003727,51.31666666666667,65.63210000000001,False
310741,00003727,55.01,56.582800000000006,False
310758,00011396,53.36833333333333,68.3871,False
310780,00011396,2.8866666666666663,2.5606999999999998,False
310809,00011396,5.276666666666667,4.7112,False
310824,00002161,28.60666666666667,31.9247,False
310841,00011396,11.153333333333334,11.7545,False
310849,00011396,53.505,68.4327,False
310943,00037783,170.19166666666666,158.1414,False
311007,00000001,67.82166666666667,46.2034,False
311015,00000066,0.0,0.0,False
311016,00000066,0.0,0.0,False
311031,00011409,2211.211666666667,186.5399,False
311040,00000001,126.92,101.15480000000001,False
311043,00011409,2205.233333333333,184.65179999999998,False
311055,00000001,10.753333333333334,4.853800000000001,False
311057,00011409,3865.8733333333334,325.1849,False
311060,00011409,3859.6583333333333,322.5409,False
311067,00000066,0.0,0.0,False
311080,00011409,2205.233333333333,184.65179999999998,False
311085,00000066,0.0,0.0,False
311097,00000210,1743.3966666666668,157.2451,False
311100,00000001,81.115,53.4968,False
311113,00000066,0.0,0.0,False
311145,00011409,2204.5433333333335,184.4171,False
311146,00000001,56.57833333333333,36.3961,False
311150,00000066,0.0,0.0,False
311168,00011409,2205.233333333333,184.65179999999998,False
311171,00000001,126.58333333333333,101.05069999999999,False
311185,00000001,126.58333333333333,101.05069999999999,False
311195,00000066,10.698333333333332,5.9658999999999995,False
311196,00011409,4927.673333333334,418.1921,False
311213,00000001,98.87166666666667,72.9321,False
311219,00000001,33.84166666666667,24.2607,False
311220,00000210,1739.9183333333335,152.1286,False
311234,00000066,0.0,0.0,False
311243,00011409,2206.6366666666668,185.3881,False
311256,00000066,0.0,0.0,False
311257,00000001,126.58333333333333,101.05069999999999,False
311259,00000001,101.22333333333333,73.86110000000001,False
311268,00000001,33.84166666666667,24.2607,False
311275,00011409,3865.8733333333334,325.1849,False
311282,00000066,0.0,0.0,False
311299,00011409,2211.211666666667,186.5399,False
311301,00000066,0.0,0.0,False
311308,00012170,3.9633333333333334,1.5099,False
311310,00000001,56.57833333333333,36.3961,False
311314,00000001,10.753333333333334,4.853800000000001,False
311315,00011409,4927.673333333334,418.1921,False
311325,00011409,2204.5433333333335,184.4171,False
311331,00000001,81.115,53.4968,False
311335,00000001,126.52333333333333,97.04780000000001,False
311336,00011409,4927.673333333334,418.1921,False
311339,00000066,0.0,0.0,False
311366,00000210,1739.9183333333335,152.1286,False
311367,00011409,4927.673333333334,418.1921,False
311368,00000001,98.87166666666667,72.9321,False
311394,00000001,67.82166666666667,46.2034,False
311397,00000001,54.91166666666666,35.704800000000006,False
311400,00011409,3865.8733333333334,325.1849,False
311403,00000066,0.0,0.0,False
311405,00011409,3.205,1.0996,False
311411,00037783,137.37666666666667,138.8286,False
311413,00000001,67.82166666666667,46.2034,False
311415,00011409,2205.233333333333,184.65179999999998,False
311430,00011409,2205.5716666666663,184.77870000000001,False
311443,00000001,33.84166666666667,24.2607,False
311445,00000001,10.753333333333334,4.853800000000001,False
311462,00011409,2205.233333333333,184.65179999999998,False
311466,00011409,2205.588333333333,184.78529999999998,False
311469,00000066,0.0,0.0,False
311478,00011409,2204.5433333333335,184.4171,False
311485,00000066,10.698333333333332,5.9658999999999995,False
311501,00000066,0.0,0.0,False
311504,00000001,101.055,73.7757,False
311506,00000066,0.0,0.0,False
311513,00000001,54.544999999999995,35.5525,False
311521,00000001,10.753333333333334,4.853800000000001,False
510008,00003494,24.491666666666667,13.287799999999999,False
510015,00003494,86.90666666666667,95.0591,False
510022,00000001,126.52333333333333,97.04780000000001,False
510047,00002021,30.384999999999998,31.9313,False
510158,00003494,104.22666666666667,106.1435,False
510204,00002161,420.495,590.148,False
510216,00037783,168.35166666666666,157.4154,False
510224,00010777,183.52666666666667,228.4366,False
510305,00031235,129.335,77.1275,False
510354,00000162,0.0,0.0,False
510398,00011409,3.205,1.0996,False
510497,00037783,137.37666666666667,138.8286,False
510514,00020274,34.888333333333335,26.4682,False
510518,00008154,19.11,18.037599999999998,False
510531,00016148,89.885,84.9821,False
510532,00003727,47.32333333333334,58.855199999999996,False
510553,00003494,36.69166666666667,39.841699999999996,False
510589,00002161,138.54500000000002,138.6171,False
510596,00003727,88.76333333333334,102.6726,False
510609,00003494,174.11,136.21189999999999,False
510695,00003523,14.405,18.394599999999997,False
510715,00031235,28.563333333333333,30.162,False
510762,00003727,251.66833333333335,191.6065,False
510955,00003494,271.6166666666667,219.5446,False
510963,00037376,30.976666666666667,16.1968,False
510964,00003523,76.53666666666666,96.6867,False
510974,00010777,164.23999999999998,205.56570000000002,False
510981,00037376,89.91666666666667,58.4929,False
511006,00003523,97.01333333333334,103.8922,False
511182,00003494,64.33666666666666,78.4606,False
511214,00003655,21.711666666666666,10.8267,False
511226,00011409,4922.591666666666,415.9765,False
511299,00003523,86.97333333333333,65.9641,False
511309,00035125,23.84333333333333,16.7077,False
511314,00000066,0.0,0.0,False
511345,00037783,137.69833333333332,138.9133,False
511358,00002161,168.755,162.6935,False
511601,00000066,0.0,0.0,False
511725,00010777,90.58999999999999,123.2774,False
511792,00000162,5.253333333333333,2.1881999999999997,False
511802,00000001,126.92,101.15480000000001,False
511853,00010777,152.45666666666665,197.70579999999998,False
511953,00000066,0.0,0.0,False
511961,00031235,85.06666666666666,88.4607,False
511962,00003494,65.25833333333334,77.4194,False
512033,00000066,0.0,0.0,False
512139,00000001,66.93,50.8164,False
512211,00003494,24.36,21.733,False
512297,00003494,35.57833333333333,22.161900000000003,False
512446,00000210,1743.6633333333334,157.4216,False
512459,00003494,87.49,56.4429,False
512575,00003494,16.25,15.5806,False
512581,00000066,11.84,6.3898,False
512585,00000162,0.0,0.0,False
512606,00003754,24.091666666666665,15.328299999999999,False
512616,00003523,57.32,71.6399,False
512621,00037376,76.865,49.8255,False
512652,00003655,119.01333333333334,111.4963,False
512726,00003494,167.495,161.83939999999998,False
512727,00003494,30.168333333333333,23.6938,False
512791,00000066,0.0,0.0,False
512800,00012953,21.311666666666667,26.6892,False
512820,00003494,22.065,21.9217,False
512861,00003727,136.97166666666666,186.0204,False
512901,00011409,2211.211666666667,186.5399,False
512947,00003494,7.001666666666667,9.5451,False
512994,00037376,150.58666666666667,122.8514,False
513068,00010777,152.815,207.2659,False
513072,00020274,95.99166666666666,67.2567,False
513122,00002161,165.45499999999998,171.9811,False
513158,00010723,24.779999999999998,25.2171,False
513176,00011775,105.43666666666667,93.4868,False
513243,00003792,54.52833333333333,36.0116,False
513246,00003655,30.795,26.1459,False
513320,00011775,185.38,148.23870000000002,False
513407,00000210,1734.4866666666667,151.2821,False
513451,00003523,47.14833333333333,36.544,False
513472,00020274,21.203333333333333,15.8072,False
513523,00003523,204.47333333333333,178.7212,False
513570,00003792,8.835,8.9595,False
513653,00037783,296.5933333333333,265.4316,False
513663,00000001,100.35666666666665,73.54169999999999,False
513699,00008154,35.48166666666667,24.941599999999998,False
513734,00000066,0.0,0.0,False
513736,00037783,137.69833333333332,138.9133,False
513805,00011409,2205.9316666666664,184.941,False
513857,00003727,103.99333333333334,111.39439999999999,False
513865,00011409,2205.588333333333,184.78529999999998,False
513897,00002161,99.66833333333334,82.2075,False
513924,00002161,33.98166666666667,24.4317,False
513946,00000066,0.055,0.0367,False
513966,00010777,159.73333333333332,210.8569,False
514165,00003523,142.69333333333333,115.51610000000001,False
514268,00000001,126.58333333333333,101.05069999999999,False
514322,00003727,156.41333333333333,131.2523,False
514334,00000162,88.63666666666667,36.125800000000005,False
514364,00010777,90.86999999999999,119.2826,False
514390,00003523,9.415,7.8625,False
514410,00011409,3865.8733333333334,325.1849,False
514414,00003494,12.520000000000001,14.8234,False
514525,00003494,114.35833333333333,86.7722,False
514537,00003770,11.913333333333332,11.099200000000002,False
514575,00010777,118.72333333333333,144.37679999999997,False
514588,00010777,130.605,181.6975,False
514610,00003727,236.04333333333335,244.7029,False
514721,00011409,2204.5433333333335,184.4171,False
514757,00011409,3860.7233333333334,323.12129999999996,False
514796,00037783,137.69833333333332,138.9133,False
514864,00011409,3.205,1.0996,False
514953,00000210,1739.9183333333335,152.1286,False
514969,00003727,157.20333333333335,148.25570000000002,False
515025,00000066,0.0,0.0,False
515065,00000001,127.40666666666667,102.8991,False
515121,00037783,3.7016666666666667,1.7795,False
515127,00002161,119.64666666666668,108.94919999999999,False
515129,00000210,1743.3966666666668,157.2451,False
515132,00010777,120.96833333333333,125.7638,False
515202,00003792,24.828333333333333,16.0825,False
515229,00002161,113.53500000000001,102.702,False
515247,00003727,77.79833333333333,106.2165,False
515253,00003792,58.156666666666666,57.919599999999996,False
515268,00003655,14.353333333333333,11.5906,False
515284,00002161,182.025,242.0991,False
515378,00000162,209.535,146.2417,False
515479,00010777,81.03,112.33460000000001,False
515491,00010777,131.4,145.80079999999998,False
515512,00003523,5.358333333333333,2.1616999999999997,False
515575,00002161,172.225,175.9804,False
515613,00003655,204.55,161.676,False
515647,00003523,86.58166666666666,65.2071,False
515748,00011409,2204.5433333333335,184.4171,False
515777,00000210,1743.6633333333334,157.4216,False
515802,00000001,56.57833333333333,36.3961,False
515834,00000001,126.58333333333333,101.05069999999999,False
515843,00002161,176.94166666666666,154.9162,False
515881,00010723,48.294999999999995,40.128699999999995,False
515918,00031235,80.46333333333334,52.4849,False
515921,00000210,1724.905,145.9017,False
515955,00002161,162.75666666666666,225.8314,False
516011,00011775,112.18666666666667,98.0277,False
516073,00002161,110.30333333333333,97.16369999999999,False
516083,00003494,8.353333333333333,5.7444,False
516107,00010777,134.965,187.75979999999998,False
516203,00003494,154.80333333333334,156.6569,False
516222,00011409,2204.5433333333335,184.4171,False
516233,00031235,94.56,101.30839999999999,False
516235,00003655,79.55333333333333,72.2223,False
516244,00010777,185.99333333333334,240.7692,False
516273,00000210,5.9350000000000005,4.1974,False
516280,00003494,91.93666666666667,70.82589999999999,False
516328,00010777,144.57666666666668,155.72,False
516396,00000001,126.58333333333333,101.05069999999999,False
516441,00010777,168.35666666666665,227.7776,False
516454,00003523,219.09166666666667,219.8433,False
516516,00000001,81.115,53.4968,False
516576,00003754,14.976666666666667,21.161900000000003,False
516588,00003754,27.955,26.6283,False
516590,00003655,38.940000000000005,40.1194,False
516601,00000066,0.0,0.0,False
516618,00002161,20.21833333333333,19.6303,False
516621,00037783,16.99,11.2008,False
516721,00000066,0.0,0.0,False
516761,00003727,153.435,163.408,False
516774,00011409,4928.67,418.5697,False
516799,00003598,1.3099999999999998,0.6379,False
516802,00002021,24.421666666666667,24.9701,False
516831,00010777,149.77,160.19379999999998,False
516903,00003494,173.30333333333334,176.14239999999998,False
516971,00003727,268.41833333333335,211.4305,False
516985,00003655,10.043333333333333,6.9898,False
516998,00000001,126.58333333333333,101.05069999999999,False
517112,00011409,2205.588333333333,184.78529999999998,False
517117,00003727,146.75333333333336,120.9387,False
517164,00000001,125.83666666666666,100.5907,False
517171,00003754,94.07666666666667,95.36880000000001,False
517251,00000210,63.52333333333333,43.7809,False
517281,00003494,11.996666666666666,9.418299999999999,False
517329,00002161,444.1166666666667,619.7659,False
517332,00000001,101.02333333333333,80.2007,False
517342,00003792,86.03166666666667,73.13,False
517345,00003494,14.931666666666667,20.7301,False
517346,00031235,78.71333333333334,64.3666,False
517371,00031235,153.24833333333333,93.2414,False
517384,00003523,142.725,137.68789999999998,False
517386,00000066,2.618333333333333,1.7402,False
517461,00012170,3.9633333333333334,1.5099,False
517482,00003523,176.49833333333333,191.6771,False
517531,00000066,0.0,0.0,False
517551,00003494,45.50833333333333,27.578200000000002,False
517608,00002161,443.425,619.8240999999999,False
517609,00003754,31.823333333333334,25.8934,False
517644,00037376,44.82833333333333,23.6485,False
517648,00031235,63.92333333333333,57.5057,False
517654,00011409,4928.67,418.5697,False
517694,00003494,152.26166666666668,126.5582,False
517795,00003523,201.83166666666665,176.96970000000002,False
517818,00037783,320.8016666666666,289.94140000000004,False
517846,00003727,214.61833333333334,155.5464,False
517854,00000162,27.141666666666666,11.2421,False
517964,00002161,107.83999999999999,122.336,False
517990,00003494,86.34833333333333,54.6938,False
518002,00000066,0.0,0.0,False
518064,00011409,2211.211666666667,186.5399,False
518074,00003494,179.92000000000002,145.9246,False
518097,00002161,139.27333333333334,139.1001,False
518117,00037783,346.0833333333333,312.5431,False
518121,00031235,82.58166666666666,66.93719999999999,False
518216,00000001,126.58333333333333,101.05069999999999,False
518243,00016148,26.113333333333333,34.2915,False
518248,00003523,50.985,56.9799,False
518263,00003523,15.389999999999999,15.6296,False
518264,00031235,105.10166666666667,62.671800000000005,False
518265,00002161,444.1166666666667,619.7659,False
518334,00003727,147.515,151.1097,False
518523,00037783,25.325,25.0658,False
518537,00003494,210.20833333333334,170.5515,False
518575,00000210,63.22833333333333,43.5852,False
518600,00003727,14.05,19.7972,False
518606,00037376,205.38,172.9341,False
518614,00003792,37.513333333333335,29.8461,False
518756,00000001,126.58333333333333,101.05069999999999,False
518790,00003523,75.64166666666667,52.434599999999996,False
518864,00011775,126.17666666666668,108.9099,False
518888,00000210,1743.3966666666668,157.2451,False
518907,00010777,159.065,201.70489999999998,False
518908,00031235,79.41333333333334,65.1514,False
518973,00000001,77.485,63.6104,False
518991,00000001,67.82166666666667,46.2034,False
519035,00002161,441.8283333333333,616.3942,False
519042,00003770,83.07333333333332,58.2903,False
519067,00003523,97.40666666666667,103.5253,False
519198,00000210,1743.3966666666668,157.2451,False
519212,00031235,69.82166666666667,73.6551,False
519286,00003523,61.788333333333334,46.767900000000004,False
519573,00010777,116.89666666666668,153.5323,False
519582,00000066,0.0,0.0,False
519594,00003494,115.49166666666666,101.78160000000001,False
519639,00000162,27.141666666666666,11.2421,False
519665,00000162,0.0,0.0,False
519760,00010777,62.365,82.7662,False
519780,00003727,243.48833333333332,266.9088,False
519828,00003494,114.98833333333333,99.3461,False
520008,00000001,126.92,101.15480000000001,False
520009,00031235,80.14666666666668,64.2008,False
520019,00031235,96.525,76.2467,False
520039,00003792,9.885,10.2745,False
520040,00000001,10.753333333333334,4.853800000000001,False
520066,00010777,24.416666666666668,32.044200000000004,False
520084,00003727,244.16333333333333,179.4102,False
520162,00000066,0.0,0.0,False
520182,00003655,323.43333333333334,211.0649,False
520186,00003727,76.53500000000001,88.3638,False
520242,00000066,0.0,0.0,False
520291,00000001,126.58333333333333,101.05069999999999,False
520322,00011775,115.92333333333333,100.4845,False
520417,00011409,2205.9316666666664,184.941,False
520436,00003727,249.4116666666667,273.30920000000003,False
520445,00003494,67.21666666666667,73.4041,False
520466,00000162,0.0,0.0,False
520495,00000162,0.0,0.0,False
520500,00008154,19.541666666666668,16.040399999999998,False
520560,00003523,9.156666666666666,3.6976,False
520679,00003494,288.315,219.0609,False
520688,00003754,62.919999999999995,79.2763,False
520704,00000001,67.82166666666667,46.2034,False
520707,00031235,178.55,157.91410000000002,False
520808,00031235,89.72333333333333,69.4165,False
520817,00031235,160.39166666666668,161.5939,False
520948,00003754,462.6766666666666,402.7099,False
520989,00003523,3.1483333333333334,4.1747,False
521109,00003655,72.455,69.2723,False
521120,00031235,78.28833333333334,78.598,False
521129,00003792,16.49,10.9336,False
521163,00011775,42.35333333333333,21.4505,False
521255,00003770,33.58,16.6051,False
521258,00003754,141.83666666666667,136.5794,False
521265,00003792,124.69,130.0743,False
521267,00002161,443.425,619.8240999999999,False
521328,00010777,160.99666666666664,203.345,False
521376,00002161,150.84666666666666,126.3717,False
521431,00003494,101.91000000000001,107.6022,False
521446,00010777,142.78333333333333,199.0627,False
521461,00010777,147.655,159.6285,False
521463,00000001,126.11833333333334,96.8797,False
521482,00000001,126.58333333333333,101.05069999999999,False
521585,00003494,86.24333333333334,54.637800000000006,False
521647,00000001,127.40666666666667,102.8991,False
521656,00003655,257.85499999999996,183.8243,False
521686,00000210,63.52333333333333,43.7809,False
521697,00003494,90.00166666666668,61.313900000000004,False
521753,00000001,126.52333333333333,97.04780000000001,False
521791,00003494,20.428333333333335,21.141599999999997,False
521795,00010777,150.92999999999998,196.69070000000002,False
521918,00037376,41.873333333333335,22.298,False
521983,00003727,24.41166666666667,26.6278,False
522001,00003523,198.89,175.0106,False
522068,00037376,134.98833333333334,113.7985,False
522267,00003523,52.20166666666667,59.3603,False
522351,00002161,242.93333333333334,238.10770000000002,False
522352,00003727,117.97833333333332,109.81110000000001,False
522391,00003727,136.72166666666666,129.4697,False
522475,00003655,309.84833333333336,205.392,False
522521,00020274,51.24333333333333,37.5055,False
522533,00000001,126.52333333333333,97.04780000000001,False
522554,00003792,63.08833333333334,42.0685,False
522579,00003727,255.465,259.46479999999997,False
522587,00003727,148.79,130.3056,False
522624,00010777,158.93333333333334,166.9334,False
522634,00003494,104.98666666666666,72.6551,False
522649,00002161,239.81166666666667,236.347,False
522826,00003523,3.05,1.4192,False
522847,00003494,93.71499999999999,102.6199,False
522892,00000001,126.58333333333333,101.05069999999999,False
522919,00003523,22.071666666666665,18.366400000000002,False
523029,00010777,23.485,31.121599999999997,False
523099,00037376,102.15833333333333,89.1477,False
523143,00002161,157.585,150.4054,False
523247,00003727,145.485,144.7001,False
523379,00003523,75.68833333333333,52.4542,False
523441,00020274,92.24166666666666,64.7606,False
523473,00003754,448.4266666666666,387.73359999999997,False
523502,00003494,65.88833333333334,46.7473,False
523522,00003523,23.936666666666667,22.4525,False
523543,00000162,5.253333333333333,2.1881999999999997,False
523557,00003494,22.455,28.8779,False
523598,00003523,184.68666666666667,165.5532,False
523652,00003494,71.38000000000001,54.259,False
523705,00003727,164.75666666666666,129.9198,False
523716,00010777,131.415,149.1936,False
523758,00037783,330.07166666666666,328.63009999999997,False
523769,00031235,42.115,36.7575,False
523901,00020274,57.10333333333333,41.3602,False
523904,00000210,869.2566666666667,77.98389999999999,False
523910,00031235,64.39333333333333,54.9116,False
523916,00000001,56.57833333333333,36.3961,False
523938,00003727,213.03,163.3199,False
523947,00002161,441.8283333333333,616.3942,False
523957,00000066,0.0,0.0,False
523959,00003523,20.336666666666666,27.706,False
523966,00003494,104.72,100.21039999999999,False
524003,00003494,77.85166666666667,88.6045,False
524026,00011409,2204.5433333333335,184.4171,False
524042,00037376,47.91833333333333,30.730900000000002,False
524044,00003494,18.946666666666665,10.9818,False
524054,00000001,20.366666666666667,14.2864,False
524148,00003494,139.325,111.2909,False
524164,00000066,0.0,0.0,False
524184,00002161,164.255,222.28539999999998,False
524185,00011409,2205.233333333333,184.65179999999998,False
524230,00003523,79.98166666666665,60.8257,False
524252,00003494,67.27166666666668,78.2573,False
524288,00003494,98.26,96.4508,False
524362,00003494,137.70833333333334,117.9265,False
524431,00003494,195.02833333333334,160.4561,False
524576,00037783,346.0833333333333,312.5431,False
524614,00031235,104.56,75.4876,False
524646,00003523,48.55833333333333,55.3226,False
524786,00003754,89.61166666666666,90.3506,False
524928,00002161,164.20499999999998,132.3086,False
524944,00000162,0.07,0.0291,False
524949,00002161,193.98833333333332,172.4445,False
524977,00010723,10.565,7.3891,False
525021,00003770,120.76333333333334,73.97019999999999,False
525224,00003727,94.74499999999999,100.61630000000001,False
525250,00003494,57.473333333333336,39.793800000000005,False
525286,00010777,201.29500000000002,251.4784,False
525304,00002161,111.48833333333333,92.06869999999999,False
525320,00003727,212.34833333333333,225.7902,False
525401,00002161,169.17333333333332,170.2194,False
525432,00003655,24.540000000000003,21.5568,False
525507,00011409,3859.705,322.6193,False
525509,00031235,115.76833333333335,107.6168,False
525677,00003494,22.273333333333333,22.2702,False
525698,00003523,109.66333333333334,117.513,False
525871,00016148,15.751666666666667,18.835900000000002,False
525881,00003727,84.90166666666667,99.10260000000001,False
525945,00000001,34.11666666666667,24.8532,False
525984,00003494,74.50666666666666,61.0735,False
526074,00010777,127.84833333333333,148.31189999999998,False
526141,00003727,127.885,123.5856,False
526216,00003727,172.125,208.332,False
526217,00000001,81.115,53.4968,False
526221,00002161,157.94666666666666,152.1943,False
526236,00003655,38.71666666666667,33.960800000000006,False
526333,00003494,45.498333333333335,30.7452,False
526358,00010777,27.32,34.2914,False
526374,00011409,4909.201666666666,410.5363,False
526380,00002161,104.63000000000001,108.8429,False
526515,00003727,218.825,232.19129999999998,False
526555,00010777,31.123333333333335,41.939099999999996,False
526584,00003523,207.99666666666664,177.09629999999999,False
526676,00003494,174.265,146.8024,False
526694,00010777,28.65666666666667,28.031299999999998,False
526714,00010723,97.105,105.3609,False
526722,00003523,188.33333333333334,167.9804,False
526745,00003494,162.11833333333334,163.6827,False
526775,00003770,90.00166666666668,52.3153,False
526888,00003494,21.363333333333333,18.940099999999997,False
526919,00003523,7.655,6.1988,False
526971,00003494,75.25333333333333,59.885400000000004,False
527014,00003494,81.95833333333333,65.88969999999999,False
527024,00000210,1743.6633333333334,157.4216,False
527051,00003754,64.29166666666667,80.53280000000001,False
527099,00002161,150.78,204.673,False
527114,00011409,4922.591666666666,415.9765,False
527154,00020274,15.245000000000001,11.5786,False
527195,00011409,2205.588333333333,184.78529999999998,False
527201,00016148,101.02,85.5591,False
527203,00003792,96.93833333333333,100.4324,False
527211,00010723,23.259999999999998,16.0889,False
527213,00031235,140.46166666666667,95.2686,False
527231,00000001,126.52333333333333,97.04780000000001,False
527232,00003792,58.348333333333336,39.4672,False
527235,00020274,39.635,28.5072,False
527251,00000210,1743.3966666666668,157.2451,False
527268,00003754,7.826666666666667,4.6355,False
527318,00000001,99.00833333333334,72.9889,False
527324,00002161,170.01000000000002,162.39870000000002,False
527330,00000001,126.58333333333333,101.05069999999999,False
527437,00003727,26.673333333333336,34.775800000000004,False
527444,00003494,16.738333333333333,18.7485,False
527465,00002021,33.42666666666666,35.282199999999996,False
527683,00010777,40.38166666666667,50.4477,False
527716,00037783,136.195,85.39160000000001,False
527724,00031235,100.27666666666667,78.7338,False
527812,00002161,107.265,100.7107,False
527819,00011409,2211.0583333333334,186.5016,False
527859,00003727,21.223333333333336,17.4904,False
527864,00031235,88.82333333333332,55.9967,False
527905,00008154,56.175,36.1267,False
527928,00003494,37.776666666666664,24.425900000000002,False
527973,00003727,157.41333333333333,207.8166,False
527985,00008154,34.64,25.2286,False
528001,00003727,98.25666666666666,69.5236,False
528038,00003523,128.83,149.01229999999998,False
528066,00000210,1743.6633333333334,157.4216,False
528140,00031235,155.42000000000002,164.18789999999998,False
528202,00003655,53.305,54.849,False
528261,00003494,112.67666666666668,104.82469999999999,False
528354,00011409,2204.5433333333335,184.4171,False
528369,00011409,2205.9316666666664,184.941,False
528386,00003727,36.03333333333333,43.7301,False
528395,00020274,28.601666666666667,22.1237,False
528415,00031235,128.85166666666666,137.8233,False
528473,00000210,63.52333333333333,43.7809,False
528640,00003727,0.8366666666666667,0.8172999999999999,False
528653,00003727,213.765,154.3046,False
528677,00000001,126.63833333333334,100.927,False
528693,00003523,66.50666666666667,51.732,False
528725,00003494,109.43666666666667,77.9223,False
528774,00003494,12.723333333333333,9.136,False
528791,00037376,58.865,29.4339,False
528864,00000066,0.0,0.0,False
528903,00000001,126.58333333333333,101.05069999999999,False
528922,00003727,29.043333333333333,40.9315,False
528959,00000210,28.601666666666667,20.574,False
528962,00010777,165.45333333333335,168.6712,False
529012,00003494,269.9583333333333,218.52870000000001,False
529161,00000210,1724.905,145.9017,False
529231,00000210,1759.9516666666668,168.1044,False
529232,00037783,255.725,246.8972,False
529263,00000001,67.82166666666667,46.2034,False
529297,00000066,0.0,0.0,False
529306,00011409,2204.5433333333335,184.4171,False
529320,00003523,33.401666666666664,30.2209,False
529365,00008154,15.973333333333333,17.0495,False
529376,00010777,117.42666666666668,136.04479999999998,False
529423,00003727,116.01333333333334,108.166,False
529496,00020274,28.601666666666667,22.1237,False
529529,00003494,86.515,55.7909,False
529565,00000210,1743.6633333333334,157.4216,False
529707,00035125,57.29,45.077400000000004,False
529727,00011775,35.09,35.9425,False
529729,00003655,56.35166666666667,56.8806,False
529760,00003494,159.75666666666666,132.59879999999998,False
529769,00003494,106.00166666666668,80.47739999999999,False
529802,00000210,1725.2966666666666,146.0161,False
529981,00003494,34.045,21.9142,False
530026,00010777,148.71,180.44629999999998,False
530049,00003727,103.17833333333333,89.4628,False
530097,00012854,2.493333333333333,1.2165,False
530116,00003494,151.43333333333334,155.733,False
530190,00010777,146.37,159.3141,False
530208,00002161,441.8283333333333,616.3942,False
530237,00000066,0.0,0.0,False
530245,00031235,20.168333333333333,20.285,False
530282,00003770,20.315,21.8595,False
530315,00003655,20.256666666666668,19.180799999999998,False
530319,00000162,0.0,0.0,False
530385,00003727,220.49333333333334,233.7156,False
530422,00003727,147.89333333333335,192.2148,False
530471,00003494,158.98666666666668,127.4911,False
530496,00031235,76.90166666666667,67.77839999999999,False
530538,00016148,16.529999999999998,22.6967,False
530579,00000210,859.2033333333333,73.91369999999999,False
530707,00000210,1734.4866666666667,151.2821,False
530727,00037783,346.0833333333333,312.5431,False
530734,00003727,80.01166666666667,97.13080000000001,False
530754,00003655,21.290000000000003,15.2757,False
530772,00003754,60.005,60.997800000000005,False
530838,00002161,176.18333333333334,182.2036,False
530858,00003494,189.54,156.807,False
530885,00003523,55.52833333333333,41.9929,False
531039,00002161,127.32833333333333,170.0967,False
531056,00003655,296.4183333333333,199.8578,False
531074,00003494,94.00333333333333,73.9876,False
531150,00010777,95.25166666666668,127.5312,False
531166,00003727,90.96833333333333,102.7602,False
531174,00031235,74.455,40.1417,False
531212,00003727,276.635,213.5085,False
531214,00003523,29.148333333333333,14.507299999999999,False
531298,00002161,142.8383333333333,129.6042,False
531316,00000162,217.02833333333334,149.34720000000002,False
531347,00000001,126.92,101.15480000000001,False
531399,00003494,115.425,87.5545,False
531412,00000210,140.04500000000002,14.2226,False
531438,00003727,232.23,243.1142,False
531443,00003494,48.18666666666666,66.9491,False
531444,00002161,176.94666666666666,242.9354,False
531464,00002161,155.05166666666668,140.3641,False
531501,00011775,28.528333333333332,26.0024,False
531529,00000001,126.52333333333333,97.04780000000001,False
531619,00003792,16.521666666666665,16.1353,False
531735,00020274,28.601666666666667,22.1237,False
531797,00003494,92.79333333333334,97.6332,False
531803,00031235,82.6,67.0266,False
531829,00003655,241.38500000000002,176.97889999999998,False
531839,00010777,42.03333333333333,55.993900000000004,False
531871,00002161,35.2,36.5608,False
532042,00002161,147.56,148.69060000000002,False
532069,00000066,0.0,0.0,False
532135,00000001,18.791666666666668,11.8424,False
532209,00000210,869.2566666666667,77.98389999999999,False
532220,00003494,31.711666666666666,24.9604,False
532241,00003494,24.778333333333332,34.6623,False
532242,00000210,859.2033333333333,73.91369999999999,False
532281,00010777,28.28166666666667,37.487199999999994,False
532338,00003792,72.16000000000001,52.4531,False
532353,00000162,0.07,0.0291,False
532362,00010777,128.39833333333334,179.0106,False
532441,00003494,118.32166666666667,119.5561,False
532462,00000001,81.115,53.4968,False
532525,00000210,1743.6633333333334,157.4216,False
532579,00010777,84.13666666666667,116.299,False
532596,00031235,98.16499999999999,96.6011,False
532763,00010777,89.725,122.8435,False
532770,00000066,0.0,0.0,False
532774,00003523,93.77666666666667,67.3391,False
532776,00003523,63.83166666666667,68.5562,False
532824,00003494,115.66333333333334,106.9826,False
532832,00002161,15.67,18.667,False
532855,00002161,112.50500000000001,102.0154,False
532976,00002161,158.63666666666668,153.7546,False
533029,00003494,129.03666666666666,106.6306,False
533043,00003727,115.865,147.79729999999998,False
533046,00003727,130.13333333333333,114.0332,False
533062,00003494,81.885,65.2975,False
533072,00000066,0.0,0.0,False
533082,00010777,139.03166666666667,153.1124,False
533100,00000001,125.83666666666666,100.5907,False
533122,00002161,444.1166666666667,619.7659,False
533259,00003523,48.49666666666667,37.1053,False
533270,00003523,114.29833333333333,112.15310000000001,False
533285,00000001,126.52333333333333,97.04780000000001,False
533445,00008154,24.933333333333334,22.0759,False
533454,00003727,94.22,67.8438,False
533468,00000210,869.2566666666667,77.98389999999999,False
533516,00031235,47.97166666666667,43.6397,False
533552,00002161,174.76166666666668,173.21929999999998,False
533577,00002161,139.06833333333333,132.7303,False
533594,00010723,26.666666666666668,24.4046,False
533599,00003494,6.411666666666666,8.2211,False
533676,00003655,4.0183333333333335,3.814,False
533694,00003655,67.26166666666667,57.5451,False
533714,00008154,76.54166666666667,54.1163,False
533751,00003494,60.61833333333333,57.591300000000004,False
533778,00000001,126.31333333333333,102.29469999999999,False
533825,00010777,113.59833333333333,138.23489999999998,False
533830,00003754,70.35833333333333,68.0545,False
533841,00000001,31.955,23.3535,False
533881,00002161,122.14666666666668,124.3617,False
533890,00000001,101.09333333333333,73.8072,False
533908,00011409,3865.8733333333334,325.1849,False
533942,00003494,101.59833333333333,77.466,False
533947,00003727,146.64333333333335,163.3389,False
533979,00002161,223.9116666666667,184.66729999999998,False
534082,00037783,137.69833333333332,138.9133,False
534085,00031235,58.12166666666667,48.4898,False
534098,00010777,143.5883333333333,182.2549,False
534189,00003727,41.519999999999996,52.591699999999996,False
534245,00031235,16.83833333333333,12.7059,False
534304,00011409,4909.201666666666,410.5363,False
534329,00003727,80.875,97.4267,False
534435,00003727,158.88833333333332,149.37679999999997,False
534500,00003494,128.605,95.3479,False
534524,00000001,9.15,6.5586,False
534577,00000210,1738.6033333333332,151.57989999999998,False
534656,00000001,126.11833333333334,96.8797,False
534660,00037376,204.43666666666667,172.5789,False
534785,00016148,94.77,87.0156,False
534812,00002161,165.38333333333333,167.72729999999999,False
534848,00037783,137.69833333333332,138.9133,False
534852,00000001,126.58333333333333,101.05069999999999,False
534979,00003523,67.84833333333333,76.3241,False
535005,00037783,137.69833333333332,138.9133,False
535061,00000001,126.58333333333333,101.05069999999999,False
535121,00037783,138.11166666666668,139.1269,False
535130,00002161,147.43833333333333,144.43820000000002,False
535145,00003727,134.58666666666667,133.25220000000002,False
535147,00000210,859.2033333333333,73.91369999999999,False
535173,00003494,17.851666666666667,24.0824,False
535257,00003494,276.525,215.91170000000002,False
535287,00000162,217.02833333333334,149.34720000000002,False
535312,00002021,20.395,21.0423,False
535407,00010777,164.80666666666667,224.8123,False
535447,00003494,69.85,56.2278,False
535509,00000210,1743.6633333333334,157.4216,False
535637,00003523,192.52666666666667,170.69660000000002,False
535645,00003727,81.19333333333334,102.05930000000001,False
535702,00037783,170.19166666666666,158.1414,False
535742,00003494,53.44833333333334,49.8385,False
535752,00003727,143.125,119.4341,False
535760,00037783,136.195,85.39160000000001,False
535879,00003494,175.84333333333333,138.7558,False
535912,00003655,72.49166666666666,70.8173,False
535924,00003727,113.27166666666668,107.0299,False
535949,00003523,42.22666666666667,34.496900000000004,False
535979,00031235,81.65333333333334,71.3292,False
535990,00003494,35.58166666666667,29.584,False
536027,00003494,66.35666666666667,75.7912,False
536034,00003523,83.885,56.5343,False
536041,00038493,20.206666666666667,21.2119,False
536045,00000210,1739.6333333333334,154.7388,False
536077,00003494,90.96000000000001,93.3475,False
536126,00037783,137.69833333333332,138.9133,False
536152,00000210,1738.6033333333332,151.57989999999998,False
536157,00003494,36.965,30.3272,False
536176,00003494,173.82666666666668,176.4915,False
536263,00003494,126.24499999999999,89.1011,False
536273,00010777,133.815,166.599,False
536334,00003770,29.165000000000003,16.941,False
536337,00002161,185.77,247.7081,False
536389,00031235,49.085,52.3438,False
536394,00000066,0.0,0.0,False
536402,00002161,444.1166666666667,619.7659,False
536474,00003727,249.035,195.6517,False
536480,00000210,63.52333333333333,43.7809,False
536483,00003770,65.63166666666667,46.925,False
536521,00003792,89.40833333333333,91.3345,False
536559,00011775,121.25666666666666,107.2711,False
536560,00000210,140.24833333333333,14.3115,False
536562,00003494,35.64333333333333,30.710900000000002,False
536564,00003655,89.61999999999999,82.1422,False
536638,00037783,296.5933333333333,265.4316,False
536718,00003727,100.555,88.3804,False
536720,00003727,166.65,182.70770000000002,False
536729,00002161,163.27666666666667,172.4718,False
536741,00002161,110.43333333333334,102.8582,False
536830,00002161,443.425,619.8240999999999,False
536836,00003754,64.545,65.4201,False
536839,00012170,3.9633333333333334,1.5099,False
536928,00000210,1743.3966666666668,157.2451,False
536938,00003494,121.30333333333333,85.8058,False
536967,00011409,3860.7233333333334,323.12129999999996,False
536968,00000210,869.2566666666667,77.98389999999999,False
537022,00002161,201.12666666666667,205.0154,False
537168,00003727,78.72,46.8035,False
537180,00031235,92.07833333333333,72.01660000000001,False
537199,00012243,11.758333333333333,11.928700000000001,False
537218,00037376,163.88833333333332,134.3324,False
537375,00000001,10.72,7.5219,False
537443,00010777,51.16833333333333,67.8449,False
537465,00000162,0.0,0.0,False
537478,00037376,15.229999999999999,9.2529,False
537496,00002161,443.425,619.8240999999999,False
537547,00003655,45.3,46.9204,False
537549,00002161,212.35166666666666,215.2799,False
537589,00003655,38.45,38.3523,False
537644,00010777,67.20166666666667,84.1792,False
537648,00037376,204.79,172.72560000000001,False
537782,00000001,22.038333333333334,16.578,False
537807,00003727,274.80333333333334,297.11940000000004,False
537823,00010777,153.05666666666667,197.9183,False
537880,00003494,88.50333333333333,81.813,False
537895,00003792,48.45166666666667,36.0553,False
537934,00016148,150.075,112.0375,False
537997,00000210,868.2483333333333,77.56519999999999,False
538001,00011409,6.83,5.261699999999999,False
538056,00037783,136.195,85.39160000000001,False
538058,00035125,61.14666666666667,45.6544,False
538063,00003727,158.82166666666666,208.1769,False
538134,00031235,165.28,150.9228,False
538178,00000162,0.0,0.0,False
538214,00010777,210.65833333333333,258.7136,False
538217,00037376,74.05166666666668,48.0109,False
538273,00037783,136.195,85.39160000000001,False
538322,00010777,105.18833333333333,104.2047,False
538376,00000162,0.0,0.0,False
538409,00003494,192.2133333333333,154.201,False
538439,00003727,21.298333333333336,22.622700000000002,False
538492,00031235,30.171666666666667,22.5304,False
538493,00031235,73.695,61.4895,False
538591,00010723,19.376666666666665,16.1983,False
538602,00000066,0.0,0.0,False
538622,00000001,126.52333333333333,97.04780000000001,False
538667,00003494,104.79333333333334,77.1901,False
538688,00003523,202.40166666666667,208.79070000000002,False
538718,00010777,99.42833333333333,124.597,False
538751,00020274,12.99,9.613,False
538755,00003494,42.23166666666667,32.1362,False
538786,00020274,78.74666666666667,55.7719,False
538870,00003494,40.11333333333334,37.997,False
538909,00031235,117.52,70.3571,False
538921,00012170,3.9633333333333334,1.5099,False
538922,00037376,177.01333333333332,156.167,False
538927,00011775,12.663333333333332,11.588799999999999,False
538934,00000001,126.11833333333334,96.8797,False
539032,00031235,42.559999999999995,31.6771,False
539038,00010723,86.49,79.82639999999999,False
539054,00010777,134.57166666666666,166.15820000000002,False
539065,00002161,162.44666666666666,158.158,False
539119,00000001,33.84166666666667,24.2607,False
539166,00003494,83.57666666666667,82.4249,False
539194,00003494,128.31666666666666,106.1516,False
539197,00003655,206.51166666666668,162.4626,False
539251,00003727,105.70833333333333,108.712,False
539314,00031235,23.785,24.6612,False
539399,00008154,74.30166666666668,51.0568,False
539403,00011775,31.055,16.7468,False
539448,00003494,179.54666666666665,141.21679999999998,False
539470,00031235,128.96166666666667,91.6665,False
539476,00003727,211.95,225.519,False
539524,00037783,2.3066666666666666,1.0852,False
539573,00002161,132.92,117.79560000000001,False
539582,00002161,305.4316666666667,276.04909999999995,False
539615,00000162,0.0,0.0,False
539640,00037783,137.69833333333332,138.9133,False
539649,00000066,0.0,0.0,False
539692,00010777,132.52333333333334,150.0288,False
539698,00003727,241.2133333333333,264.4428,False
539702,00003494,89.60166666666667,98.2308,False
539753,00003523,76.695,52.871900000000004,False
539795,00003754,80.85833333333333,93.3013,False
539882,00016148,9.976666666666667,9.4596,False
540040,00003727,83.90666666666667,91.6875,False
540063,00000066,2.5366666666666666,1.6856,False
540102,00010777,169.815,230.0225,False
540105,00003494,66.68,67.7392,False
540168,00003727,62.735,73.7793,False
540186,00003494,291.6433333333333,224.5349,False
540199,00035125,11.833333333333334,9.8318,False
540247,00003727,276.75166666666667,200.9392,False
540271,00003727,141.58666666666667,132.7104,False
540310,00011409,2204.5433333333335,184.4171,False
540417,00003494,138.22333333333333,118.2698,False
540512,00011409,4908.745,410.3462,False
540567,00011409,3865.8733333333334,325.1849,False
540692,00037783,9.01,6.267600000000001,False
540770,00003727,110.85666666666665,121.7951,False
540773,00000066,0.0,0.0,False
540777,00003494,165.855,136.65970000000002,False
540831,00031235,128.22,135.41310000000001,False
540843,00010777,132.27666666666667,149.80579999999998,False
540881,00003727,210.34333333333333,153.65210000000002,False
540892,00003494,23.81833333333333,32.1126,False
540905,00035125,7.891666666666667,3.706,False
540910,00037783,3.7016666666666667,1.7795,False
540918,00003727,101.48666666666666,116.211,False
540946,00002161,182.06166666666667,237.77579999999998,False
540975,00000066,0.0,0.0,False
540981,00002161,96.28,83.8707,False
541013,00003727,228.8383333333333,238.948,False
541033,00002161,443.425,619.8240999999999,False
541044,00003792,76.71666666666667,55.2494,False
541056,00010777,143.2866666666667,156.4363,False
541147,00011409,3865.298333333333,324.945,False
541159,00000066,0.0,0.0,False
541268,00011409,3865.8733333333334,325.1849,False
541276,00000001,101.09333333333333,73.8072,False
541341,00003754,10.326666666666666,9.699,False
541347,00037783,137.37666666666667,138.8286,False
541483,00003655,234.15333333333334,173.9744,False
541550,00000162,5.253333333333333,2.1881999999999997,False
541564,00031235,101.56166666666667,79.5883,False
541584,00000001,126.92,101.15480000000001,False
541600,00003494,199.35666666666665,158.9599,False
541603,00003727,247.47166666666666,189.9036,False
541608,00003792,4.161666666666666,4.2648,False
541692,00003523,49.45,59.0296,False
541788,00003494,120.00333333333333,69.839,False
541817,00002161,106.455,103.0732,False
541869,00003494,125.70833333333333,104.5709,False
541908,00000066,0.0,0.0,False
541942,00003494,213.595,159.8424,False
541977,00000001,126.63833333333334,100.927,False
542020,00002161,157.565,160.9628,False
542069,00010777,100.67166666666667,106.43889999999999,False
542071,00000210,20.21833333333333,12.654200000000001,False
542131,00000210,1743.3966666666668,157.2451,False
542175,00003754,35.58833333333334,26.671200000000002,False
542219,00010777,160.75833333333333,203.26160000000002,False
542254,00016148,116.88000000000001,104.2446,False
542293,00003494,81.13333333333334,52.4016,False
542343,00003727,26.34,24.7183,False
542392,00000001,81.115,53.4968,False
542431,00000210,1743.3966666666668,157.2451,False
542468,00002161,116.63333333333334,105.8805,False
542493,00003494,112.575,75.4075,False
542502,00031235,64.225,57.5852,False
542570,00031235,41.848333333333336,32.2157,False
542631,00031235,20.826666666666664,14.865,False
542670,00003523,157.90666666666667,175.2268,False
542680,00003655,127.04833333333333,123.5621,False
542685,00000066,10.698333333333332,5.9658999999999995,False
542735,00031235,136.32833333333332,82.87689999999999,False
542754,00003494,175.73333333333332,173.7056,False
542794,00011775,145.1616666666667,113.8384,False
542823,00003727,41.61333333333334,30.351,False
542837,00031235,44.13333333333333,21.7909,False
542850,00003523,57.294999999999995,58.3125,False
542896,00003494,125.11666666666666,110.789,False
542938,00037783,137.37666666666667,138.8286,False
543066,00003727,213.33333333333334,154.86929999999998,False
543069,00037783,137.37666666666667,138.8286,False
543123,00010777,146.37666666666667,159.0648,False
543313,00003727,12.708333333333334,17.9035,False
543314,00003523,100.86333333333333,106.48819999999999,False
543355,00031235,176.95833333333334,185.69920000000002,False
543366,00000001,81.115,53.4968,False
543459,00003655,33.861666666666665,30.794900000000002,False
543531,00000210,1725.2966666666666,146.0161,False
543541,00003655,7.6899999999999995,5.6416,False
543542,00010777,203.85166666666666,252.6386,False
543551,00011409,4927.673333333334,418.1921,False
543607,00003523,99.195,71.8485,False
543611,00003494,86.17166666666667,91.3533,False
543673,00002161,153.10666666666665,147.45520000000002,False
543740,00003494,33.54333333333333,28.0392,False
543904,00002161,116.00666666666666,160.00279999999998,False
543913,00000162,0.07,0.0291,False
543914,00037783,137.69833333333332,138.9133,False
543951,00000001,126.58333333333333,101.05069999999999,False
543973,00011409,3860.7233333333334,323.12129999999996,False
543980,00012170,3.9633333333333334,1.5099,False
544026,00003494,80.25166666666668,87.9876,False
544220,00000001,126.52333333333333,97.04780000000001,False
544222,00010777,156.63833333333332,200.52470000000002,False
544251,00003727,158.82999999999998,132.2579,False
544280,00003727,277.35333333333335,219.6064,False
544289,00003754,78.60666666666665,72.71010000000001,False
544294,00003494,162.02166666666665,134.1082,False
544397,00000066,0.0,0.0,False
544400,00002161,45.644999999999996,45.664,False
544431,00002161,126.50166666666668,174.6111,False
544446,00000066,0.0,0.0,False
544502,00002161,156.47,152.3505,False
544508,00031235,83.65,58.3851,False
544532,00003494,17.891666666666666,23.781299999999998,False
544560,00037376,24.296666666666667,13.463299999999998,False
544620,00000210,1739.9183333333335,152.1286,False
544640,00031235,42.835,30.761400000000002,False
544675,00003727,248.24166666666667,261.95189999999997,False
544780,00000001,126.11833333333334,96.8797,False
544807,00000001,126.52333333333333,97.04780000000001,False
544836,00037783,346.0833333333333,312.5431,False
544854,00002161,144.76333333333332,146.691,False
544898,00031235,116.685,107.9988,False
544926,00003494,116.8,109.0946,False
545165,00003494,122.76666666666667,102.6827,False
545180,00031235,105.10166666666667,62.671800000000005,False
545197,00000066,0.055,0.0367,False
545217,00003655,131.9,123.6539,False
545242,00002161,173.465,165.83620000000002,False
545270,00003727,90.98166666666665,96.5888,False
545310,00000001,126.63833333333334,100.927,False
545380,00003523,21.91,18.2894,False
545421,00003655,87.58333333333333,80.7834,False
545422,00010777,28.691666666666666,34.0094,False
545440,00037376,78.99166666666666,51.2416,False
545495,00012170,3.9633333333333334,1.5099,False
545519,00003494,67.62833333333333,56.5451,False
545520,00002161,144.13333333333333,141.81470000000002,False
545530,00003655,24.408333333333335,23.424799999999998,False
545572,00003494,216.75166666666667,174.02720000000002,False
545602,00002161,114.155,118.053,False
545617,00010777,128.3,147.2015,False
545628,00010777,143.05833333333334,196.6982,False
545658,00003754,27.576666666666664,35.2375,False
545665,00003523,64.37833333333333,50.3152,False
545718,00003494,41.016666666666666,27.924,False
545719,00037783,137.69833333333332,138.9133,False
545731,00011409,4927.673333333334,418.1921,False
545791,00003727,36.985,42.728699999999996,False
545849,00011409,2205.588333333333,184.78529999999998,False
545891,00003727,130.64333333333335,130.6315,False
546022,00020274,97.74333333333334,68.1183,False
546049,00003754,27.001666666666665,27.392799999999998,False
546060,00031235,72.12833333333333,50.2258,False
546100,00016148,77.25666666666666,71.422,False
546114,00037783,169.1,157.7113,False
546120,00002161,103.66499999999999,108.4464,False
546169,00000066,10.698333333333332,5.9658999999999995,False
546213,00000210,1743.3966666666668,157.2451,False
546264,00002161,154.23333333333332,149.0324,False
546467,00002161,84.45,93.5035,False
546477,00000001,126.52333333333333,97.04780000000001,False
546528,00002161,70.61833333333334,70.1701,False
546551,00031235,123.41333333333334,109.67569999999999,False
546652,00011409,3865.8733333333334,325.1849,False
546769,00037376,70.21000000000001,45.875800000000005,False
546840,00011409,4922.591666666666,415.9765,False
546866,00003655,10.593333333333334,8.7631,False
546884,00000066,0.0,0.0,False
546995,00003655,36.815000000000005,37.2637,False
547017,00003494,30.14,42.2442,False
547083,00037376,52.32666666666667,32.909699999999994,False
547086,00003494,115.56,101.6451,False
547088,00000210,63.52333333333333,43.7809,False
547158,00003523,153.80666666666667,141.84220000000002,False
547256,00037783,136.195,85.39160000000001,False
547298,00003655,182.70666666666665,152.6075,False
547336,00003494,125.45833333333333,110.93010000000001,False
547362,00003754,75.58500000000001,78.9434,False
547375,00000210,1755.7866666666666,165.3425,False
547434,00003727,181.52166666666665,104.1394,False
547452,00010777,128.34166666666667,147.2473,False
547464,00011775,22.446666666666665,23.6982,False
547466,00000066,0.0,0.0,False
547501,00003494,126.21333333333334,111.2434,False
547506,00031235,73.42166666666667,61.3475,False
547632,00037376,96.59833333333333,60.6256,False
547633,00002161,108.13833333333334,108.71,False
547680,00003523,49.315000000000005,66.32289999999999,False
547729,00000210,1743.6633333333334,157.4216,False
547749,00003754,462.6766666666666,402.7099,False
547774,00003655,62.07,58.7518,False
547807,00002161,160.52833333333334,133.9302,False
547826,00031235,108.39833333333333,63.7524,False
547839,00003494,218.30666666666667,161.79870000000003,False
547852,00003494,61.513333333333335,42.589,False
547908,00003494,62.376666666666665,49.9534,False
548052,00000001,81.115,53.4968,False
548117,00003655,41.84,32.671,False
548124,00003655,4.805000000000001,3.0507,False
548138,00010723,37.10666666666667,33.1424,False
548161,00003655,11.186666666666667,5.3773,False
548193,00010777,161.43833333333333,167.0005,False
548246,00031235,136.45666666666665,93.6075,False
548261,00003792,24.308333333333334,16.2198,False
548270,00000210,1734.4866666666667,151.2821,False
548301,00002161,223.24833333333333,225.1637,False
548313,00003523,153.80666666666667,141.84220000000002,False
548328,00000210,1743.3966666666668,157.2451,False
548345,00003792,18.65666666666667,12.5282,False
548393,00037376,162.95833333333334,140.0499,False
548398,00003727,131.72833333333332,117.0957,False
548412,00002161,142.93166666666667,144.39239999999998,False
548413,00000066,0.0,0.0,False
548455,00031235,70.27166666666668,73.4014,False
548476,00035125,21.05666666666667,19.8002,False
548506,00003494,33.711666666666666,32.4044,False
548524,00010777,156.66333333333333,164.7682,False
548528,00010777,97.44,104.2886,False
548579,00003727,140.86333333333332,159.49970000000002,False
548591,00016148,2.268333333333333,1.6225,False
548613,00003494,97.01166666666667,94.0266,False
548619,00003754,61.75,59.124199999999995,False
548636,00002161,172.84333333333333,233.9535,False
548640,00003770,26.46833333333333,21.9544,False
548760,00003494,84.05833333333334,92.024,False
548837,00003727,78.91333333333334,110.9007,False
548872,00003792,15.360000000000001,10.0894,False
548940,00000066,0.0,0.0,False
548944,00010777,204.66666666666666,254.7305,False
548989,00000001,126.58333333333333,101.05069999999999,False
549117,00010777,178.99833333333333,231.446,False
549180,00002161,145.40833333333333,146.8942,False
549183,00003727,127.83833333333334,123.5552,False
549185,00031235,71.42833333333333,48.769,False
549195,00000001,126.58333333333333,101.05069999999999,False
549206,00000210,1758.5,167.143,False
549278,00000066,2.5366666666666666,1.6856,False
549280,00003792,9.826666666666666,4.9293000000000005,False
549285,00011409,3865.8733333333334,325.1849,False
549294,00003792,16.821666666666665,11.3073,False
549298,00002161,168.82333333333332,234.481,False
549307,00000001,81.115,53.4968,False
549320,00010723,27.241666666666667,24.0058,False
549408,00003494,109.92,85.0392,False
549485,00011409,3.205,1.0996,False
549529,00012918,16.988333333333333,10.3851,False
549545,00031235,107.90666666666667,81.844,False
549561,00002161,86.65333333333334,87.5138,False
549597,00002161,441.8283333333333,616.3942,False
549599,00011409,3860.7233333333334,323.12129999999996,False
549683,00003655,196.44666666666666,158.3109,False
549718,00010777,113.64666666666668,151.0725,False
549823,00010777,99.3,111.441,False
549825,00037783,296.5933333333333,265.4316,False
549882,00003494,8.991666666666667,10.8931,False
549961,00003754,45.81666666666667,43.75,False
550042,00003770,78.76833333333335,38.4234,False
550074,00010777,168.66666666666666,218.5231,False
550088,00003494,46.736666666666665,30.8744,False
550134,00003494,106.115,63.633300000000006,False
550147,00003494,87.14833333333333,85.98780000000001,False
550242,00000210,1725.2966666666666,146.0161,False
550364,00002161,162.94500000000002,171.4168,False
550377,00031235,74.97166666666666,76.4042,False
550380,00003727,143.70666666666665,139.2999,False
550382,00002161,138.97166666666666,177.8287,False
550425,00000210,1743.6633333333334,157.4216,False
550443,00002161,441.8283333333333,616.3942,False
550479,00010777,175.54166666666666,210.4688,False
550519,00003727,25.240000000000002,24.2608,False
550524,00010777,56.245,71.49239999999999,False
550555,00003494,189.79833333333332,156.9779,False
550644,00003727,27.53166666666667,21.1316,False
550673,00010777,98.14833333333333,126.8599,False
550678,00020274,78.00166666666668,55.2764,False
550824,00003727,215.28,228.1325,False
550844,00011409,3865.8733333333334,325.1849,False
550863,00003494,36.79833333333333,28.26,False
550927,00002161,163.29,145.7511,False
551044,00037783,126.70666666666666,118.3514,False
551052,00003523,186.22333333333333,166.5433,False
551082,00010777,19.511666666666667,22.3242,False
551124,00003494,159.75666666666666,132.59879999999998,False
551167,00003727,80.93166666666666,97.5143,False
551261,00000001,126.11833333333334,96.8797,False
551308,00016148,94.77,87.0156,False
551359,00000210,1739.9183333333335,152.1286,False
551411,00010777,155.41333333333333,199.6469,False
551437,00037783,131.98166666666665,83.6452,False
551443,00003792,96.75,59.729,False
551469,00003523,184.4,194.7124,False
551488,00003494,42.02833333333333,39.8483,False
551526,00000162,7.778333333333333,3.235,False
551553,00000001,100.35666666666665,73.54169999999999,False
551617,00003727,65.76333333333334,82.1268,False
551658,00000210,1758.8899999999999,167.40120000000002,False
551689,00003727,197.98,144.4589,False
552117,00037376,2.5283333333333333,0.8795,False
552326,00016148,63.906666666666666,63.1334,False
552663,00011775,9.361666666666668,5.6956999999999995,False
552951,00000210,140.24833333333333,14.3115,False
552979,00003494,54.736666666666665,67.3015,False
552999,00036915,2.645,1.0243,False
553386,00037376,3.6416666666666666,1.2615999999999998,False
553483,00010267,2.7733333333333334,1.9021,False
553521,00011775,82.21833333333333,49.505300000000005,False
553669,00037376,4.303333333333333,2.1087,False
554139,00037376,2.6933333333333334,1.6479000000000001,False
554724,00011409,4927.673333333334,418.1921,False
554867,00002084,1.1849999999999998,0.537,False
555072,00010777,3.24,1.6679000000000002,False
555089,00014092,0.6783333333333333,0.4125,False
555245,00000001,10.753333333333334,4.853800000000001,False
555512,00011396,6.483333333333333,5.0763,False
555718,00010267,0.895,0.1884,False
555729,00010777,56.69166666666667,77.2837,False
556273,00000210,1743.6633333333334,157.4216,False
556593,00008154,34.95333333333333,31.9985,False
556672,00037376,82.9,53.4164,False
556893,00003655,212.37,169.24579999999997,False
557196,00003792,78.57666666666667,79.69160000000001,False
557451,00003494,114.145,69.3165,False
557483,00011396,7.1850000000000005,5.367100000000001,False
557762,00011409,4922.591666666666,415.9765,False
557916,00003494,39.55,26.7237,False
558001,00002161,149.34666666666666,203.7191,False
558112,00031235,115.4,123.8455,False
558158,00016148,7.71,10.3798,False
558808,00031235,32.24166666666667,33.298199999999994,False
558845,00000066,10.665,5.9485,False
558933,00008154,1.68,0.7767000000000001,False
558988,00031235,127.35333333333332,136.3291,False
559134,00012918,2.8800000000000003,1.6105999999999998,False
559229,00012262,2.9483333333333333,1.6541,False
559369,00011396,5.680000000000001,5.0278,False
559418,00003494,40.931666666666665,26.7276,False
559501,00011396,6.803333333333333,5.1777,False
559512,00011409,3859.6583333333333,322.5409,False
559701,00002021,2.74,2.0249,False
560013,00011409,3865.8733333333334,325.1849,False
560067,00003727,159.65666666666667,202.366,False
560317,00010777,4.963333333333334,2.4626,False
560429,00011737,1.6400000000000001,0.5609,False
560592,00010777,90.695,123.1821,False
561173,00003494,155.93833333333333,158.0589,False
561207,00003494,84.77833333333334,63.8101,False
561415,00031235,110.68333333333334,105.4846,False
561487,00035125,45.105000000000004,32.89,False
561681,00037376,2.828333333333333,1.5028,False
561744,00037376,4.881666666666666,2.6826,False
562176,00008154,1.3916666666666666,0.5864,False
562270,00011396,9.198333333333332,9.6444,False
562442,00037376,45.8,29.1343,False
562505,00002084,1.5450000000000002,1.06,False
562759,00013494,3.8983333333333334,2.2441,False
562825,00003727,145.465,126.9675,False
562843,00010777,138.59166666666667,185.1235,False
562920,00014092,1.6516666666666666,0.8218,False
563149,00010777,178.54166666666666,234.529,False
563271,00000001,126.58333333333333,101.05069999999999,False
563273,00010777,175.81,229.9295,False
563438,00000001,5.77,2.8343000000000003,False
563652,00010723,4.163333333333333,2.4726999999999997,False
563879,00014092,2.1266666666666665,1.0352999999999999,False
564106,00003655,1.9166666666666667,1.2443,False
564461,00002161,101.16666666666667,92.4999,False
564819,00002021,2.3466666666666667,1.5067000000000002,False
564886,00031389,2.39,1.0968,False
565432,00011396,11.65,12.1075,False
565561,00031235,113.59166666666667,121.9016,False
565671,00011396,6.093333333333334,4.6843,False
566052,00008154,6.121666666666667,2.2841,False
566144,00010777,34.86666666666667,43.806,False
566437,00011409,1.8016666666666665,1.0754000000000001,False
566458,00002084,16.766666666666666,17.2027,False
566748,00003754,127.83500000000001,126.2176,False
566877,00003523,97.49833333333332,72.8143,False
567002,00014092,3.5683333333333334,1.6033,False
567019,00003494,44.01166666666666,58.2795,False
567279,00015230,5.745,3.8733,False
567294,00037376,2.4233333333333333,0.8044,False
567440,00000210,1.9483333333333335,0.6812999999999999,False
567537,00003523,14.491666666666667,15.205200000000001,False
567779,00010723,19.261666666666667,14.6121,False
567849,00016148,11.091666666666667,12.664100000000001,False
568481,00015230,4.1883333333333335,2.8657,False
569217,00003655,218.67000000000002,167.54479999999998,False
569226,00010777,146.88500000000002,196.56179999999998,False
569291,00002021,30.14,30.2497,False
569299,00030990,1.96,1.035,False
569550,00003770,13.981666666666666,15.117899999999999,False
569685,00003598,4.065,1.7362,False
569750,00011396,68.37833333333333,82.3758,False
569760,00003792,88.735,91.6454,False
569800,00012243,14.841666666666667,14.4207,False
569894,00038493,2.93,1.8364,False
569895,00015230,3.3216666666666668,2.4275,False
569913,00000210,3.0316666666666667,1.0791,False
570125,00011396,3.7383333333333337,3.1663,False
570168,00011396,10.020000000000001,10.1889,False
570175,00000001,10.753333333333334,4.853800000000001,False
570210,00016148,51.20166666666667,55.8964,False
570281,00003523,92.5,114.13119999999999,False
570379,00037376,3.953333333333333,2.1620999999999997,False
570435,00003727,273.05,212.07,False
570625,00000001,18.746666666666666,11.837,False
570789,00002161,152.96833333333333,125.1782,False
570946,00003727,255.97,277.4806,False
571518,00003598,2.2800000000000002,1.5809000000000002,False
571523,00010777,56.95,77.5362,False
571528,00000001,126.58333333333333,101.05069999999999,False
571587,00002161,189.25333333333336,175.6896,False
571955,00012243,0.44166666666666665,0.3143,False
571997,00036915,1.1783333333333335,0.8281000000000001,False
572290,00010267,1.2950000000000002,0.5013,False
572564,00011409,4922.591666666666,415.9765,False
572713,00002161,189.76166666666668,251.45,False
573172,00000001,6.416666666666667,4.579,False
573317,00000001,67.82166666666667,46.2034,False
573325,00002161,421.31,591.3011,False
573330,00000210,1739.9183333333335,152.1286,False
573421,00011409,2204.5433333333335,184.4171,False
573540,00003754,89.82833333333333,90.158,False
573651,00002161,166.645,173.7721,False
573695,00010267,18.046666666666667,17.728,False
573733,00010777,173.9,222.03289999999998,False
573741,00010777,90.15666666666667,105.1985,False
573946,00013494,4.058333333333334,2.0209,False
573986,00011409,4927.673333333334,418.1921,False
574139,00037376,43.485,26.0355,False
574281,00002161,441.8283333333333,616.3942,False
574387,00002161,181.06166666666667,141.1235,False
610005,00011775,117.99833333333332,101.8728,False
610020,00016148,23.8,31.945,False
610027,00010777,159.30833333333334,202.2435,False
610034,00003792,58.61833333333333,40.2012,False
610050,00000066,0.0,0.0,False
610093,00003494,31.855,28.324900000000003,False
610104,00000210,63.52333333333333,43.7809,False
610141,00000066,0.0,0.0,False
610187,00000001,35.641666666666666,24.8268,False
610209,00031235,114.46333333333334,78.4112,False
610225,00008154,23.586666666666666,19.0371,False
610234,00003494,57.405,48.4482,False
610248,00000210,867.8266666666666,77.38210000000001,False
610301,00003754,50.288333333333334,45.0658,False
610312,00003494,28.485,25.6003,False
610356,00010777,156.0883333333333,216.73160000000001,False
610374,00003727,93.325,107.578,False
610485,00008154,40.19166666666667,29.96,False
610492,00003754,32.031666666666666,29.889200000000002,False
610501,00003523,45.635,43.945800000000006,False
610534,00000001,51.123333333333335,39.2836,False
610546,00020274,44.24166666666667,32.8449,False
610559,00008154,80.63666666666667,56.7992,False
610569,00037376,49.041666666666664,25.399,False
610610,00011775,21.428333333333335,17.7186,False
610644,00000210,865.4033333333333,76.4165,False
610741,00003770,85.49666666666667,50.4424,False
610756,00003655,28.413333333333334,18.057599999999997,False
610758,00003523,73.17333333333333,78.23610000000001,False
610807,00003727,259.88666666666666,279.1101,False
610809,00000066,0.0,0.0,False
610812,00020274,43.28,30.5281,False
610887,00003494,38.138333333333335,32.7348,False
610902,00002161,68.60166666666667,69.01989999999999,False
610950,00020274,42.46333333333334,31.6608,False
611026,00031235,142.59166666666667,151.5121,False
611055,00000001,126.58333333333333,101.05069999999999,False
611141,00003523,64.40666666666667,45.6803,False
611161,00003754,48.98833333333334,50.6125,False
611202,00003494,82.13833333333334,52.458800000000004,False
611206,00000001,126.58333333333333,101.05069999999999,False
611264,00000210,1739.9183333333335,152.1286,False
611334,00010723,22.456666666666667,19.4572,False
611352,00037783,255.725,246.8972,False
611389,00003792,27.11,21.6342,False
611427,00002161,441.8283333333333,616.3942,False
611468,00003655,3.375,1.5228,False
611494,00003523,66.22166666666666,52.1661,False
611521,00000210,1739.9183333333335,152.1286,False
611526,00003494,21.758333333333333,19.352400000000003,False
611584,00003727,13.528333333333334,5.9477,False
611718,00031235,82.25666666666666,87.70339999999999,False
611750,00003523,121.84166666666667,127.3507,False
611774,00003754,462.67333333333335,402.7079,False
611788,00000001,49.51833333333333,33.4656,False
611832,00003727,287.6983333333334,301.12420000000003,False
611844,00000001,10.753333333333334,4.853800000000001,False
611845,00002161,168.325,217.3174,False
611852,00002161,175.61,229.8703,False
611875,00003523,48.75666666666667,65.66369999999999,False
611883,00003727,114.89666666666668,114.95739999999999,False
611912,00002161,443.425,619.8240999999999,False
611920,00003727,71.30833333333334,54.0313,False
611930,00003792,24.21333333333333,16.156399999999998,False
611951,00002161,141.79666666666665,196.38660000000002,False
611966,00011396,15.838333333333333,15.4947,False
612014,00003727,38.42666666666666,28.284299999999998,False
612019,00003523,83.99666666666667,63.9875,False
612103,00003494,125.095,110.7802,False
612184,00010777,84.00666666666666,100.6256,False
612201,00000001,36.29333333333333,28.2664,False
612208,00010723,10.368333333333334,8.4278,False
612213,00003792,48.455000000000005,36.685900000000004,False
612219,00003494,40.36333333333334,33.0854,False
612254,00002161,65.32333333333334,66.37469999999999,False
612282,00010267,5.871666666666667,4.1416,False
612310,00003523,85.25666666666666,64.8229,False
612376,00003523,108.93833333333333,80.0932,False
612406,00010777,123.73166666666665,164.87920000000003,False
612446,00000001,10.753333333333334,4.853800000000001,False
612469,00000210,134.63333333333333,12.005,False
612479,00011409,4916.708333333333,413.63340000000005,False
612566,00000001,127.40666666666667,102.8991,False
612568,00000066,0.0,0.0,False
612619,00003655,16.25,14.6776,False
612660,00003494,164.565,90.1765,False
612711,00037376,73.81333333333333,46.0599,False
612734,00003770,69.30166666666668,34.4375,False
612735,00003494,36.74333333333333,29.3642,False
612742,00037783,16.656666666666666,15.9695,False
612757,00003494,40.05333333333333,36.4105,False
612765,00000066,0.0,0.0,False
612796,00011409,4927.673333333334,418.1921,False
612799,00002161,162.33333333333334,221.1359,False
612836,00002161,467.8183333333333,616.2855999999999,False
612837,00000001,81.115,53.4968,False
612850,00003655,141.105,132.8406,False
612857,00003494,27.336666666666666,22.8353,False
612872,00031235,41.015,38.739599999999996,False
612959,00037376,33.443333333333335,19.623099999999997,False
612971,00003727,129.65166666666667,133.2248,False
612991,00003523,130.97833333333332,113.8509,False
612999,00003727,49.215,57.1682,False
613026,00003754,71.50333333333333,81.093,False
613046,00003792,157.72333333333333,155.7426,False
613107,00003494,146.95833333333334,114.1617,False
613114,00010777,42.288333333333334,43.383900000000004,False
613156,00011409,4928.67,418.5697,False
613161,00010777,40.38,50.447,False
613307,00000001,82.74166666666666,59.3966,False
613400,00003523,120.65,88.2013,False
613418,00031235,125.43833333333333,111.6207,False
613453,00003727,279.51500000000004,203.19,False
613539,00016148,55.468333333333334,69.05969999999999,False
613550,00011409,2205.233333333333,184.65179999999998,False
613593,00037783,3.1616666666666666,1.5912,False
613628,00003523,117.96499999999999,82.67139999999999,False
613655,00003754,13.096666666666666,12.6696,False
613679,00031235,140.75,149.6739,False
613683,00003523,34.85,19.797400000000003,False
613754,00003727,113.52833333333334,107.13669999999999,False
613865,00003792,100.63666666666667,61.3256,False
613908,00003727,26.415000000000003,20.3908,False
613925,00031235,159.94500000000002,179.782,False
613947,00003727,153.72833333333335,204.16060000000002,False
613959,00003494,139.5366666666667,111.57419999999999,False
613974,00037783,137.69833333333332,138.9133,False
614021,00020274,21.203333333333333,15.8072,False
614072,00031235,154.405,161.3991,False
614163,00003792,50.781666666666666,34.4811,False
614248,00010777,90.37166666666667,118.9487,False
614288,00003494,69.73333333333333,77.52289999999999,False
614304,00003523,58.05,61.9056,False
614331,00003727,102.485,136.0684,False
614390,00000066,0.0,0.0,False
614437,00002161,121.67666666666668,96.31269999999999,False
614494,00011409,4928.67,418.5697,False
614508,00000210,1743.6633333333334,157.4216,False
614534,00000001,66.93,50.8164,False
614639,00000210,63.52333333333333,43.7809,False
614676,00000162,0.0,0.0,False
614750,00031235,126.7,76.387,False
614792,00010267,14.256666666666666,15.527,False
614801,00003754,14.895000000000001,11.5846,False
614808,00002161,423.295,593.2651,False
614820,00020274,68.75833333333334,49.145,False
614980,00002161,13.033333333333333,14.9338,False
615038,00003792,155.95166666666668,157.2005,False
615073,00002021,26.438333333333333,26.5216,False
615075,00003727,196.16833333333335,214.559,False
615092,00003792,81.81,58.8752,False
615121,00035125,20.413333333333334,12.7523,False
615208,00003523,71.20166666666667,50.439099999999996,False
615247,00003494,66.35666666666667,75.7912,False
615253,00000066,10.615,5.922,False
615297,00031235,159.26166666666668,108.54939999999999,False
615351,00003494,94.39833333333333,68.2257,False
615425,00003655,10.568333333333333,10.8591,False
615497,00003727,112.54166666666667,103.8924,False
615695,00003494,207.03333333333333,172.9751,False
615743,00010723,28.521666666666665,26.5854,False
615751,00031235,84.09666666666666,58.655199999999994,False
615768,00003523,97.30166666666668,103.4814,False
615802,00003792,68.41499999999999,64.7452,False
615828,00000001,101.02333333333333,80.2007,False
615888,00003494,138.43333333333334,111.72919999999999,False
615937,00003792,30.453333333333333,25.4772,False
615971,00003523,93.58500000000001,70.26039999999999,False
616003,00000001,67.82166666666667,46.2034,False
616024,00020274,90.10666666666665,63.3395,False
616042,00003727,2.5949999999999998,2.9626,False
616133,00003523,97.66666666666667,103.63260000000001,False
616210,00037376,151.45499999999998,127.3575,False
616248,00031235,87.875,68.6494,False
616252,00010723,133.23666666666665,99.3012,False
616253,00003792,46.82,34.365199999999994,False
616271,00011409,3865.8733333333334,325.1849,False
616278,00003523,117.98666666666666,126.4955,False
616297,00000066,0.0,0.0,False
616338,00003727,25.698333333333334,18.9715,False
616345,00000001,67.82166666666667,46.2034,False
616352,00002161,268.5383333333333,255.1432,False
616369,00003727,142.56666666666666,116.36489999999999,False
616451,00011409,3865.8733333333334,325.1849,False
616544,00000066,0.0,0.0,False
616620,00010777,77.54333333333334,107.3465,False
616648,00010777,157.39166666666668,132.9507,False
616657,00003523,93.58500000000001,100.208,False
616720,00016148,22.698333333333334,24.2293,False
616729,00010723,32.47833333333333,29.2263,False
616738,00003792,34.13666666666666,27.6079,False
616815,00010777,181.15166666666667,232.3423,False
616835,00010777,58.013333333333335,74.9074,False
616856,00037783,126.70666666666666,118.3514,False
616882,00003727,148.95166666666668,137.6072,False
616944,00000001,86.45833333333333,70.9785,False
616989,00016148,24.258333333333333,26.8246,False
617049,00003754,102.33500000000001,103.019,False
617129,00038493,9.05,8.6965,False
617169,00010723,29.87,22.9406,False
617214,00011409,4927.673333333334,418.1921,False
617221,00010723,22.9,20.3446,False
617229,00011409,4927.673333333334,418.1921,False
617245,00003523,209.68166666666667,182.1655,False
617266,00010777,19.118333333333332,18.073,False
617294,00003494,166.73833333333332,91.1041,False
617297,00003754,0.6883333333333332,0.6245,False
617313,00031235,135.87333333333333,144.8166,False
617352,00031235,81.70333333333333,80.87530000000001,False
617378,00000066,0.0,0.0,False
617452,00003523,115.50166666666668,135.5383,False
617473,00003494,140.70333333333335,112.05980000000001,False
617514,00003754,98.60166666666667,99.3845,False
617526,00037783,34.55,27.7132,False
617570,00000001,101.02333333333333,80.2007,False
617590,00003770,53.95333333333333,37.338800000000006,False
617599,00000066,0.0,0.0,False
617629,00003754,14.966666666666667,14.694600000000001,False
617663,00031235,38.9,33.6783,False
617668,00002161,441.8283333333333,616.3942,False
617719,00003494,28.803333333333335,22.805400000000002,False
617764,00000001,52.96666666666667,35.755300000000005,False
617860,00000001,10.753333333333334,4.853800000000001,False
617978,00003494,143.315,112.6472,False
617983,00003523,12.585,6.9743,False
618001,00010777,50.943333333333335,67.8779,False
618062,00000001,81.31833333333334,55.1417,False
618063,00037376,15.685,9.3713,False
618181,00016148,31.028333333333332,32.5752,False
618187,00003494,138.47333333333333,87.58330000000001,False
618193,00003494,82.73833333333333,78.04589999999999,False
618224,00010777,88.05333333333333,119.9819,False
618268,00000001,39.1,29.0944,False
618270,00003494,48.0,35.1208,False
618273,00011409,3.205,1.0996,False
618296,00011409,9.066666666666666,6.740399999999999,False
618335,00003792,65.67166666666667,46.5361,False
618341,00003792,70.52166666666668,47.6556,False
618342,00003494,154.61499999999998,124.8165,False
618406,00002161,86.44,82.598,False
618410,00031235,61.14666666666667,52.7557,False
618480,00037783,137.69833333333332,138.9133,False
618484,00003754,7.7283333333333335,5.4681999999999995,False
618503,00003494,234.60666666666665,188.4105,False
618522,00037376,41.70333333333333,26.7058,False
618527,00003727,18.941666666666666,18.9885,False
618573,00010777,98.58,127.0672,False
618579,00000066,0.0,0.0,False
618597,00003494,120.225,120.179,False
618606,00003727,59.10666666666667,48.967800000000004,False
618683,00003754,23.126666666666665,20.395799999999998,False
618685,00037376,149.94333333333333,138.4086,False
618696,00002161,236.42666666666668,275.4592,False
618736,00002161,467.8183333333333,616.2855999999999,False
618738,00003494,68.55333333333333,77.8635,False
618803,00031235,142.575,149.80120000000002,False
618830,00031235,2.585,1.0175,False
618832,00003494,125.095,110.7802,False
618862,00000210,1739.9183333333335,152.1286,False
618886,00000162,0.0,0.0,False
618895,00037783,170.19166666666666,158.1414,False
618960,00037783,2.478333333333333,1.2204000000000002,False
618976,00000066,2.5366666666666666,1.6856,False
618985,00031235,24.048333333333336,17.499200000000002,False
619118,00003655,22.56833333333333,22.486099999999997,False
619174,00000210,140.24833333333333,14.3115,False
619213,00011409,3860.7233333333334,323.12129999999996,False
619221,00003494,125.75,111.2387,False
619265,00000001,81.115,53.4968,False
619267,00010777,88.60833333333333,113.2357,False
619321,00010777,33.78,40.2361,False
619352,00002161,443.425,619.8240999999999,False
619383,00002161,136.22,120.30239999999999,False
619395,00010777,17.208333333333332,20.7984,False
619442,00003523,79.56,84.0398,False
619501,00000001,56.57833333333333,36.3961,False
619599,00037376,140.37333333333333,112.0541,False
619631,00003494,114.88666666666667,106.5648,False
619648,00003727,72.39166666666667,58.8371,False
619653,00000001,56.57833333333333,36.3961,False
619743,00000210,1739.9183333333335,152.1286,False
619801,00037783,296.5933333333333,265.4316,False
619888,00003792,46.25666666666667,30.8706,False
619893,00011396,55.75666666666667,66.6977,False
619969,00003494,157.54333333333335,157.6828,False
619994,00031235,79.41666666666667,61.4839,False
620046,00000001,10.753333333333334,4.853800000000001,False
620050,00003494,39.585,36.020300000000006,False
620096,00010777,45.818333333333335,58.1691,False
620098,00003494,293.26,220.21820000000002,False
620153,00003727,276.35833333333335,296.4605,False
620200,00014092,1.805,0.8304,False
620260,00002161,154.79500000000002,158.7481,False
620274,00016148,22.103333333333335,17.555799999999998,False
620282,00010723,24.701666666666664,22.1162,False
620326,00016148,57.695,61.3516,False
620385,00011409,2204.5433333333335,184.4171,False
620397,00003754,26.728333333333335,29.6904,False
620402,00000001,101.09333333333333,73.8072,False
620448,00010723,7.6883333333333335,4.4029,False
620469,00000066,0.0,0.0,False
620515,00003727,160.97,203.7753,False
620535,00003494,64.84333333333333,42.854699999999994,False
620620,00003727,273.53333333333336,295.2867,False
620646,00016148,44.019999999999996,49.3618,False
620699,00003523,42.306666666666665,44.427,False
620704,00031235,120.08999999999999,83.55210000000001,False
620709,00010777,129.985,148.25539999999998,False
620742,00000066,8.998333333333333,5.0619,False
620755,00020274,97.74333333333334,68.1183,False
620813,00003494,128.795,101.3467,False
620814,00003727,113.28,115.2552,False
620844,00003494,195.005,163.3715,False
620856,00012170,3.9633333333333334,1.5099,False
620950,00003494,113.53666666666666,75.8069,False
620967,00000066,0.0,0.0,False
620970,00037376,173.72,153.9781,False
620979,00000066,0.0,0.0,False
620989,00003523,85.25666666666666,64.8229,False
620995,00003727,122.43666666666667,125.1775,False
621021,00003494,80.39833333333333,88.284,False
621031,00031235,51.40333333333333,43.916599999999995,False
621089,00003770,55.25833333333333,39.7221,False
621123,00000210,63.52333333333333,43.7809,False
621222,00031235,93.905,64.6964,False
621254,00002161,166.465,157.3328,False
621263,00031235,17.658333333333335,15.0543,False
621265,00003770,57.07833333333333,40.6255,False
621300,00031235,24.63,15.6217,False
621309,00010777,34.348333333333336,39.859300000000005,False
621312,00016148,20.028333333333332,27.5205,False
621341,00003494,79.61,64.47319999999999,False
621345,00003523,8.745000000000001,5.3787,False
621446,00037376,154.10833333333332,136.39610000000002,False
621507,00003727,103.99333333333334,111.39439999999999,False
621596,00003523,63.575,50.408699999999996,False
621607,00010723,69.875,66.3574,False
621620,00003523,121.62166666666667,141.79229999999998,False
621691,00011409,4927.673333333334,418.1921,False
621742,00035125,68.93666666666667,55.006699999999995,False
621751,00003754,15.478333333333333,16.6568,False
621986,00000066,9.645000000000001,5.4035,False
621995,00002161,467.335,616.1188000000001,False
621997,00000001,126.92,101.15480000000001,False
622060,00003727,120.30166666666668,127.5095,False
622062,00002161,74.46666666666667,74.1478,False
622081,00000001,10.753333333333334,4.853800000000001,False
622082,00003727,17.445,14.9701,False
622116,00002161,111.21666666666667,109.2477,False
622141,00003792,18.783333333333335,12.5509,False
622151,00003494,140.29666666666665,103.1374,False
622153,00003792,70.95,49.1581,False
622206,00003727,13.701666666666666,19.3012,False
622213,00000001,111.03333333333333,85.73660000000001,False
622233,00000001,72.08166666666666,58.3685,False
622234,00003494,165.77166666666665,161.118,False
622235,00011409,2204.5433333333335,184.4171,False
622267,00000162,0.07,0.0291,False
622320,00003727,294.65999999999997,305.8004,False
622359,00031235,102.53500000000001,60.4646,False
622375,00002161,130.915,133.9181,False
622418,00003792,34.748333333333335,27.2105,False
622491,00037783,296.5933333333333,265.4316,False
622538,00031235,15.961666666666668,8.8553,False
622593,00010723,67.71166666666666,65.0403,False
622600,00031235,110.20333333333333,118.23710000000001,False
622601,00003754,29.945,30.3602,False
622610,00010777,77.56166666666667,105.74610000000001,False
622659,00003494,148.11833333333334,119.9002,False
622694,00000001,18.791666666666668,11.8424,False
622733,00031235,91.07833333333333,85.3176,False
622763,00000001,71.805,58.071,False
622771,00003727,216.62333333333333,155.4959,False
622794,00038493,1.6400000000000001,0.6327999999999999,False
622814,00003494,293.205,220.1955,False
622832,00003792,41.156666666666666,30.7833,False
622874,00003727,227.46,176.4289,False
622990,00000210,1739.9183333333335,152.1286,False
622992,00037783,132.36833333333334,83.8059,False
623000,00002161,1.2633333333333332,0.5047,False
623082,00000001,126.52333333333333,97.04780000000001,False
623091,00020274,97.62166666666667,67.6978,False
623095,00003727,222.67999999999998,172.0709,False
623128,00003494,65.31333333333333,72.6123,False
623135,00003727,106.195,112.3102,False
623267,00011409,4922.634999999999,415.9796,False
623292,00010267,7.225,7.8833,False
623296,00010777,32.67333333333333,39.3705,False
623299,00003523,105.01666666666667,77.7971,False
623325,00010777,138.16,157.7405,False
623338,00037376,17.638333333333332,8.9151,False
623346,00003727,142.245,121.4645,False
623352,00020274,79.725,56.4229,False
623459,00003792,64.32833333333333,42.911699999999996,False
623464,00003494,154.685,127.2167,False
623470,00003727,230.35166666666666,176.9799,False
623541,00037783,138.11166666666668,139.1269,False
623547,00038493,25.645,19.7072,False
623587,00003770,9.316666666666666,9.848,False
623608,00037783,137.37666666666667,138.8286,False
623616,00002161,157.82166666666666,162.393,False
623620,00020274,81.35,57.5077,False
623659,00000001,54.10666666666667,36.2656,False
623720,00011396,72.80833333333334,66.4637,False
623744,00010777,140.55499999999998,127.32730000000001,False
623754,00003523,164.54,152.1184,False
623759,00011409,4927.673333333334,418.1921,False
623781,00010777,176.25666666666666,235.8544,False
623792,00003523,53.72666666666667,72.931,False
623811,00011409,4922.591666666666,415.9765,False
623817,00003727,113.93166666666666,158.6443,False
623931,00003754,105.77666666666667,101.219,False
623953,00003754,16.436666666666667,14.3825,False
624013,00000001,81.115,53.4968,False
624046,00010723,18.803333333333335,19.421200000000002,False
624075,00003655,69.18333333333334,66.78389999999999,False
624187,00002161,111.50166666666668,92.0741,False
624250,00003494,105.50500000000001,90.4843,False
624299,00003727,93.66000000000001,110.3486,False
624310,00002161,441.8283333333333,616.3942,False
624422,00003792,45.31166666666666,34.6046,False
624532,00003494,48.0,35.1208,False
624559,00037376,205.12666666666667,172.8648,False
624575,00011409,4928.67,418.5697,False
624590,00003494,139.07333333333332,98.1846,False
624600,00003494,104.44,72.1495,False
624622,00003494,72.62833333333333,75.6515,False
624652,00003494,49.88,68.2987,False
624694,00010777,122.01,126.45410000000001,False
624703,00000162,7.778333333333333,3.235,False
624705,00003494,191.2133333333333,150.5401,False
624715,00003523,142.59,108.3844,False
624725,00037783,126.70666666666666,118.3514,False
624743,00003494,46.181666666666665,42.015,False
624751,00031235,128.915,77.9934,False
624775,00000210,867.7716666666668,77.38669999999999,False
624780,00002161,110.26666666666667,97.1481,False
624830,00000066,2.5366666666666666,1.6856,False
624974,00000162,0.0,0.0,False
625027,00003792,14.766666666666667,15.1236,False
625056,00003727,95.205,109.5345,False
625079,00011409,2211.211666666667,186.5399,False
625083,00031235,83.04666666666667,57.4018,False
625104,00037376,35.19166666666667,17.9272,False
625109,00000001,126.92,101.15480000000001,False
625213,00031235,16.546666666666667,16.9949,False
625309,00000001,126.52333333333333,97.04780000000001,False
625390,00002161,24.298333333333336,17.9881,False
625406,00003494,23.163333333333334,23.799,False
625468,00037783,33.928333333333335,25.379,False
625492,00003494,120.12333333333332,121.965,False
625567,00011409,3.8033333333333332,1.4934,False
625614,00003494,150.11666666666667,121.0822,False
625655,00003523,101.645,107.00869999999999,False
625746,00011775,128.57666666666668,108.8579,False
625753,00003655,4.681666666666667,2.0209,False
625767,00000066,0.0,0.0,False
625775,00037376,106.16666666666667,92.175,False
625809,00003494,104.98666666666666,72.6551,False
625871,00003523,63.86666666666667,68.5351,False
625882,00012953,14.478333333333333,8.767,False
625902,00003792,63.35,42.2431,False
625919,00000066,0.0,0.0,False
625951,00031235,68.58333333333333,55.3677,False
625993,00002161,16.84,17.3215,False
626022,00003523,170.93333333333334,187.3819,False
626029,00000066,2.5366666666666666,1.6856,False
626048,00010723,133.23666666666665,99.3012,False
626069,00002161,443.425,619.8240999999999,False
626072,00031235,11.146666666666667,7.5684,False
626089,00010723,29.720000000000002,27.2671,False
626123,00031235,32.791666666666664,33.892199999999995,False
626204,00002161,66.99,63.4213,False
626220,00003523,208.12,218.8704,False
626268,00003727,153.59833333333333,204.0199,False
626351,00000001,126.58333333333333,101.05069999999999,False
626404,00003727,114.905,104.8394,False
626407,00003754,33.725,30.4626,False
626421,00000210,1743.3966666666668,157.2451,False
626459,00037376,182.55,143.7189,False
626476,00003494,159.95499999999998,127.814,False
626487,00000001,10.753333333333334,4.853800000000001,False
626521,00003754,10.558333333333334,8.0355,False
626551,00037376,62.25833333333333,40.340300000000006,False
626626,00003727,155.48999999999998,93.31360000000001,False
626638,00000210,1739.9183333333335,152.1286,False
626656,00010777,23.066666666666666,27.9249,False
626675,00020274,49.63333333333333,36.4328,False
626709,00002161,87.86166666666666,83.7949,False
626737,00037783,169.1,157.7113,False
626841,00000210,1739.9183333333335,152.1286,False
626846,00010777,128.07666666666668,170.4531,False
626868,00003523,103.91499999999999,76.6125,False
626869,00003770,54.88,30.2978,False
626907,00003494,85.33833333333334,82.9369,False
626940,00016148,39.21666666666667,50.1745,False
627034,00003792,157.72333333333333,155.7426,False
642221,00010723,105.11833333333334,99.92089999999999,False
643269,00002161,183.55833333333334,163.0933,False
649715,00003727,158.53333333333333,172.97220000000002,False
649777,00000001,81.115,53.4968,False
649813,00003523,134.53833333333333,105.81089999999999,False
649963,00011409,2204.5433333333335,184.4171,False
649964,00000162,0.07,0.0291,False
649999,00003792,37.135,25.750700000000002,False
650042,00003792,71.06666666666666,47.3995,False
650053,00011409,4927.673333333334,418.1921,False
650059,00031235,106.5,114.23410000000001,False
650090,00014092,6.088333333333334,4.3906,False
651040,00002161,20.118333333333332,23.6609,False
651055,00010777,120.05333333333333,118.5216,False
651060,00010777,146.56166666666667,203.7129,False
651099,00010777,125.17666666666668,174.4666,False
651100,00010777,153.37333333333333,213.9676,False
651101,00010777,129.52166666666668,180.183,False
651102,00010777,147.91333333333333,199.5343,False
651136,00020274,97.85166666666667,67.79310000000001,False
651139,00037783,40.77833333333333,42.3325,False
651158,00002161,443.425,619.7011,False
651163,00011396,15.713333333333333,15.7868,False
651191,00000001,123.545,100.5091,False
651202,00031235,29.526666666666664,27.8541,False
651203,00010777,45.34,61.709300000000006,False
651398,00003523,15.695,13.839799999999999,False
651729,00000001,3.5983333333333336,2.6069,False
651737,00020274,81.35,57.5077,False
651753,00002161,443.425,619.8240999999999,False
651802,00014092,2.735,1.262,False
651814,00014092,4.078333333333333,1.8304,False
651821,00012953,7.1466666666666665,4.5279,False
651824,00012953,5.535,3.6454,False
651830,00010723,4.543333333333334,2.7777,False
651836,00031235,122.03666666666666,127.8577,False
651843,00002161,114.815,100.2444,False
651846,00002161,161.645,197.8751,False
651847,00002161,181.61666666666667,241.9303,False
652165,00003523,16.216666666666665,18.783099999999997,False
652166,00003523,40.788333333333334,35.1127,False
652251,00012854,2.216666666666667,1.0438,False
652456,00002161,86.815,89.3308,False
652473,00003655,103.28666666666666,103.17760000000001,False
652476,00003727,84.44,63.8025,False
652490,00037376,15.754999999999999,6.9546,False
652491,00003727,2.5833333333333335,2.3494,False
652532,00003770,68.72,49.2496,False
652538,00003523,91.86999999999999,113.38260000000001,False
652545,00012854,2.493333333333333,1.2165,False
652547,00000001,78.76333333333334,64.15469999999999,False
652550,00000001,70.83999999999999,57.0325,False
652677,00000066,0.0,0.0,False
652686,00037783,138.11166666666668,139.1269,False
652687,00000001,111.03333333333333,85.73660000000001,False
652692,00000210,1743.6633333333334,157.4216,False
652693,00000001,126.58333333333333,101.05069999999999,False
652698,00037783,303.575,286.14959999999996,False
652699,00037783,137.69833333333332,138.9133,False
652702,00002161,442.775,605.9266,False
652703,00002161,443.425,619.8240999999999,False
652707,00010777,130.77666666666667,131.87,False
652710,00002161,234.09,273.1893,False
652712,00031235,108.26666666666667,104.4976,False
652714,00031235,101.56166666666667,79.5883,False
652715,00031235,107.27666666666667,76.618,False
652765,00000001,81.115,53.4968,False
652771,00020274,95.99166666666666,67.2567,False
652773,00020274,82.52833333333334,58.291599999999995,False
652779,00000210,859.2033333333333,73.91369999999999,False
652780,00000210,867.7716666666668,77.38669999999999,False
652781,00000001,81.115,53.4968,False
652792,00002161,467.8183333333333,616.2855999999999,False
652793,00002161,443.425,619.7011,False
652847,00000210,43.915,28.9298,False
652949,00010777,115.805,122.2668,False
652983,00000066,0.0,0.0,False
653250,00003727,73.75500000000001,103.7524,False
653270,00010723,35.555,37.104099999999995,False
653276,00002161,161.88500000000002,144.9035,False
653279,00000162,0.0,0.0,False
653281,00000210,1759.2983333333332,167.596,False
653313,00035125,33.13166666666667,22.608700000000002,False
653316,00003494,267.40833333333336,208.066,False
653511,00002161,441.8283333333333,616.3942,False
653565,00000066,0.0,0.0,False
653579,00000066,0.0,0.0,False
653583,00000066,0.0,0.0,False
653610,00011775,18.115000000000002,21.2219,False
653631,00003655,2.105,2.9074,False
653707,00000001,126.58333333333333,101.05069999999999,False
653709,00011409,3.8033333333333332,1.4934,False
653760,00000066,0.0,0.0,False
653766,00000001,81.115,53.4968,False
653768,00000210,1739.9183333333335,152.1286,False
653770,00000210,1739.9183333333335,152.1286,False
653771,00000210,1739.9183333333335,152.1286,False
653772,00000210,1739.9183333333335,152.1286,False
653784,00002161,441.8283333333333,616.3942,False
653786,00002161,443.425,619.8240999999999,False
653846,00003494,166.91,161.5952,False
653858,00037783,346.0833333333333,312.5431,False
653910,00002161,443.425,619.8240999999999,False
653932,00002161,444.1166666666667,619.7659,False
653976,00002161,76.03,56.154199999999996,False
653978,00016148,58.656666666666666,56.147,False
654004,00003655,15.34,10.8218,False
654007,00003792,28.971666666666668,14.9807,False
654011,00003727,128.26833333333335,133.3896,False
654110,00002161,443.425,619.7011,False
654111,00002161,443.425,619.8240999999999,False
654140,00002161,188.06833333333333,173.3569,False
654145,00002161,178.66666666666666,224.95270000000002,False
654159,00002161,107.4,125.8138,False
654160,00002161,106.02666666666667,125.2585,False
654162,00002161,174.29,156.9309,False
654219,00002161,121.67666666666668,96.31269999999999,False
654230,00001910,5.760000000000001,4.690300000000001,False
654235,00010777,6.095,6.1122,False
654236,00010777,5.953333333333333,6.2873,False
654270,00002161,143.75166666666667,141.6563,False
654323,00002161,167.01666666666668,225.8225,False
654324,00002161,169.04500000000002,227.86579999999998,False
654325,00002161,170.39333333333335,227.222,False
654328,00002161,125.47333333333333,128.3893,False
654344,00010723,21.040000000000003,11.7923,False
654353,00002161,164.69,222.6169,False
654864,00000001,78.80333333333333,52.5357,False
654873,00011409,2204.5433333333335,184.4171,False
654881,00000210,61.59666666666667,42.502300000000005,False
654882,00000210,867.8266666666666,77.38210000000001,False
654891,00000001,126.11833333333334,96.8797,False
654892,00000210,1739.9183333333335,152.1286,False
654894,00000001,70.77166666666668,54.411199999999994,False
654899,00011409,2205.233333333333,184.65179999999998,False
654900,00000210,1738.6033333333332,151.57989999999998,False
654901,00000066,0.0,0.0,False
654903,00000066,0.0,0.0,False
654907,00002161,443.425,619.8240999999999,False
654911,00000210,1725.2966666666666,146.0161,False
654912,00002161,467.8183333333333,616.2855999999999,False
654914,00020274,97.74333333333334,68.1183,False
654920,00000210,1739.9183333333335,152.1286,False
654926,00000066,11.84,6.3898,False
654928,00000001,75.17333333333333,52.5878,False
654931,00000001,126.58333333333333,101.05069999999999,False
654934,00000066,0.0,0.0,False
654936,00000001,67.31,53.468900000000005,False
655078,00000001,126.58333333333333,101.05069999999999,False
655164,00000210,140.01666666666668,14.210899999999999,False
655322,00037376,2.9633333333333334,1.7037,False
655345,00008154,4.89,1.8729,False
655348,00037376,2.83,1.3122,False
655379,00002021,2.328333333333333,1.9617,False
655394,00038493,22.21833333333333,23.5505,False
655463,00003792,13.911666666666667,13.601899999999999,False
655465,00003655,1.1849999999999998,0.8152999999999999,False
655533,00000210,140.01666666666668,14.210899999999999,False
655644,00002161,443.425,619.8240999999999,False
655666,00037783,309.9266666666666,286.93829999999997,False
655667,00037783,304.1383333333333,268.5495,False
655670,00037783,302.99666666666667,267.9918,False
655675,00000210,1739.9183333333335,152.1286,False
655676,00011409,4927.673333333334,418.1921,False
655678,00037783,255.725,246.8972,False
655681,00002161,443.425,619.7011,False
655749,00011775,2.8316666666666666,1.8028,False
655865,00012953,36.99166666666667,39.1462,False
655868,00010267,9.963333333333333,6.8601,False
656037,00035125,56.3,34.9379,False
656038,00008154,52.82833333333333,38.346,False
656046,00010777,152.70333333333335,197.7779,False
656047,00010777,158.68833333333333,166.7714,False
656063,00037376,83.34333333333333,51.5114,False
656093,00011775,27.584999999999997,28.1876,False
656107,00037376,153.05499999999998,128.5266,False
656108,00037376,139.98666666666668,119.5442,False
656247,00037376,152.81833333333333,117.2324,False
656249,00037376,153.25666666666666,117.4115,False
656252,00003494,150.88333333333333,105.48960000000001,False
656255,00003494,148.56,103.874,False
656288,00010777,150.84166666666667,209.44910000000002,False
656346,00010777,14.011666666666667,9.4223,False
656349,00038493,12.588333333333333,12.9819,False
656359,00010777,29.561666666666667,39.7301,False
656407,00010777,184.375,239.6962,False
656408,00010777,158.76833333333335,216.71089999999998,False
656413,00010777,138.03833333333333,185.2149,False
656567,00010777,132.575,149.9864,False
656651,00003494,108.16166666666666,101.6437,False
656652,00003494,113.79333333333334,103.9735,False
656661,00003727,113.27166666666668,107.0299,False
656664,00003727,114.68166666666666,107.61439999999999,False
656666,00003727,158.82999999999998,132.2579,False
656670,00003523,51.37833333333333,32.6284,False
656673,00003523,90.08,48.7243,False
656699,00003727,255.89166666666668,259.1642,False
656700,00003727,121.48166666666665,116.7261,False
656713,00003727,92.94666666666667,107.178,False
656719,00003727,98.53,113.07010000000001,False
656723,00003655,32.06666666666667,19.576,False
656725,00003655,56.86333333333334,55.0733,False
656740,00002161,165.515,229.81320000000002,False
656744,00002161,138.42999999999998,141.6075,False
656751,00010777,150.125,196.1335,False
656755,00010777,157.61666666666667,218.8882,False
656759,00010777,112.06166666666667,119.9162,False
656852,00003754,28.366666666666667,28.3035,False
657133,00031235,155.84,164.6059,False
657135,00011775,121.96000000000001,106.25789999999999,False
657136,00011775,125.69166666666666,108.65469999999999,False
657140,00008154,37.57166666666667,25.6844,False
657148,00037376,162.15333333333334,134.61679999999998,False
657150,00037376,173.66666666666666,140.0256,False
657151,00037376,174.23166666666665,140.2603,False
657152,00037376,180.80833333333334,128.81310000000002,False
657153,00037376,179.65166666666667,157.9254,False
657157,00037376,177.57833333333335,128.0067,False
657159,00037376,178.71666666666667,128.7618,False
657166,00037376,176.57166666666666,127.0868,False
657189,00031235,68.86,48.6328,False
657213,00031235,26.801666666666666,26.421,False
657219,00031235,130.85166666666666,139.818,False
657226,00008154,15.638333333333332,13.583200000000001,False
657227,00035125,9.596666666666666,8.2219,False
657228,00035125,23.341666666666665,16.1223,False
657233,00011775,56.855000000000004,39.560199999999995,False
657234,00037376,73.13166666666666,48.8939,False
657279,00037376,101.41166666666666,78.3489,False
657280,00037376,96.68,61.664699999999996,False
657300,00031235,68.21333333333334,47.63,False
657330,00011775,121.26833333333335,104.0553,False
657331,00003792,129.30666666666667,73.2583,False
657371,00031235,77.76166666666667,83.29169999999999,False
657373,00016148,25.39333333333333,32.069900000000004,False
657384,00011396,75.27833333333334,87.4352,False
657389,00037376,107.25333333333333,96.3495,False
657391,00037376,108.15,94.3162,False
657393,00037376,107.25333333333333,96.3511,False
657395,00037376,128.24833333333333,112.0175,False
657402,00037376,107.11666666666666,86.19019999999999,False
657403,00037376,95.11333333333333,79.17989999999999,False
657410,00037376,150.15833333333333,122.6737,False
657411,00037376,139.18333333333334,118.116,False
657437,00002161,8.843333333333334,6.9514,False
657448,00016148,65.485,62.3726,False
657456,00016148,35.71,40.9347,False
657457,00016148,62.769999999999996,65.0024,False
657458,00010777,82.30166666666668,93.85889999999999,False
657536,00003494,31.418333333333333,24.5947,False
657538,00010723,15.316666666666666,14.6289,False
657572,00031235,148.16833333333335,142.0539,False
657580,00002161,139.985,122.43589999999999,False
657585,00002161,130.705,116.33189999999999,False
657586,00002161,131.38,116.7746,False
657587,00002161,132.605,117.58489999999999,False
657588,00002161,132.62333333333333,117.5973,False
657622,00002161,185.965,148.2381,False
657623,00002161,181.53,237.5617,False
657624,00002161,176.15666666666667,239.662,False
657628,00002161,187.64333333333335,174.0408,False
657629,00002161,188.03333333333333,174.248,False
657632,00002161,256.0516666666667,208.6718,False
657635,00002161,166.57000000000002,223.8635,False
657638,00031235,120.33500000000001,121.3257,False
657641,00010777,127.85333333333332,148.3158,False
657654,00016148,78.455,62.3262,False
657660,00031235,129.43666666666667,138.4075,False
657663,00002161,231.59833333333333,273.4542,False
657674,00010777,41.72,44.9407,False
657684,00031235,66.39833333333334,46.9931,False
657698,00002161,163.71666666666667,146.12189999999998,False
657702,00002161,184.87,147.7842,False
657788,00002161,10.096666666666666,9.2455,False
657799,00014092,4.746666666666667,2.0576999999999996,False
657803,00002161,97.61833333333334,89.7913,False
657806,00010777,81.905,99.8864,False
657808,00010777,58.15,72.2403,False
657815,00010777,169.45,229.7813,False
657816,00031235,49.47,35.173300000000005,False
658712,00031235,168.6,104.1802,False
658715,00010777,160.155,166.4679,False
658717,00010777,122.84333333333333,119.8249,False
658727,00031235,36.85333333333333,27.8854,False
658729,00038493,12.461666666666668,12.9613,False
658739,00002161,96.39,80.8425,False
658742,00010723,103.51333333333334,98.38560000000001,False
658805,00010267,10.888333333333332,11.408299999999999,False
659945,00003523,233.61666666666667,222.9218,False
661860,00008154,46.138333333333335,40.692800000000005,False
661862,00008154,39.98166666666667,29.0072,False
661865,00035125,3.1366666666666663,1.9825,False
661866,00003494,40.55333333333333,34.006,False
661870,00003792,157.72333333333333,155.7426,False
661875,00003792,138.42166666666665,141.1814,False
661877,00003792,138.475,141.2304,False
661879,00003792,102.57166666666667,62.149800000000006,False
661886,00003727,147.515,151.1097,False
661888,00003792,63.19166666666667,45.729099999999995,False
661890,00003792,59.65833333333333,44.1396,False
661891,00003792,151.31,152.9689,False
661893,00003754,123.135,121.9985,False
661894,00003754,125.16000000000001,123.76639999999999,False
661895,00003754,145.73999999999998,139.3151,False
661897,00003754,140.505,135.759,False
661898,00003792,65.67333333333333,48.0645,False
661902,00003754,140.0,134.6887,False
661906,00003792,42.195,30.268099999999997,False
661907,00003792,39.333333333333336,29.0808,False
661911,00003792,58.593333333333334,51.4469,False
662004,00003792,79.445,63.018800000000006,False
662104,00003523,41.70666666666667,42.9228,False
662109,00003523,179.57666666666668,162.12789999999998,False
662130,00003523,37.431666666666665,52.131,False
662131,00003523,39.11333333333334,54.4957,False
662134,00003523,97.045,103.9277,False
662188,00003727,123.33833333333334,75.6106,False
662316,00003494,108.57833333333333,95.0825,False
662319,00003494,116.53500000000001,77.0561,False
662324,00003727,226.085,238.2034,False
662325,00003727,26.673333333333336,34.775800000000004,False
662332,00003523,113.47166666666666,121.3541,False
662347,00003792,67.74499999999999,47.024300000000004,False
662353,00003792,42.211666666666666,30.940099999999997,False
662356,00035125,72.655,56.5405,False
662363,00003727,244.16333333333333,179.4102,False
662369,00003727,106.35333333333332,117.4957,False
662378,00003655,60.82333333333334,35.8146,False
662380,00003770,56.79666666666667,30.7207,False
662392,00003727,71.70666666666666,78.86930000000001,False
662397,00008154,71.26333333333334,48.503800000000005,False
662425,00003494,109.57666666666667,82.6309,False
662456,00003727,5.819999999999999,8.1785,False
662459,00003727,4.451666666666667,2.6342,False
662470,00037376,61.11,40.8188,False
662471,00011775,55.805,50.0717,False
662482,00003494,42.858333333333334,28.9116,False
662485,00003727,166.12333333333333,174.631,False
662486,00003494,68.87833333333333,54.1734,False
662494,00037376,216.95166666666668,177.7481,False
662499,00003754,16.973333333333333,15.375399999999999,False
662505,00003754,30.831666666666667,43.5477,False
662506,00003754,13.675,19.326700000000002,False
662511,00003792,52.01833333333333,43.929199999999994,False
662513,00003754,105.29333333333334,101.0187,False
662547,00003494,111.32166666666667,77.67660000000001,False
662549,00003494,98.57166666666667,60.547599999999996,False
662553,00003727,272.31,214.99079999999998,False
662582,00003655,82.685,77.4512,False
662584,00003727,199.85833333333332,149.27929999999998,False
662587,00003727,199.85833333333332,149.27929999999998,False
662596,00003727,150.215,128.6775,False
662601,00037376,140.37333333333333,112.0541,False
662605,00003523,12.183333333333334,14.9333,False
662610,00003523,184.4,194.7124,False
662613,00008154,37.38333333333333,28.2142,False
662617,00037376,90.46333333333334,58.3441,False
662620,00011775,41.35666666666667,29.6323,False
662623,00037376,96.99333333333334,76.2048,False
662624,00037376,92.96499999999999,73.5442,False
662628,00011775,75.75333333333333,46.1812,False
662630,00037376,72.81833333333334,50.3508,False
662632,00003494,84.68833333333333,61.7639,False
662642,00003494,19.101666666666667,19.7803,False
662651,00003494,104.07333333333332,72.9322,False
662655,00003494,41.55166666666666,31.7076,False
662657,00003494,39.68,30.4619,False
662659,00003494,53.45166666666667,37.219199999999994,False
662662,00003494,50.86333333333334,44.7354,False
662663,00003494,29.88,30.8095,False
662666,00003494,39.36833333333333,34.7581,False
662669,00003494,33.00666666666667,32.1073,False
662679,00037376,140.21833333333333,116.66560000000001,False
662689,00037376,131.65666666666667,112.261,False
662700,00037376,158.05333333333334,119.40660000000001,False
662702,00037376,158.815,119.72619999999999,False
662703,00037376,166.105,148.91670000000002,False
662705,00037376,166.105,148.91670000000002,False
662706,00037376,166.8,123.0453,False
662710,00037376,169.165,124.0272,False
662711,00037376,166.68666666666667,144.2972,False
662716,00037376,160.60333333333335,144.282,False
662718,00037376,162.46833333333333,145.0276,False
662721,00003494,138.24333333333334,110.842,False
662727,00003494,147.45833333333334,119.4636,False
662729,00003494,141.53,115.0801,False
662733,00003494,230.11499999999998,179.3224,False
662736,00003494,121.46166666666666,106.2123,False
662753,00003494,175.13,147.0434,False
662757,00003494,176.53833333333333,147.98260000000002,False
662758,00003494,173.68833333333333,146.345,False
662760,00003494,176.47166666666666,141.9144,False
662763,00003727,164.97666666666666,128.5003,False
662764,00003494,162.25166666666667,133.1011,False
662766,00003494,144.265,121.00739999999999,False
662769,00003494,145.19666666666666,121.10010000000001,False
662772,00003494,116.70666666666666,102.37110000000001,False
662775,00003494,117.20666666666666,103.6318,False
662777,00003494,132.87666666666667,112.8965,False
662782,00003494,159.02833333333334,130.6081,False
662785,00003494,226.34,181.6654,False
662787,00003494,181.35666666666665,152.4564,False
662790,00003494,166.71666666666667,137.4518,False
662791,00003494,167.78333333333333,138.961,False
662792,00003494,166.71666666666667,137.4518,False
662796,00003494,107.22,64.0933,False
662799,00003494,120.00333333333333,69.839,False
662804,00003494,120.00333333333333,69.839,False
662808,00003494,110.74166666666666,102.7167,False
662809,00003494,125.095,110.7802,False
662817,00003494,87.54166666666667,86.6798,False
662821,00003494,79.105,77.6009,False
662822,00003494,81.91833333333334,80.6489,False
662830,00003494,84.28666666666666,82.4987,False
662831,00003494,83.805,82.297,False
662834,00003727,136.55833333333334,144.3975,False
662835,00003727,132.735,141.85229999999999,False
662838,00003727,147.515,151.1097,False
662843,00003727,103.38000000000001,118.22319999999999,False
662844,00003727,100.63333333333334,115.305,False
662847,00003494,89.17166666666667,97.7654,False
662850,00003727,85.91000000000001,99.6306,False
662855,00003494,157.84833333333333,128.5277,False
662866,00003494,135.90833333333333,116.7295,False
662869,00003494,116.68833333333333,108.0064,False
662874,00003754,76.20333333333333,89.9043,False
662878,00003655,31.44333333333333,15.2586,False
662884,00003655,144.89833333333334,135.3591,False
662886,00003655,209.84333333333333,167.5958,False
662894,00003655,186.81,150.30970000000002,False
662897,00003655,338.57666666666665,217.36860000000001,False
662899,00003655,252.035,181.4014,False
662901,00003655,247.12333333333333,179.3631,False
662906,00003655,120.64166666666667,112.5841,False
662914,00003655,41.025,23.2543,False
662915,00003655,51.125,35.0502,False
662920,00003655,27.711666666666666,17.7648,False
662921,00003655,20.971666666666668,14.967799999999999,False
662923,00003655,22.326666666666664,22.2248,False
662927,00003727,13.528333333333334,5.9477,False
662930,00003727,32.43,42.782,False
662936,00003727,23.658333333333335,33.3684,False
662937,00003727,24.298333333333336,34.270900000000005,False
662939,00003727,28.113333333333333,39.675,False
662941,00003727,20.959999999999997,29.555,False
662944,00003727,22.618333333333332,31.908,False
662946,00003727,19.598333333333336,27.622400000000003,False
662947,00003727,21.348333333333336,30.108,False
662953,00003727,4.765,1.9703,False
662956,00003727,3.36,3.267,False
662960,00003727,2.4433333333333334,1.498,False
662965,00003727,6.178333333333333,8.6519,False
662968,00003727,19.646666666666665,27.2818,False
662969,00003727,32.61833333333333,37.8381,False
662976,00003727,108.6,111.83760000000001,False
662980,00003727,129.41833333333335,124.743,False
662982,00003727,51.05,62.8778,False
662985,00003727,50.486666666666665,62.2696,False
662987,00003727,91.225,96.69019999999999,False
662988,00003727,80.94333333333334,92.4105,False
662992,00003727,69.24666666666667,92.663,False
662998,00003727,54.33166666666667,74.12180000000001,False
663002,00003727,61.405,59.2928,False
663003,00003727,60.836666666666666,59.0555,False
663005,00003727,54.23833333333334,56.306,False
663015,00003523,25.801666666666666,35.440400000000004,False
663016,00003523,56.92333333333333,50.9512,False
663017,00003523,25.925,35.615,False
663020,00003523,27.823333333333334,36.6461,False
663021,00003523,30.921666666666667,38.702,False
663024,00003523,37.56166666666666,25.380200000000002,False
663026,00003523,35.34,24.458099999999998,False
663032,00003523,9.641666666666667,13.256,False
663033,00003523,8.29,11.3455,False
663034,00003523,8.84,12.1217,False
663038,00003523,21.316666666666666,22.1825,False
663040,00003523,38.913333333333334,33.8917,False
663041,00003523,31.05666666666667,28.6647,False
663057,00003727,81.01,93.06819999999999,False
663063,00003727,95.31,102.0245,False
663064,00003727,115.24166666666666,110.2718,False
663067,00003727,114.82833333333333,114.2965,False
663068,00003727,120.38666666666667,118.6105,False
663069,00003727,123.20166666666667,120.4807,False
663074,00003727,41.818333333333335,59.0396,False
663081,00003727,120.025,127.87910000000001,False
663082,00003727,119.74,127.7192,False
663085,00003727,37.53333333333333,51.2082,False
663086,00003727,259.88666666666666,279.1101,False
663096,00003494,235.675,185.53979999999999,False
663097,00003494,239.86,189.1089,False
663099,00003494,273.28499999999997,203.0046,False
663111,00003727,273.2883333333333,295.1841,False
663122,00003727,265.0683333333333,289.37559999999996,False
663123,00003727,269.1633333333333,294.10020000000003,False
663125,00003727,256.815,280.4335,False
663126,00003727,273.47333333333336,288.2305,False
663133,00003727,247.2133333333333,270.8247,False
663138,00003727,275.35166666666663,273.40409999999997,False
663141,00003727,259.07166666666666,281.226,False
663149,00003727,296.005,306.3584,False
663154,00003727,255.64333333333335,279.79940000000005,False
663155,00003727,262.6716666666667,287.31359999999995,False
663156,00003727,254.04333333333335,278.06759999999997,False
663157,00003727,256.7133333333333,280.9308,False
663158,00003494,209.17833333333334,174.6949,False
663167,00003494,288.0,230.3932,False
663169,00003727,289.15166666666664,281.88079999999997,False
663178,00003494,288.96666666666664,218.4349,False
663182,00003494,269.2966666666667,218.0866,False
663183,00003494,264.2133333333333,208.0361,False
663185,00003494,262.92833333333334,213.8572,False
663186,00003494,275.68333333333334,213.836,False
663202,00003727,219.28166666666667,217.64589999999998,False
663207,00003727,198.29333333333335,203.76170000000002,False
663208,00003727,182.95833333333334,193.5385,False
663209,00003727,194.755,201.4036,False
663210,00003727,220.82999999999998,218.679,False
663216,00003727,145.20333333333335,160.9461,False
663218,00003727,119.32166666666667,127.3041,False
663219,00003727,124.30166666666668,130.6169,False
663226,00003727,175.22166666666666,188.411,False
663229,00003727,253.69,256.6765,False
663232,00003494,277.97166666666664,223.8039,False
663233,00003494,280.43666666666667,225.4474,False
663252,00003727,95.45,64.0698,False
663260,00003727,81.28333333333333,58.1813,False
663261,00003727,71.28666666666666,54.0229,False
663262,00003727,73.74666666666667,55.0549,False
663264,00003727,66.99833333333333,52.243199999999995,False
663265,00003727,65.13833333333334,60.7963,False
663267,00003727,67.06,52.2689,False
663268,00003727,76.39666666666668,56.1475,False
663269,00003727,76.39666666666668,56.1475,False
663270,00003727,65.93333333333334,51.8018,False
663271,00003727,60.66,49.6125,False
663274,00003727,66.68833333333333,52.1149,False
663276,00003727,46.093333333333334,43.5741,False
663278,00003727,80.15166666666667,57.7055,False
663280,00003727,82.39666666666668,93.2313,False
663283,00003727,85.66666666666667,59.9989,False
663286,00003727,48.961666666666666,57.0623,False
663287,00003727,51.166666666666664,45.678599999999996,False
663290,00003727,33.055,37.6192,False
663293,00003727,32.08166666666667,36.9748,False
663298,00003727,29.69,32.6478,False
663299,00003727,30.951666666666664,36.014900000000004,False
663301,00003727,24.621666666666666,34.7203,False
663307,00003727,27.375,31.5247,False
663310,00003727,26.053333333333335,34.3633,False
663314,00003727,65.835,75.287,False
663321,00003727,99.33500000000001,101.9469,False
663324,00003494,248.645,197.76239999999999,False
663325,00003727,254.88166666666666,187.1763,False
663334,00003727,256.00666666666666,262.1135,False
663336,00003727,249.49833333333333,184.9405,False
663337,00003727,252.09666666666666,186.0204,False
663342,00003727,236.15333333333334,176.1201,False
663346,00003727,250.37833333333336,190.2105,False
663351,00003727,257.84333333333336,259.9771,False
663357,00003727,228.285,217.5967,False
663367,00003727,219.25333333333336,239.0433,False
663370,00003727,196.25666666666666,143.3172,False
663373,00003727,203.935,148.4119,False
663374,00003727,203.94,148.41479999999999,False
663376,00003727,251.20666666666665,191.45,False
663377,00003727,225.80666666666667,162.1934,False
663382,00003727,213.05666666666667,154.0095,False
663384,00003727,266.5783333333333,197.8064,False
663387,00003727,83.20333333333333,86.75869999999999,False
663392,00003727,103.24,100.0243,False
663393,00003727,110.21833333333333,102.92739999999999,False
663396,00003727,101.18,89.7042,False
663397,00003727,108.35833333333333,92.6845,False
663404,00003727,119.76833333333335,106.8923,False
663406,00003727,106.44833333333332,99.56530000000001,False
663409,00003727,132.57,112.2152,False
663412,00003727,150.32666666666668,119.51960000000001,False
663416,00003727,158.90833333333333,143.2076,False
663418,00003727,136.255,113.74730000000001,False
663421,00003727,25.25,12.8239,False
663427,00003727,70.80833333333334,78.37780000000001,False
663429,00003727,33.913333333333334,16.4242,False
663432,00003727,66.05833333333334,73.4907,False
663435,00003727,59.818333333333335,70.90360000000001,False
663439,00003727,90.32666666666667,83.574,False
663443,00003727,96.67333333333333,86.2038,False
663445,00003727,92.08666666666666,84.2983,False
663447,00003727,95.59833333333333,85.7566,False
663452,00003727,111.265,92.23530000000001,False
663456,00003727,171.84,154.33270000000002,False
663458,00003523,65.31666666666666,48.2377,False
663459,00003523,64.415,50.3407,False
663464,00003523,68.065,52.7729,False
663465,00003523,216.66833333333335,163.67020000000002,False
663467,00003523,210.665,161.7657,False
663472,00003727,78.91000000000001,110.8962,False
663489,00003727,78.86666666666666,91.6336,False
663493,00003727,117.295,124.042,False
663498,00003727,95.84833333333333,101.1454,False
663499,00003727,68.39666666666668,79.68610000000001,False
663501,00003727,72.8,84.3783,False
663502,00003727,91.775,101.3904,False
663510,00003523,3.8883333333333336,3.7589,False
663513,00003727,63.001666666666665,74.8044,False
663515,00003523,55.42333333333333,53.0234,False
663519,00003523,75.56166666666667,60.314099999999996,False
663522,00003727,54.11666666666667,66.13080000000001,False
663529,00003523,113.13833333333334,58.3083,False
663532,00003523,47.218333333333334,45.5321,False
663545,00003494,82.33166666666666,90.3635,False
663553,00003494,104.22666666666667,106.1435,False
663555,00003494,28.078333333333333,39.3278,False
663557,00003494,36.65833333333333,51.4762,False
663561,00003494,44.968333333333334,27.3392,False
663562,00003494,32.596666666666664,20.2769,False
663563,00003494,44.73833333333334,27.2435,False
663564,00003494,29.55,20.912,False
663570,00003494,33.46,20.637700000000002,False
663571,00003494,36.16833333333333,21.765700000000002,False
663575,00003494,27.941666666666666,20.287,False
663579,00003494,36.651666666666664,23.891,False
663586,00003494,45.73833333333334,27.602700000000002,False
663599,00003494,20.63,24.892,False
663600,00003494,48.86333333333334,44.8801,False
663606,00003494,55.32333333333334,51.8708,False
663612,00003494,57.22,53.9215,False
663614,00003494,52.41166666666666,48.721,False
663618,00003494,66.35666666666667,75.7912,False
663631,00003494,45.14333333333333,58.528,False
663633,00003494,98.20833333333333,96.36110000000001,False
663638,00003494,65.82333333333334,75.43639999999999,False
663639,00003494,65.82333333333334,75.43639999999999,False
663641,00003494,89.17166666666667,97.7654,False
663648,00003494,102.33999999999999,64.4152,False
663650,00037376,160.13500000000002,144.87439999999998,False
663651,00037376,227.77,182.2371,False
663656,00037376,196.59666666666666,168.9812,False
663661,00003494,175.91333333333333,136.96439999999998,False
663662,00003494,175.59166666666667,136.83229999999998,False
663663,00003494,175.77,138.70839999999998,False
663670,00003494,150.17000000000002,124.29939999999999,False
663673,00037376,153.00833333333333,140.2009,False
663674,00003494,114.11666666666666,76.048,False
663680,00003494,82.77166666666668,65.7567,False
663787,00003523,90.06166666666667,48.716699999999996,False
663790,00003523,60.39833333333333,36.3783,False
663794,00003523,41.17333333333333,22.4223,False
663797,00003523,36.36333333333334,26.3857,False
663798,00003523,33.82,25.328400000000002,False
663799,00003523,35.211666666666666,25.9091,False
663803,00003523,11.123333333333333,12.5933,False
663809,00003523,19.866666666666667,20.6356,False
663810,00003523,14.981666666666666,12.9668,False
663811,00003523,12.585,6.9743,False
663812,00003523,20.496666666666666,10.6269,False
663813,00003523,6.241666666666666,2.5093,False
663818,00003523,34.93833333333334,25.7946,False
663819,00003523,6.6016666666666675,6.3048,False
663824,00003523,29.045,30.0743,False
663826,00003523,144.93833333333333,104.1034,False
663828,00003727,151.05833333333334,168.56920000000002,False
663830,00003523,115.18666666666667,84.5632,False
663841,00003523,126.59166666666667,112.0245,False
663842,00003523,126.60666666666665,112.031,False
663843,00003523,90.22333333333333,96.5804,False
663844,00003523,129.57666666666668,102.5053,False
663846,00003523,132.98333333333332,106.7393,False
663856,00003523,49.205000000000005,65.86110000000001,False
663857,00003523,49.205000000000005,65.86110000000001,False
663859,00003523,61.725,76.1316,False
663867,00003523,191.895,170.3186,False
663869,00003523,128.10833333333332,127.9761,False
663871,00003523,71.22833333333332,57.9645,False
663876,00003523,75.08999999999999,54.0848,False
663878,00003523,71.01166666666667,52.3897,False
663881,00003523,81.695,62.3775,False
663882,00003523,75.01166666666667,54.0525,False
663883,00003523,84.07,63.871300000000005,False
663896,00003523,61.365,48.935300000000005,False
663899,00003523,101.05833333333334,75.2269,False
663906,00003523,80.78166666666667,61.7528,False
663908,00003727,97.81833333333334,102.4555,False
663916,00003523,98.56166666666667,73.5375,False
663918,00003523,99.93166666666666,74.40639999999999,False
663920,00003523,90.57666666666667,68.29169999999999,False
663922,00003523,90.56666666666666,68.2849,False
663927,00003523,181.90833333333333,163.69910000000002,False
663930,00003523,120.295,126.32169999999999,False
663947,00003523,182.34,197.5179,False
663953,00003523,208.12,218.8704,False
663957,00003523,71.78166666666667,92.1781,False
663963,00003494,118.52,120.9452,False
663965,00003727,115.59833333333333,161.5126,False
663969,00003727,146.24166666666667,163.2558,False
663976,00003494,156.015,158.1311,False
663983,00003727,160.54333333333335,174.3944,False
663984,00003727,160.625,176.4213,False
663986,00003727,148.77333333333334,163.0983,False
663987,00003727,153.61833333333334,166.3169,False
664000,00003494,58.39,55.1869,False
664005,00003494,77.63333333333334,82.0692,False
664008,00003494,91.76166666666667,98.3871,False
664012,00003494,69.03500000000001,78.24889999999999,False
664015,00003494,80.49833333333332,88.39160000000001,False
664016,00003494,81.30666666666666,89.25789999999999,False
664020,00003494,80.58,88.4808,False
664021,00003494,86.98333333333333,95.3947,False
664025,00003494,88.98833333333333,97.5662,False
664026,00003494,99.14333333333335,99.18289999999999,False
664027,00003494,87.49499999999999,95.9486,False
664032,00003494,80.87833333333333,63.5107,False
664033,00003494,82.10333333333332,64.0634,False
664034,00003494,77.23666666666666,61.1646,False
664038,00003494,81.51666666666667,65.76469999999999,False
664039,00003494,95.48833333333333,86.5484,False
664044,00003494,133.70833333333334,100.0768,False
664045,00003494,138.62166666666664,103.3445,False
664048,00003494,141.435,103.8931,False
664050,00011775,99.83,91.2852,False
664052,00011775,108.34166666666667,96.9498,False
664058,00003494,90.98166666666665,70.4982,False
664062,00003494,94.14,72.5277,False
664085,00003494,137.19333333333333,113.9633,False
664086,00003494,138.23166666666665,114.65310000000001,False
664091,00003494,65.445,36.9591,False
664095,00003494,46.95166666666667,30.9637,False
664096,00003494,42.01166666666666,27.1769,False
664098,00003494,47.46666666666667,29.9941,False
664104,00003494,25.476666666666667,17.2853,False
664108,00003494,87.33666666666666,96.3334,False
664123,00003727,150.38166666666666,148.0726,False
664128,00003727,143.125,119.4341,False
664138,00003727,135.56833333333333,116.296,False
664139,00003727,140.77333333333334,118.45939999999999,False
664142,00003727,158.82999999999998,132.2579,False
664144,00003727,142.92666666666668,119.35210000000001,False
664151,00003727,135.755,116.374,False
664157,00003727,142.82833333333335,119.31160000000001,False
664159,00003727,156.87333333333333,131.44310000000002,False
664171,00003727,158.82999999999998,132.2579,False
664174,00003727,158.82999999999998,132.2579,False
664175,00003727,158.82999999999998,132.2579,False
664176,00003727,158.82999999999998,132.2579,False
664179,00003727,158.82999999999998,132.2579,False
664180,00003727,158.82999999999998,132.2579,False
664182,00003727,158.82999999999998,132.2579,False
664187,00003727,158.82999999999998,132.2579,False
664191,00003727,115.565,112.7529,False
664199,00003727,158.82999999999998,132.2579,False
664206,00003727,153.29500000000002,129.9578,False
664221,00003727,156.54166666666666,131.3198,False
664222,00003727,160.88,133.1267,False
664225,00003727,185.47166666666666,143.9705,False
664226,00003727,183.93666666666667,142.67929999999998,False
664231,00003727,197.05166666666668,148.11329999999998,False
664234,00003727,253.68166666666667,183.3437,False
664236,00003727,247.325,180.6959,False
664239,00003727,127.71000000000001,113.0266,False
664240,00003727,183.31333333333333,142.5349,False
664242,00003727,178.03,140.25060000000002,False
664243,00003727,175.53,139.2116,False
664246,00003727,158.82999999999998,132.2579,False
664249,00003523,22.243333333333332,22.799599999999998,False
664250,00003523,26.423333333333336,35.716699999999996,False
664251,00003727,279.71666666666664,297.856,False
664256,00003523,112.33333333333333,110.8457,False
664259,00003523,83.91333333333334,63.7722,False
664262,00003523,109.63333333333334,130.386,False
664263,00003523,107.01833333333335,126.19919999999999,False
664270,00003727,119.40333333333334,133.25420000000003,False
664274,00003523,69.16333333333334,51.622800000000005,False
664277,00003523,99.11833333333334,100.5977,False
664280,00003523,99.11833333333334,100.5977,False
664281,00003727,186.94666666666666,187.23270000000002,False
664285,00003727,235.92000000000002,220.8165,False
664287,00003727,241.40666666666667,186.4822,False
664581,00003523,39.95166666666667,42.3575,False
664582,00003523,7.795,5.713100000000001,False
664583,00003727,62.35333333333333,74.1775,False
664588,00003523,113.13833333333334,58.3083,False
665986,00020274,89.10666666666665,62.674,False
665988,00002161,443.425,619.8240999999999,False
665996,00000210,1739.9183333333335,152.1286,False
665997,00000066,0.0,0.0,False
666001,00002161,441.8283333333333,616.3942,False
666128,00003494,31.38,32.6119,False
666132,00003494,33.085,38.3762,False
668224,00003727,8.055,3.3404000000000003,False
669159,00003494,140.70333333333335,112.05980000000001,False
672909,00003494,23.111666666666668,32.3078,False
672910,00003494,22.058333333333334,30.818900000000003,False
672914,00003494,71.78,54.4242,False
672920,00003494,23.83833333333333,29.4515,False
673613,00003727,48.961666666666666,57.0623,False
673616,00003727,88.65166666666667,61.2413,False
674018,00003727,114.57666666666667,112.0954,False
674156,00003655,19.30666666666667,9.5587,False
674160,00003754,87.31,94.5145,False
674161,00003754,88.68166666666666,95.08239999999999,False
674270,00003494,145.44666666666666,119.1961,False
674271,00003494,154.36833333333334,117.2444,False
674272,00003494,167.83333333333334,139.0334,False
674275,00003494,165.35166666666666,140.7247,False
674276,00003494,157.63500000000002,135.5888,False
674281,00003494,118.14333333333335,103.467,False
674286,00003727,77.39833333333333,86.2637,False
674298,00003523,69.475,40.1492,False
674402,00003727,29.065,40.9624,False
674435,00003727,118.08333333333333,116.9507,False
674639,00003494,74.955,71.9723,False
674642,00003494,84.87833333333333,82.74560000000001,False
674644,00003494,74.955,71.9723,False
674648,00003494,85.33833333333334,82.9369,False
674650,00003727,158.82999999999998,132.2579,False
674651,00003727,183.93666666666667,142.67929999999998,False
674667,00003754,85.99499999999999,93.00789999999999,False
674943,00003727,95.44666666666667,99.3597,False
674944,00003727,95.6,99.4623,False
674947,00003727,120.87666666666668,74.5867,False
674950,00003727,123.33833333333334,75.6106,False
675043,00003727,29.053333333333335,40.9453,False
675044,00003727,29.029999999999998,40.9133,False
675159,00003727,147.48333333333332,151.0966,False
675163,00003727,123.57333333333332,130.0036,False
675165,00003727,76.78666666666666,86.8596,False
675169,00003727,110.325,121.4229,False
675212,00003727,78.73666666666666,90.8009,False
675231,00003727,58.89833333333333,48.8814,False
675317,00003494,39.59166666666667,36.023300000000006,False
675319,00003494,40.013333333333335,36.397400000000005,False
675321,00003494,58.36666666666667,55.1608,False
675322,00003494,58.36666666666667,55.1608,False
675353,00003494,156.63500000000002,125.6524,False
675378,00003727,123.26833333333335,75.5815,False
675437,00003494,120.67,105.0,False
675501,00003727,83.90666666666667,91.6875,False
675511,00003727,20.55666666666667,21.6384,False
675622,00003727,82.35166666666667,58.620400000000004,False
675623,00003727,94.12333333333332,101.0192,False
675624,00003727,121.21166666666666,119.0247,False
675739,00003727,21.53666666666667,30.3457,False
675741,00003727,20.970000000000002,29.5492,False
675848,00003523,112.93,111.2432,False
675850,00003523,126.59166666666667,112.0245,False
675851,00003523,75.83833333333334,77.0059,False
675853,00003523,47.245,54.450300000000006,False
675868,00003523,97.195,103.43730000000001,False
675874,00003523,122.00666666666666,142.0472,False
675877,00003523,109.21666666666667,129.9323,False
675879,00003523,108.985,129.6808,False
675934,00003727,61.61,49.9965,False
675936,00003727,78.99499999999999,57.232099999999996,False
676133,00003727,99.40333333333334,105.7254,False
676135,00003727,68.28166666666667,74.9872,False
676501,00003727,70.36166666666666,98.95639999999999,False
676502,00003727,123.75,130.12189999999998,False
676504,00003727,114.095,123.4202,False
676505,00003727,108.775,120.39,False
676506,00003727,114.07333333333332,123.4111,False
676512,00003727,84.68,81.8101,False
676516,00003727,135.09666666666666,122.396,False
676518,00003727,186.97333333333333,143.96179999999998,False
676522,00003727,183.93666666666667,142.67929999999998,False
676526,00003523,9.646666666666667,13.261299999999999,False
676531,00003523,19.403333333333332,26.3893,False
676537,00003523,47.43333333333333,49.288,False
676649,00003727,83.125,107.66239999999999,False
676652,00003494,236.14166666666668,187.5639,False
676656,00003727,274.72666666666663,295.7815,False
676662,00003523,39.669999999999995,34.0852,False
676822,00003494,94.15,60.7105,False
676823,00003494,96.24333333333334,66.7761,False
676826,00003494,96.24333333333334,66.7761,False
676827,00003494,86.50166666666668,55.781699999999994,False
676832,00003727,85.66666666666667,59.9989,False
676851,00003727,114.58,112.0972,False
676894,00003727,75.21499999999999,91.4332,False
676900,00003523,145.54,118.1824,False
677024,00037376,131.74666666666667,112.2993,False
677087,00037376,68.50500000000001,43.850199999999994,False
677089,00037376,61.805,39.759800000000006,False
677094,00008154,8.37,5.363899999999999,False
677111,00003727,123.57333333333332,130.0036,False
677114,00003727,123.77166666666668,130.1358,False
677115,00003494,81.98166666666665,52.3753,False
677119,00003494,104.98666666666666,72.6551,False
677125,00003494,94.08500000000001,65.339,False
677127,00003494,87.805,62.0449,False
677129,00003494,82.82833333333333,59.9724,False
677142,00003727,94.12333333333332,101.0192,False
677143,00003727,114.58,112.0972,False
677151,00003727,109.48833333333333,111.2282,False
677318,00003523,208.07999999999998,218.844,False
677322,00003494,158.86499999999998,153.8896,False
677359,00011775,137.91833333333335,103.2819,False
677362,00011775,3.3216666666666668,3.6805,False
677365,00011775,3.7800000000000002,4.0425,False
677369,00003494,36.61,23.2351,False
677372,00003494,54.45,36.4175,False
677376,00003494,63.82666666666667,45.820800000000006,False
677379,00003494,18.458333333333332,17.6352,False
677414,00003494,192.12333333333333,161.0616,False
677416,00003494,250.59,198.986,False
677418,00003494,254.505,201.4156,False
677423,00003494,277.83,217.10389999999998,False
677435,00003727,53.669999999999995,74.212,False
677581,00003494,137.91833333333335,128.6585,False
677584,00003494,156.19833333333332,154.0016,False
677589,00003494,146.3383333333333,134.0962,False
677596,00003727,132.27166666666668,179.7071,False
677691,00003727,89.84166666666667,61.7374,False
677694,00003727,119.85333333333332,115.6082,False
677698,00003494,173.04666666666665,135.771,False
677699,00003494,159.41,127.7758,False
677701,00037376,219.12833333333336,178.6536,False
677702,00003494,204.32666666666668,162.271,False
677799,00003494,265.8283333333333,199.8966,False
677864,00037376,138.17000000000002,117.6953,False
677905,00003727,212.37,199.2241,False
677908,00003727,136.17333333333332,138.5194,False
677915,00003727,207.80499999999998,210.0839,False
677937,00003523,164.95,152.4027,False
677942,00003523,66.315,52.227599999999995,False
678029,00037376,165.725,141.20829999999998,False
678030,00037376,165.725,141.20829999999998,False
678033,00037376,136.31333333333333,114.5916,False
678109,00003727,44.2,49.1401,False
678113,00003494,247.58666666666667,203.6824,False
678114,00003494,262.2,211.60920000000002,False
678116,00003727,274.31166666666667,271.9838,False
678117,00003494,259.7083333333333,210.28379999999999,False
678292,00003523,21.926666666666666,20.3782,False
678293,00003523,12.305,13.6677,False
678341,00003523,53.50833333333333,50.402699999999996,False
678344,00003523,53.50833333333333,50.402699999999996,False
678347,00003523,112.38000000000001,82.7019,False
678377,00003494,29.256666666666668,19.7494,False
678565,00011775,148.80166666666668,115.36439999999999,False
678566,00003494,148.96,107.3057,False
678568,00003494,105.94,81.91969999999999,False
678569,00003494,106.14,81.788,False
678573,00003494,39.16166666666666,36.1136,False
678857,00003727,95.49666666666667,94.6515,False
678869,00003727,147.515,151.1097,False
678870,00003727,147.515,151.1097,False
678877,00003727,147.515,151.1097,False
679107,00003494,41.615,56.3663,False
679110,00003494,155.79333333333335,125.3506,False
679112,00003494,160.52,128.4757,False
679119,00003727,65.825,75.2799,False
679120,00003727,26.673333333333336,34.775800000000004,False
679215,00003727,7.371666666666667,8.2854,False
679217,00003727,35.22833333333333,40.6174,False
679235,00037376,176.76166666666668,144.3281,False
679236,00037376,148.77166666666665,125.6789,False
679240,00037376,160.06833333333333,133.2241,False
679244,00037376,184.07666666666668,144.3522,False
679245,00037376,158.26666666666668,132.0238,False
679253,00003727,97.21166666666666,86.4319,False
679258,00003727,147.41833333333335,151.0696,False
679259,00003727,105.765,120.76219999999999,False
679445,00003523,64.44,50.356300000000005,False
679446,00003727,79.10833333333333,91.1107,False
679455,00003727,123.5,128.1602,False
679593,00003523,102.805,54.0057,False
679594,00003727,61.87,56.4829,False
679596,00003523,104.18666666666667,54.5803,False
679597,00003727,58.255,54.9758,False
679598,00003523,103.21666666666667,54.1779,False
679600,00003523,104.00666666666666,54.5051,False
679601,00003523,102.805,54.0057,False
679603,00003727,17.513333333333332,19.616799999999998,False
679618,00037376,154.035,129.184,False
679619,00037376,163.67333333333332,121.7444,False
679620,00037376,155.08333333333334,129.887,False
679634,00003727,14.338333333333333,20.2037,False
679636,00003727,13.958333333333334,19.666900000000002,False
679640,00003727,76.71000000000001,60.6313,False
679641,00003727,116.68333333333334,77.18130000000001,False
679656,00003523,55.91166666666666,44.8621,False
679657,00003523,66.08,48.375800000000005,False
679670,00003727,87.08,99.3742,False
680006,00003727,115.565,112.7529,False
680009,00003727,156.41333333333333,131.2523,False
680020,00003523,76.975,52.8391,False
680030,00003727,147.53833333333333,141.8664,False
680035,00003523,27.55666666666667,32.4481,False
680047,00003727,162.255,205.1634,False
680048,00003727,158.89666666666665,209.2476,False
680051,00003727,148.14666666666665,194.05110000000002,False
680052,00003727,146.54166666666666,192.98620000000003,False
680071,00003727,139.21,86.5443,False
680119,00003727,144.63666666666668,190.0549,False
680249,00008154,56.585,46.3675,False
680251,00037376,69.105,45.1425,False
680355,00002161,172.63333333333333,224.12810000000002,False
680359,00002161,169.05166666666668,225.5175,False
680360,00037376,137.59666666666666,118.24310000000001,False
680383,00010777,40.23166666666667,42.7008,False
680388,00010777,156.91666666666666,210.78910000000002,False
680392,00003754,451.72999999999996,389.9277,False
680417,00003494,118.36,108.67389999999999,False
680438,00015230,21.19,17.2501,False
680444,00002161,121.67666666666668,96.31269999999999,False
680477,00002161,143.76833333333335,141.6629,False
680490,00016148,55.24166666666667,47.3964,False
680492,00002161,221.25666666666666,269.1603,False
680502,00002161,255.985,208.644,False
680536,00002161,179.275,170.6209,False
680537,00010777,36.013333333333335,48.2656,False
680970,00003792,68.28833333333334,47.4144,False
680977,00003523,109.775,80.9725,False
680978,00037376,140.35666666666665,116.7397,False
680984,00003494,30.02,23.637,False
680992,00003494,194.14833333333334,155.4926,False
680993,00003494,135.90833333333333,116.7295,False
680994,00003655,184.255,153.2502,False
681002,00003494,217.68166666666667,181.47670000000002,False
681006,00003494,213.82999999999998,178.41039999999998,False
681008,00003494,236.28333333333333,194.64679999999998,False
681014,00003727,254.88166666666666,187.1763,False
681015,00003727,254.88166666666666,187.1763,False
681016,00003727,222.89833333333334,170.6716,False
681017,00003727,237.94333333333333,185.5241,False
681020,00003727,213.395,226.8544,False
681023,00003727,262.9766666666667,196.34189999999998,False
681024,00003727,116.41000000000001,94.359,False
681028,00003523,56.3,53.8264,False
681040,00003494,20.96833333333333,25.097900000000003,False
681044,00003523,116.01666666666667,84.21889999999999,False
681051,00003494,117.00333333333333,77.1995,False
681053,00003494,102.61333333333333,105.07419999999999,False
681170,00037783,346.0833333333333,312.5431,False
681178,00020274,81.35,57.5077,False
681184,00011409,4922.591666666666,415.9765,False
681186,00000066,0.0,0.0,False
681196,00011409,3865.8733333333334,325.1849,False
681199,00011409,4928.67,418.5697,False
681211,00011409,2205.233333333333,184.65179999999998,False
681213,00037783,136.195,85.39160000000001,False
681233,00000001,56.57833333333333,36.3961,False
681235,00000066,11.84,6.3898,False
681800,00003754,75.33,89.5423,False
681816,00003523,90.185,48.768,False
681867,00003494,57.22,53.9215,False
681988,00000001,81.115,53.4968,False
682171,00003523,64.78166666666667,50.582699999999996,False
682210,00003770,67.125,47.9144,False
682222,00003655,102.61833333333334,102.39489999999999,False
682238,00010723,24.265,21.9351,False
682254,00000210,1739.9183333333335,152.1286,False
682284,00010777,41.54333333333333,42.4448,False
682296,00002161,131.46833333333333,141.5518,False
682307,00002161,102.61333333333333,93.4618,False
682316,00003754,71.105,68.35260000000001,False
682329,00000066,0.0,0.0,False
682334,00000210,1729.4266666666667,147.7693,False
682342,00003792,46.02333333333333,35.485,False
682351,00002021,37.833333333333336,39.993199999999995,False
682638,00011409,4927.673333333334,418.1921,False
682658,00002161,467.335,616.1188000000001,False
682692,00000001,74.37333333333332,55.9107,False
682696,00011409,4922.591666666666,415.9765,False
682730,00031235,82.83333333333333,57.2787,False
682742,00020274,33.27,25.531200000000002,False
682745,00010777,87.15166666666667,118.0612,False
682837,00003655,86.84333333333333,65.7492,False
682868,00003754,38.88,39.1652,False
682871,00003754,18.586666666666666,12.2912,False
682872,00003792,30.46833333333333,25.164900000000003,False
682939,00031235,109.55166666666668,64.2317,False
682940,00010777,116.135,122.6323,False
682942,00000001,3.3233333333333333,1.7615999999999998,False
682970,00012170,3.9633333333333334,1.5099,False
683012,00000001,126.58333333333333,101.05069999999999,False
683013,00031235,126.73833333333333,135.7176,False
683015,00003655,3.0966666666666667,1.3627,False
683032,00000001,86.24833333333332,70.81230000000001,False
683071,00000001,6.7716666666666665,3.9816,False
683162,00014092,5.21,2.2365999999999997,False
683164,00014092,4.241666666666666,1.838,False
683168,00014092,4.8149999999999995,2.9793000000000003,False
683177,00012918,4.086666666666667,1.9154,False
683178,00012918,5.803333333333333,3.1509,False
683179,00002084,6.65,4.560899999999999,False
683252,00031235,72.53,61.0057,False
683297,00031235,152.12833333333336,101.70830000000001,False
683343,00010723,15.178333333333335,12.225299999999999,False
683346,00013494,4.838333333333334,2.6261,False
683347,00013494,3.7550000000000003,2.1411,False
683349,00012953,6.755,4.192,False
683360,00020274,97.85166666666667,67.79310000000001,False
683404,00010777,35.22833333333333,35.806,False
683415,00016363,4.036666666666666,2.7266999999999997,False
683417,00010777,46.276666666666664,62.0681,False
683420,00031235,42.13666666666666,35.0376,False
683427,00020274,57.88333333333333,41.926,False
683428,00020274,48.09166666666667,35.4074,False
683433,00020274,92.22666666666667,64.7514,False
683435,00020274,84.30666666666666,59.4735,False
683438,00020274,95.99166666666666,67.2567,False
683448,00020274,77.045,54.641,False
683482,00020274,81.35,57.5077,False
683483,00020274,81.35,57.5077,False
683492,00002161,467.8183333333333,616.2855999999999,False
683682,00010723,18.03166666666667,18.1904,False
683687,00010723,69.66000000000001,65.9965,False
683748,00000210,1739.9183333333335,152.1286,False
683794,00037376,55.55166666666666,35.6163,False
683798,00003655,0.9966666666666666,0.5546,False
683804,00037376,3.941666666666667,1.8222,False
683931,00011409,2205.588333333333,184.78529999999998,False
683975,00003523,210.49833333333333,161.72310000000002,False
683979,00003727,21.748333333333335,29.1822,False
683986,00031235,129.645,77.4937,False
684000,00003727,21.433333333333334,29.0499,False
684046,00003655,207.52833333333334,162.88639999999998,False
684092,00031235,170.72666666666666,153.184,False
684109,00010777,96.06,133.4171,False
684134,00000162,217.02833333333334,149.34720000000002,False
684159,00031235,167.36666666666667,112.6006,False
684172,00002161,248.035,205.3279,False
684191,00002021,2.6966666666666668,1.7715,False
684192,00010777,2.6966666666666668,1.7782,False
685944,00035125,54.67666666666666,34.9007,False
685947,00011775,14.666666666666666,11.932799999999999,False
685954,00011775,123.26666666666667,101.9085,False
685958,00008154,28.378333333333334,21.8968,False
685960,00008154,23.483333333333334,23.0843,False
685961,00037376,25.466666666666665,15.6304,False
685964,00008154,53.67166666666667,44.43,False
685965,00037376,69.105,45.1425,False
685967,00037376,70.35,44.6839,False
685973,00011775,76.15,46.4456,False
685979,00037376,72.065,46.6911,False
685981,00037376,70.05666666666666,44.4972,False
685984,00008154,12.44,13.187,False
685985,00008154,9.075,5.6183000000000005,False
685988,00035125,8.083333333333334,3.8255,False
686007,00003494,153.0883333333333,116.71310000000001,False
686010,00003494,120.64666666666668,92.5405,False
686013,00003494,180.08666666666667,144.3246,False
686018,00003494,142.52,121.8691,False
686020,00003494,119.76833333333335,103.5338,False
686022,00003494,107.33833333333334,97.4399,False
686023,00003494,112.10833333333333,99.97319999999999,False
686027,00003494,118.75833333333334,103.2095,False
686032,00003494,159.93333333333334,131.2475,False
686040,00003727,164.715,128.3917,False
686049,00003494,58.36666666666667,55.1608,False
686053,00003727,147.515,151.1097,False
686054,00003727,107.57333333333332,112.88189999999999,False
686056,00003727,106.68333333333334,112.51289999999999,False
686057,00003727,104.83166666666666,111.742,False
686064,00003727,100.56666666666666,109.97019999999999,False
686069,00003655,5.955,2.5544000000000002,False
686073,00003655,198.785,159.2812,False
686076,00003655,7.026666666666667,5.714899999999999,False
686079,00003770,50.78666666666666,26.8535,False
686083,00003754,79.83333333333333,90.44539999999999,False
686084,00003754,93.98166666666665,97.289,False
686086,00003770,115.03833333333334,71.5885,False
686087,00003770,100.17,65.4071,False
686091,00003655,62.86666666666667,62.159,False
686094,00003655,59.635,59.285599999999995,False
686101,00003655,211.36833333333334,168.6089,False
686108,00003655,46.80166666666666,47.636300000000006,False
686114,00003792,2.378333333333333,1.2181,False
686131,00003792,72.83833333333334,50.4155,False
686133,00003754,71.22,62.8069,False
686135,00003754,50.575,45.2579,False
686143,00003754,65.89666666666668,60.4537,False
686147,00003754,68.95,68.2764,False
686154,00003727,1.9066666666666667,1.5304,False
686155,00003727,2.256666666666667,1.4199000000000002,False
686170,00003727,129.41833333333335,124.743,False
686172,00003727,67.06833333333333,94.3009,False
686176,00003727,88.91000000000001,100.7685,False
686180,00003523,31.876666666666665,39.3365,False
686183,00003727,91.42166666666667,101.8131,False
686185,00003727,278.2433333333333,274.6134,False
686190,00003494,232.52833333333334,187.02360000000002,False
686193,00003727,213.68833333333333,227.49579999999997,False
686194,00003727,286.35999999999996,280.0252,False
686202,00003494,260.82666666666665,205.7806,False
686206,00003494,283.87666666666667,216.92,False
686207,00003727,105.13000000000001,112.8343,False
686212,00003494,245.28833333333333,201.84320000000002,False
686213,00003494,242.61666666666667,199.7055,False
686214,00003727,19.363333333333333,27.2822,False
686221,00003727,50.885,45.561099999999996,False
686223,00003727,59.825,49.2663,False
686227,00003727,56.22166666666667,47.7355,False
686229,00003727,94.49166666666666,98.7247,False
686231,00003727,66.10666666666667,51.873599999999996,False
686235,00003727,64.95666666666666,60.720699999999994,False
686239,00003727,64.21833333333333,51.0897,False
686241,00003727,74.355,55.2942,False
686243,00003727,47.348333333333336,56.3924,False
686244,00003727,64.04166666666667,60.3395,False
686245,00003727,114.61166666666666,112.11880000000001,False
686249,00003727,115.725,112.8595,False
686251,00003727,100.06,65.9833,False
686255,00003727,249.14166666666668,194.6867,False
686257,00003727,223.03166666666667,215.41410000000002,False
686259,00003727,215.42999999999998,155.7426,False
686262,00003727,260.8283333333333,195.4493,False
686263,00003727,201.73999999999998,146.95839999999998,False
686270,00003727,192.36333333333332,141.37279999999998,False
686276,00003727,111.31333333333333,92.2551,False
686279,00003727,8.26,11.6212,False
686281,00003727,90.34166666666667,66.2374,False
686284,00003727,183.61499999999998,142.7343,False
686288,00003727,156.41333333333333,131.2523,False
686296,00003727,79.31833333333334,111.4729,False
686297,00003727,122.61333333333333,112.8972,False
686302,00003727,151.01000000000002,144.128,False
686304,00003727,63.093333333333334,70.68010000000001,False
686308,00003727,92.79833333333333,105.2098,False
686310,00003727,93.24333333333334,103.6822,False
686313,00003727,79.72166666666666,92.84710000000001,False
686314,00003727,79.875,91.9233,False
686317,00003727,78.86666666666666,91.6336,False
686318,00003523,66.68333333333334,38.9891,False
686321,00003523,17.691666666666666,16.5872,False
686324,00003523,45.155,45.212900000000005,False
686327,00003523,42.24666666666667,43.2809,False
686335,00003523,42.394999999999996,43.379599999999996,False
686339,00003523,37.91,39.662699999999994,False
686346,00003523,43.53,42.502,False
686348,00003523,43.126666666666665,42.0993,False
686351,00003727,179.15333333333334,191.3616,False
686357,00003727,170.89333333333335,180.5609,False
686359,00003523,48.651666666666664,58.3153,False
686362,00003523,50.166666666666664,57.5874,False
686366,00003523,112.40666666666667,101.25739999999999,False
686367,00003523,114.43,102.6735,False
686372,00003523,68.16666666666667,53.4576,False
686378,00003523,53.50833333333333,50.402699999999996,False
686381,00003523,98.05833333333334,118.4638,False
686384,00003523,166.97166666666666,153.755,False
686386,00003523,111.08999999999999,129.3621,False
686391,00003727,116.67333333333333,163.0314,False
686397,00003727,164.01833333333335,173.2308,False
686398,00003727,166.11499999999998,174.6251,False
686401,00003494,56.656666666666666,38.8891,False
686402,00003494,99.10166666666667,99.16560000000001,False
686411,00003494,114.20333333333333,112.76660000000001,False
686417,00003494,11.553333333333335,13.482700000000001,False
686421,00003494,47.480000000000004,43.3889,False
686425,00037376,178.27833333333334,157.0097,False
686429,00003494,109.86666666666666,84.61189999999999,False
686432,00003494,93.485,72.09219999999999,False
686435,00003494,124.24666666666667,105.42280000000001,False
686436,00003494,50.568333333333335,36.5766,False
689860,00000066,0.0,0.0,False
689863,00000066,0.0,0.0,False
689880,00037783,24.240000000000002,23.3315,False
689883,00020274,97.74333333333334,68.1183,False
689886,00020274,47.263333333333335,34.8558,False
689890,00020274,78.99666666666667,55.9386,False
689895,00020274,97.80833333333334,68.1672,False
689897,00020274,57.083333333333336,41.352,False
689904,00000210,864.8349999999999,76.1762,False
689906,00000210,867.7716666666668,77.38669999999999,False
689907,00000210,859.2033333333333,73.91369999999999,False
689912,00000001,81.115,53.4968,False
689914,00000001,81.115,53.4968,False
689935,00011409,3859.6583333333333,322.5409,False
689937,00000001,126.58333333333333,101.05069999999999,False
689941,00000162,0.0,0.0,False
689948,00037783,255.46166666666667,246.7547,False
689950,00037783,303.96500000000003,268.3941,False
689957,00037783,169.1,157.7113,False
689977,00002161,441.8283333333333,616.3942,False
689987,00002161,443.425,619.7011,False
689994,00002161,443.425,619.8240999999999,False
689998,00002161,443.425,619.8240999999999,False
690406,00012953,13.483333333333333,15.117799999999999,False
690416,00010777,50.24166666666667,58.768,False
690420,00031235,83.88000000000001,65.3084,False
690424,00010777,40.730000000000004,53.1076,False
690427,00010777,51.81166666666666,62.3437,False
690432,00010777,190.14833333333334,243.2593,False
690436,00010777,174.03333333333333,234.8801,False
690439,00010777,179.41,240.6885,False
690444,00031235,80.48166666666665,56.2504,False
690450,00031235,113.89833333333333,67.9909,False
690451,00031235,117.05333333333333,70.0885,False
690454,00031235,114.025,103.4286,False
690461,00031235,68.73833333333333,37.770199999999996,False
690463,00031235,86.46333333333334,44.2695,False
690466,00031235,22.85666666666667,17.14,False
690473,00010777,143.42833333333334,176.9326,False
690475,00010777,128.74666666666667,168.275,False
690478,00031235,120.89333333333335,127.097,False
690495,00031235,126.05666666666666,85.7049,False
690496,00010777,127.03666666666666,129.78810000000001,False
690500,00031235,82.31666666666666,56.9141,False
690510,00010777,102.81166666666667,129.8867,False
690513,00002161,161.07333333333332,133.4314,False
690515,00002161,168.22,178.4472,False
690519,00002161,171.04833333333332,226.9023,False
690522,00002161,220.845,194.0377,False
690524,00002161,131.015,135.4667,False
690528,00031235,22.85666666666667,17.14,False
690534,00002161,30.696666666666665,39.4084,False
690535,00031235,23.759999999999998,19.2894,False
690551,00016148,20.73,25.5371,False
690559,00011396,7.913333333333333,5.16,False
692160,00011775,45.38333333333333,44.641,False
692164,00037376,148.64166666666668,136.1405,False
692168,00003494,160.715,131.439,False
692174,00003792,26.46833333333333,22.505599999999998,False
692180,00003523,37.74,45.259699999999995,False
692183,00003727,118.2,126.692,False
692188,00003494,268.7916666666667,201.1351,False
692190,00003494,210.5,173.105,False
692196,00003727,158.82999999999998,132.2579,False
692204,00003523,147.31833333333333,139.1466,False
692207,00003523,148.86499999999998,139.7896,False
692484,00002161,443.425,619.7011,False
692505,00010723,50.71,53.307199999999995,False
692506,00010777,164.10333333333335,205.475,False
242058,00000210,274.5,183.02,True
681798,00000210,436.6,291.03,True
515837,00000210,308.8,205.86,True
250713,00000210,687.8,458.56,True
519579,00000210,310.6,207.09,True
517023,00000210,300.3,200.19,True
114441,00000210,240.4,160.29,True
653777,00000210,231.1,154.08,True
652938,00000210,517.5,345.02,True
537245,00000066,472.0,314.67,True
620433,00000210,772.6,515.09,True
555943,00000210,273.7,182.49,True
654107,00000210,345.4,230.3,True
620867,00000210,728.4,485.61,True
653774,00000210,512.8,341.85,True
681189,00000210,663.4,442.28,True
651160,00000210,454.0,302.64,True
655680,00000066,746.9,497.95,True
545108,00000210,527.9,351.95,True
666000,00000210,453.8,302.51,True
689916,00000210,512.8,341.85,True
223388,00000066,532.0,354.66,True
231521,00000210,301.0,200.65,True
522914,00000210,635.0,423.32,True
553616,00000210,326.2,217.49,True
654102,00000210,252.5,168.35,True
551627,00000210,593.1,395.42,True
115975,00000210,332.0,221.33,True
626363,00000210,467.2,311.49,True
654997,00000210,271.3,180.85,True
519428,00000210,312.2,208.16,True
210228,00000066,529.9,353.25,True
111735,00000210,314.7,209.81,True
682637,00000210,560.7,373.81,True
543095,00000210,461.0,307.31,True
535089,00000210,308.9,205.92,True
681799,00000210,360.1,240.08,True
130576,00000210,288.1,192.08,True
111235,00000210,540.6,360.41,True
512993,00000210,348.0,232.02,True
689984,00000210,456.0,304.0,True
115439,00000210,281.0,187.34,True
520900,00000210,264.7,176.44,True
524038,00000210,217.7,145.16,True
654870,00000210,693.6,462.4,True
212730,00000210,280.6,187.04,True
690007,00000210,522.6,348.41,True
652070,00000210,713.9,475.96,True
246538,00000210,610.3,406.86,True
250725,00000210,297.0,197.98,True
130912,00000210,398.1,265.39,True
527602,00000210,367.0,244.69,True
213225,00000210,409.4,272.91,True
654952,00000210,450.8,300.51,True
684157,00000210,547.0,364.65,True
551164,00000210,296.8,197.87,True
690004,00000210,670.8,447.23,True
622842,00000210,194.3,129.51,True
129636,00000210,642.4,428.25,True
218059,00000066,584.2,389.46,True
238992,00000210,249.1,166.05,True
221836,00000066,505.1,336.74,True
654859,00000066,736.0,490.67,True
689915,00000066,672.6,448.37,True
513812,00000210,363.9,242.62,True
250302,00000066,725.6,483.76,True
545925,00000210,303.4,202.24,True
113021,00000066,750.3,500.21,True
612146,00000210,631.5,421.01,True
129759,00000210,561.4,374.25,True
223119,00000210,309.3,206.22,True
229622,00000066,481.2,320.77,True
653282,00000210,454.0,302.68,True
653785,00000210,531.6,354.37,True
243668,00000210,367.5,245.01,True
611276,00000210,340.0,226.64,True
625283,00000210,663.3,442.23,True
623952,00000066,525.6,350.4,True
250541,00000210,290.9,193.9,True
653855,00000210,450.5,300.32,True
113616,00000210,299.1,199.38,True
617496,00000210,573.5,382.31,True
682657,00000210,456.1,304.09,True
530738,00000210,325.0,216.64,True
242445,00000210,571.4,380.9,True
542232,00000210,296.7,197.78,True
690005,00000210,650.7,433.8,True
624282,00000210,281.5,187.7,True
681195,00000210,308.2,205.46,True
514384,00000210,213.4,142.28,True
532340,00000210,202.5,135.01,True
541599,00000210,195.9,130.58,True
122971,00000210,303.3,202.23,True
237622,00000210,585.2,390.11,True
228145,00000066,542.6,361.74,True
246883,00000210,331.8,221.22,True
546631,00000210,248.6,165.71,True
538998,00000066,729.1,486.07,True
